#{"t_start": 1631288603.5605657, "env_id": "ScratchItchJacoHuman-v1"}
r,l,t
-31.32096,200,4.317045
198.80552,200,6.29813
-66.087716,200,8.380125
-17.087065,200,10.422791
-8.331998,200,12.484671
145.096116,200,22.254493
86.828202,200,24.34677
-31.508562,200,26.455995
1.272366,200,36.733194
132.901851,200,38.856715
-64.991733,200,50.181313
100.851701,200,52.188967
-38.889382,200,54.302723
-33.239905,200,56.446061
-36.128398,200,58.470305
106.862382,200,60.641742
-18.087481,200,62.813111
250.414064,200,65.111165
62.859932,200,67.299513
54.197725,200,69.374619
167.899746,200,72.640317
161.91856,200,74.774375
-32.258483,200,76.784907
-4.909412,200,87.665153
-31.137147,200,90.06397
144.150808,200,92.225435
137.303174,200,94.285907
68.798305,200,104.302013
72.464174,200,106.40219
-19.9507,200,108.391116
-25.297608,200,119.684504
89.821901,200,121.895946
89.151265,200,124.034869
-29.169284,200,126.313474
-29.560598,200,136.952798
80.007977,200,139.144604
64.903626,200,145.865302
-27.329203,200,147.969467
12.403382,200,150.129129
121.556203,200,152.446985
86.636613,200,155.797316
-22.86192,200,157.788179
79.44163,200,159.985387
97.799992,200,170.192625
-14.608972,200,172.644306
-8.727787,200,174.837664
81.331983,200,177.076816
-42.37007,200,179.280286
-28.684981,200,181.519563
151.046479,200,184.88647
-15.621084,200,187.211643
155.766463,200,190.593081
113.067465,200,192.692356
-26.228883,200,200.581023
113.464677,200,202.824802
219.230324,200,205.083342
112.445328,200,207.145126
-36.894292,200,217.5357
96.129928,200,228.031512
-99.06951,200,230.179038
-22.338154,200,232.43786
-35.954162,200,235.771566
3.840901,200,237.99486
151.046526,200,240.122415
208.246159,200,242.303318
219.995522,200,244.477112
177.640996,200,255.307625
67.500393,200,257.540923
-29.385895,200,259.918279
59.372508,200,270.746705
-17.558536,200,281.17337
133.41284,200,284.641187
-14.183369,200,286.836085
265.55506,200,289.114228
102.086489,200,291.40937
14.419672,200,293.710405
97.666325,200,295.91117
-22.115255,200,298.174208
-35.651009,200,300.409514
134.519803,200,302.523095
15.6483,200,304.787208
41.50277,200,308.109301
139.83956,200,310.43364
164.722228,200,312.919674
-37.388922,200,315.324395
233.899465,200,317.55653
107.604142,200,319.819628
260.101272,200,322.030306
209.484445,200,324.257513
-43.123801,200,326.417517
-179.400921,200,337.476079
128.928798,200,339.700074
-71.940545,200,351.596931
140.995983,200,353.971719
66.91998,200,356.535362
64.730262,200,359.030995
55.623925,200,361.239251
98.187337,200,372.462015
-18.847433,200,374.678647
158.742911,200,376.86064
183.960671,200,379.325744
19.519654,200,390.452892
38.984656,200,393.76938
-5.275421,200,396.082974
249.769124,200,398.444305
-40.377435,200,400.791729
-29.292577,200,403.240239
83.477004,200,405.412617
124.964874,200,407.53955
195.178802,200,409.649367
-12.463379,200,411.884676
-177.79677,200,422.367694
182.012531,200,425.744266
122.043864,200,427.992757
200.261599,200,438.545725
239.58964,200,449.237387
58.22101,200,451.470395
-25.513121,200,453.592232
-27.934364,200,464.109919
84.911214,200,474.644878
61.257184,200,476.881202
55.760884,200,479.137052
-30.846589,200,482.581605
234.490484,200,484.787152
3.064067,200,486.930453
92.598066,200,489.138099
-43.103483,200,500.197783
-14.525726,200,502.406499
278.996109,200,514.104977
-12.43711,200,516.473417
159.09498,200,523.132085
79.624096,200,525.927922
54.616501,200,528.759136
-31.579477,200,542.955729
127.395653,200,545.375432
63.156953,200,547.774104
-34.208957,200,550.067825
111.976304,200,555.459987
-34.968023,200,557.897382
-9.310067,200,560.436532
169.123822,200,562.744664
-31.986685,200,574.305326
-0.317231,200,576.521533
48.135051,200,580.027513
60.290294,200,582.31656
-31.64697,200,584.71459
43.254715,200,587.058769
99.053212,200,589.375656
-31.112804,200,600.905885
247.71542,200,603.593301
65.34689,200,606.179395
-26.312916,200,608.639912
224.739463,200,619.88766
45.997612,200,623.679983
-21.952373,200,626.077095
50.307538,200,628.267346
91.942758,200,639.033568
88.94244,200,641.180585
-26.866001,200,643.553777
-70.090866,200,650.432463
148.755869,200,652.732988
-35.934071,200,654.962621
43.991384,200,657.194064
-33.980796,200,660.545931
-29.817287,200,662.703348
-20.028512,200,665.032067
-31.633957,200,667.232813
73.761393,200,669.568363
-46.041789,200,671.793868
-4.049615,200,674.138636
131.477022,200,685.443555
-31.657755,200,696.04174
113.269413,200,698.179941
98.27634,200,700.380567
128.177452,200,703.594653
127.305499,200,705.969807
-26.6293,200,708.328011
85.863296,200,710.551954
111.603692,200,712.824023
142.95699,200,715.119315
109.05113,200,717.228224
-64.049539,200,727.968099
223.502105,200,730.298787
-17.500428,200,732.538275
152.637171,200,735.902915
215.246483,200,738.130448
-94.4058,200,748.867011
97.694326,200,759.998118
-36.201533,200,762.287958
-17.035753,200,764.511905
-8.466686,200,775.217207
-48.784105,200,785.922642
140.363518,200,788.272842
-34.820936,200,799.003371
29.912394,200,810.980623
4.045873,200,821.627563
236.373348,200,823.868969
-20.235755,200,826.152422
50.146819,200,828.480572
49.599714,200,830.860861
126.825782,200,833.093773
80.363401,200,835.236086
128.811517,200,837.511871
-11.355806,200,839.876655
211.846822,200,843.336918
11.98382,200,845.572309
34.280112,200,847.878617
118.508004,200,850.040098
80.716625,200,852.286791
70.264822,200,854.489794
107.375769,200,856.76455
-22.189718,200,858.902078
142.305098,200,861.083787
62.581745,200,863.218892
-30.284652,200,865.682302
-43.76774,200,869.256557
58.352064,200,871.646076
-29.039748,200,873.891465
-40.881838,200,876.355991
66.721667,200,878.727637
-32.744721,200,881.032772
124.590006,200,883.471245
7.228867,200,885.587442
-28.833076,200,887.645769
76.604224,200,889.752476
107.810559,200,893.248621
-178.77138,200,904.121794
-31.154694,200,906.577659
70.697258,200,908.870449
54.698771,200,911.130263
-26.784448,200,913.656829
117.875622,200,924.487443
167.881499,200,926.714484
73.459549,200,937.203048
-48.930592,200,939.506752
-36.768866,200,942.849933
-31.461088,200,944.984995
117.842183,200,947.539484
40.898684,200,949.784053
94.134646,200,951.85301
250.204595,200,953.961504
105.489025,200,964.34387
38.035317,200,966.466269
-37.054891,200,968.605669
-38.219857,200,971.010771
13.324505,200,974.502343
108.266814,200,976.711532
148.954195,200,978.94861
162.625176,200,981.283832
-36.614203,200,983.439635
-0.189446,200,985.429926
97.828025,200,996.288206
215.887312,200,1007.312508
-29.203815,200,1009.79736
-75.034136,200,1012.092476
-21.123091,200,1014.386599
200.254853,200,1017.810912
26.829268,200,1020.061043
86.841515,200,1022.396327
-7.168796,200,1024.728392
-30.814993,200,1026.884112
98.758942,200,1029.096838
-12.991886,200,1031.385981
255.75448,200,1033.685965
-35.233745,200,1035.867542
-37.332873,200,1046.542594
-19.14942,200,1049.797153
38.391375,200,1051.674901
78.225404,200,1053.716761
-31.439439,200,1064.301739
0.573561,200,1066.45943
-32.253621,200,1068.665771
-100.397058,200,1079.591221
-15.91189,200,1090.40627
-48.525807,200,1092.783983
-20.502342,200,1095.02865
113.833779,200,1098.07595
-35.675799,200,1100.191571
138.810155,200,1102.315646
119.125715,200,1104.394197
35.491417,200,1106.502632
164.349488,200,1108.631003
102.946361,200,1110.666129
190.315612,200,1112.865918
-26.96351,200,1114.880178
62.949415,200,1124.913228
98.120735,200,1128.265204
7.256821,200,1130.345413
72.438552,200,1132.369452
-31.324042,200,1134.516694
-26.235886,200,1136.572942
-37.117668,200,1138.665428
249.220769,200,1140.884126
174.075067,200,1142.940516
152.645228,200,1153.13668
-11.152528,200,1155.306238
78.236091,200,1158.487888
115.329359,200,1168.448241
-47.539889,200,1170.635087
14.492282,200,1172.705779
175.50315,200,1174.849094
118.726129,200,1176.955054
177.812624,200,1178.985457
-45.817015,200,1181.402451
-35.159582,200,1183.548
18.038087,200,1185.650024
-16.964152,200,1187.633183
142.368898,200,1190.842182
-15.737647,200,1192.834651
158.920565,200,1194.974727
-23.668382,200,1197.057152
-36.482633,200,1199.145805
-36.140721,200,1201.196311
17.146473,200,1203.311927
48.671524,200,1205.332068
9.547761,200,1207.501111
-56.469158,200,1209.623418
262.157324,200,1212.880417
261.457632,200,1214.906422
111.095816,200,1216.914744
122.857991,200,1219.009433
-35.400077,200,1220.995698
115.679208,200,1223.070218
-88.963949,200,1225.143851
19.218456,200,1227.246686
28.531792,200,1229.336121
-2.701678,200,1231.547859
-26.668365,200,1234.781203
-57.374225,200,1236.865745
88.852526,200,1247.005124
31.198841,200,1249.101633
-14.231211,200,1251.285601
-12.828698,200,1253.442495
55.046171,200,1263.663396
44.172508,200,1265.734634
90.073984,200,1267.858933
29.079472,200,1270.01841
52.109162,200,1273.180237
56.152109,200,1275.276578
-54.404358,200,1279.428804
296.487001,200,1281.414688
157.202766,200,1283.413254
176.25435,200,1285.553559
-17.028631,200,1287.659549
-49.845944,200,1289.796958
48.867009,200,1291.945677
37.165457,200,1293.948404
65.05143,200,1296.100611
91.789189,200,1299.137218
63.437105,200,1301.240874
-35.628648,200,1311.882019
-10.620376,200,1322.503082
231.256151,200,1324.692556
-21.163182,200,1326.704279
-77.407853,200,1336.969414
205.514772,200,1340.479283
55.262096,200,1342.491932
-24.666279,200,1344.496943
79.472377,200,1347.694115
76.554811,200,1349.807623
-25.875784,200,1352.033034
-36.615661,200,1354.218249
-1.767551,200,1365.077403
173.659885,200,1367.297253
-35.395551,200,1369.304919
-55.560323,200,1379.36057
72.029137,200,1381.295702
55.471612,200,1383.283491
46.362903,200,1386.427148
5.622791,200,1388.392036
48.524223,200,1390.488576
137.706572,200,1392.484675
-32.586282,200,1394.641662
-1.348102,200,1405.13545
120.33804,200,1415.670267
-45.943408,200,1426.150152
65.665995,200,1428.327824
-33.626522,200,1430.443342
311.374213,200,1441.983985
-82.294085,200,1444.161114
-39.744147,200,1446.202905
85.202115,200,1448.16957
-22.992117,200,1450.237281
-14.680015,200,1452.339664
-35.970779,200,1454.308307
160.976643,200,1456.439465
122.472486,200,1458.641397
74.550283,200,1460.847593
-30.359232,200,1463.323169
97.285187,200,1466.746676
-19.866235,200,1468.957841
-23.964032,200,1471.041804
-32.783165,200,1473.225135
-37.06791,200,1475.643459
-35.128992,200,1477.765125
234.195277,200,1479.950146
-15.716416,200,1482.213103
-34.635309,200,1484.303119
-66.318764,200,1494.967382
16.688334,200,1498.337653
68.563148,200,1500.738837
-16.649806,200,1503.177969
107.528326,200,1505.544976
26.064726,200,1508.300846
5.60675,200,1510.676519
-14.249333,200,1521.0999
-35.926129,200,1523.32571
-31.533173,200,1525.561191
43.359741,200,1527.635113
-11.849868,200,1530.850011
-34.750645,200,1540.924179
-77.766382,200,1551.066416
114.002455,200,1553.075583
-30.232498,200,1555.094867
75.538353,200,1565.045492
225.628278,200,1567.147033
49.974767,200,1569.166751
164.288388,200,1571.199406
15.334382,200,1573.356963
-19.908745,200,1576.544164
47.803193,200,1586.480044
56.603605,200,1588.459581
-28.853227,200,1590.466551
104.362555,200,1600.57496
80.456415,200,1602.691172
53.65719,200,1604.803599
75.42199,200,1606.833156
220.025322,200,1608.908451
-37.949917,200,1610.98804
235.730322,200,1613.122183
117.361536,200,1616.283471
28.141056,200,1618.336894
-169.583245,200,1628.733206
118.490516,200,1630.907798
-34.174929,200,1633.059924
18.198246,200,1643.524418
52.939033,200,1645.56937
-51.851,200,1655.834924
123.388678,200,1658.005303
174.642863,200,1660.152533
-23.639787,200,1663.330225
75.600364,200,1665.394141
94.476602,200,1675.522164
-13.194512,200,1677.691302
-45.705311,200,1679.813488
163.230618,200,1681.967833
58.701918,200,1684.049634
224.560358,200,1686.250005
46.947464,200,1688.300964
51.839112,200,1690.390758
179.692838,200,1693.627996
-35.344224,200,1695.641876
100.875423,200,1697.701119
97.03476,200,1699.7137
124.391026,200,1701.84689
-31.555333,200,1703.877653
-38.128077,200,1705.982191
62.903051,200,1708.027289
-27.881031,200,1718.549411
66.062502,200,1722.177261
181.121626,200,1725.494208
191.190051,200,1727.596414
24.715715,200,1729.702976
225.843632,200,1731.953667
-25.398031,200,1734.26728
-34.530567,200,1736.502958
-5.995971,200,1738.746502
9.711794,200,1740.844097
54.735439,200,1743.069849
74.499276,200,1745.194526
148.797011,200,1747.414561
172.20826,200,1750.781864
3.821884,200,1752.852582
123.871448,200,1763.836114
52.347253,200,1765.965721
-8.606879,200,1768.085045
-34.784498,200,1770.212093
65.524088,200,1772.299423
97.633206,200,1774.323924
12.888644,200,1783.749424
183.37174,200,1785.998172
97.244623,200,1789.406811
-36.328267,200,1791.488693
103.867752,200,1793.671496
111.097199,200,1795.804153
-36.646662,200,1797.923291
-39.947747,200,1801.506505
209.514355,200,1803.825563
-32.663505,200,1805.908172
120.409268,200,1808.035694
-21.723485,200,1810.253983
150.221483,200,1813.586224
-32.735346,200,1815.823312
125.433673,200,1818.042967
98.421385,200,1820.365576
51.335427,200,1822.955224
54.687295,200,1825.311502
39.219968,200,1827.591167
87.743419,200,1829.963695
-38.616895,200,1840.572847
134.604996,200,1842.755989
54.012988,200,1845.942266
-27.573215,200,1848.159899
113.473698,200,1850.253153
186.832073,200,1852.444468
-21.072143,200,1854.440675
75.39012,200,1856.440442
-37.966791,200,1858.522782
185.990308,200,1860.561288
126.56145,200,1862.76296
13.948352,200,1873.126025
68.500737,200,1875.230894
95.200965,200,1886.995982
121.348653,200,1889.017356
80.208141,200,1891.128767
-16.95513,200,1893.175872
-30.805568,200,1903.57573
-5.212893,200,1905.876431
-34.54009,200,1907.952984
7.088442,200,1910.034296
190.652052,200,1912.173245
-35.947087,200,1914.317561
138.80565,200,1917.421062
-11.450615,200,1927.768552
123.966056,200,1929.860207
102.807373,200,1931.941592
-34.670314,200,1933.969456
-59.99738,200,1944.40994
159.115316,200,1946.601946
204.927479,200,1948.867019
-22.035351,200,1959.297118
-27.012492,200,1961.625682
117.56739,200,1964.827902
-30.03451,200,1966.853199
229.276811,200,1976.974959
-18.589493,200,1979.106391
-37.105719,200,1981.273143
270.396601,200,1983.724502
-23.580047,200,1985.875525
69.466875,200,1987.932177
189.845167,200,1990.01705
-0.592486,200,1992.194224
-11.867459,200,1995.709337
-30.127996,200,1997.934714
45.425912,200,2008.313951
110.193057,200,2010.510733
-28.950846,200,2012.575737
141.192497,200,2014.727552
127.210048,200,2024.950097
3.983023,200,2027.033791
70.408158,200,2029.474073
-35.359275,200,2041.465122
142.967138,200,2044.757014
71.914989,200,2046.856425
74.926336,200,2048.933409
144.205176,200,2051.155147
-9.200745,200,2053.23242
-103.498362,200,2063.388228
93.537921,200,2073.425641
160.900099,200,2075.763438
152.606099,200,2077.923591
118.632459,200,2080.064435
5.219923,200,2082.06689
-35.893527,200,2085.178101
118.2439,200,2087.294577
-35.205767,200,2089.433425
91.925561,200,2091.546167
146.860644,200,2093.654213
205.909184,200,2095.945845
152.355159,200,2106.478343
-22.080804,200,2108.544975
76.971903,200,2110.624391
-36.416898,200,2120.648817
-31.18932,200,2123.937677
-20.747122,200,2133.820363
92.2143,200,2135.807681
91.661313,200,2137.931634
10.074807,200,2140.048961
-61.961256,200,2150.174417
-31.887917,200,2152.326432
179.642263,200,2162.851807
-33.939632,200,2164.93658
179.562158,200,2166.934145
135.128939,200,2170.034494
147.738047,200,2172.133571
-28.975178,200,2174.300925
125.876603,200,2176.381693
225.978637,200,2178.714765
119.414902,200,2180.873148
-21.272796,200,2183.071435
53.950194,200,2185.202473
6.987155,200,2187.344311
136.551671,200,2197.879766
-1.036845,200,2201.355025
-21.329666,200,2203.578746
-39.501802,200,2212.29359
-37.92589,200,2214.426542
220.221876,200,2224.410505
39.192409,200,2226.426909
64.236175,200,2236.799292
96.09156,200,2238.832734
9.50202,200,2241.037455
-10.913186,200,2243.178436
-21.803692,200,2245.180887
-62.912683,200,2248.343387
73.281626,200,2250.402745
112.92376,200,2260.628735
68.36373,200,2262.664712
81.053544,200,2264.826577
-23.081858,200,2274.987172
225.097327,200,2277.047823
-9.050426,200,2279.287776
-89.119129,200,2289.603118
34.122277,200,2291.998745
0.340336,200,2295.139877
205.982702,200,2297.310171
154.623236,200,2301.817334
83.958357,200,2304.202608
-7.257382,200,2306.404889
-37.28109,200,2308.660165
-31.0181,200,2310.800131
179.122862,200,2312.935189
-29.317005,200,2315.257028
-21.987141,200,2317.669597
-35.905762,200,2321.299884
-29.938462,200,2323.729877
-10.927684,200,2326.199042
47.346688,200,2328.368081
143.024496,200,2330.652168
7.682755,200,2333.118958
-74.473356,200,2343.67662
142.269221,200,2345.854314
-31.100836,200,2348.204648
66.413464,200,2350.588146
128.597517,200,2353.947124
-13.974776,200,2356.887774
-35.172664,200,2358.982831
-28.812621,200,2361.008946
89.792461,200,2363.089347
131.353414,200,2374.856121
-18.776907,200,2385.881248
-57.182839,200,2388.015826
-30.356398,200,2390.151475
296.612696,200,2392.414822
66.366687,200,2404.030355
-83.863631,200,2416.36101
21.884822,200,2418.362999
-29.392006,200,2420.345113
-18.340636,200,2422.380439
-0.326638,200,2432.395545
143.975498,200,2442.52652
169.035028,200,2444.570835
167.091277,200,2446.68208
49.724383,200,2448.742244
19.07181,200,2450.833464
150.086733,200,2454.061533
144.555496,200,2456.188996
84.673845,200,2458.198605
83.327881,200,2460.269452
98.731612,200,2462.392646
81.910297,200,2464.559522
207.654441,200,2466.5347
-36.774193,200,2468.812842
148.653189,200,2470.936336
190.329635,200,2473.350226
70.790302,200,2485.637346
151.127091,200,2488.009206
-12.629069,200,2490.174167
50.164807,200,2495.467242
-28.08119,200,2497.68531
7.153802,200,2499.847197
-25.042939,200,2501.976276
90.314366,200,2512.772411
138.412498,200,2515.130975
-20.654089,200,2517.582196
39.137006,200,2521.508304
194.717655,200,2524.026311
127.531563,200,2526.355835
82.304031,200,2528.687147
-73.562495,200,2539.784755
-29.59581,200,2541.999148
62.104001,200,2544.209113
122.215229,200,2546.351492
57.026291,200,2556.925804
13.440045,200,2568.033158
-27.160155,200,2570.196915
-12.179275,200,2573.500715
143.256166,200,2575.766098
69.570718,200,2577.832932
245.347429,200,2580.098521
66.210389,200,2590.44049
102.11711,200,2600.668982
236.624107,200,2602.82356
44.409103,200,2604.941484
-54.596998,200,2615.11219
-12.189247,200,2617.218678
106.48138,200,2621.784132
244.689315,200,2623.883186
-39.003483,200,2625.973492
117.56743,200,2628.119516
66.241381,200,2630.408847
-141.937782,200,2640.61256
-94.853581,200,2650.898704
122.63881,200,2652.905766
-31.348973,200,2655.008714
-46.322346,200,2665.362434
96.471981,200,2668.817037
16.871645,200,2670.796126
137.201429,200,2672.827074
-4.279597,200,2674.844131
-63.909493,200,2685.076143
77.811075,200,2687.223489
63.995613,200,2689.369367
48.087884,200,2691.411605
135.450104,200,2693.541638
248.736972,200,2695.740504
3.199513,200,2699.000421
89.777895,200,2701.091239
208.039665,200,2703.277336
221.51296,200,2705.338471
-27.997941,200,2707.364184
-19.361291,200,2709.368556
82.389638,200,2711.412311
-35.238135,200,2713.460951
112.807968,200,2715.546469
55.970811,200,2717.736353
27.375485,200,2720.012862
-40.991547,200,2723.2142
-19.527442,200,2725.339153
96.864539,200,2735.311987
-17.778725,200,2737.367894
134.427876,200,2739.483092
65.379842,200,2741.511593
86.869123,200,2743.541065
84.181043,200,2745.563297
217.91942,200,2755.695883
-86.382213,200,2757.821962
118.238577,200,2769.001889
98.562377,200,2771.108989
125.754928,200,2781.30766
71.573359,200,2783.394275
205.111174,200,2785.402549
-31.617951,200,2787.424164
219.758684,200,2789.502522
131.471942,200,2791.619007
94.34802,200,2793.726539
-4.75312,200,2795.768489
202.996477,200,2807.090884
126.042665,200,2809.292642
-12.048542,200,2811.581864
-36.420163,200,2822.270128
144.372495,200,2833.191132
96.069377,200,2835.301542
231.958292,200,2845.991452
-36.170615,200,2848.183454
2.516872,200,2850.252701
124.924288,200,2852.364846
187.340804,200,2855.549007
77.217656,200,2857.633845
-29.644919,200,2859.809902
225.05089,200,2870.41181
83.154255,200,2872.670934
8.983618,200,2874.913839
-33.803693,200,2877.114123
173.600268,200,2879.308145
-31.023515,200,2881.305037
58.337423,200,2891.572712
101.217191,200,2893.692765
103.676331,200,2896.934352
131.676871,200,2899.104295
109.765803,200,2901.182931
89.412824,200,2911.509661
-19.424503,200,2921.49234
40.968169,200,2923.555731
-65.852803,200,2925.577739
111.105604,200,2935.584607
69.89949,200,2937.679881
149.232543,200,2939.692708
121.446257,200,2942.805395
60.518123,200,2944.817627
-16.092494,200,2955.112993
-47.413304,200,2965.920115
148.740598,200,2968.058914
-22.400376,200,2970.346685
14.576724,200,2972.514129
-35.207039,200,2974.604594
-1.310947,200,2976.624774
39.49011,200,2978.634424
34.51097,200,2990.057385
233.858397,200,2992.178967
77.760431,200,2994.335651
-37.831736,200,2996.45374
-32.1359,200,2998.479231
-28.230428,200,3000.611422
135.720702,200,3010.839828
16.123731,200,3012.938727
-12.414607,200,3015.072984
198.403463,200,3025.60677
-37.103638,200,3028.676983
107.726084,200,3030.782177
-9.219266,200,3040.721826
-26.530547,200,3042.736503
275.445485,200,3044.995939
136.279483,200,3047.082203
147.940372,200,3049.299107
87.2282,200,3051.510554
59.432821,200,3053.581755
125.392156,200,3055.659635
83.76281,200,3058.745179
171.516699,200,3069.123049
-4.583327,200,3071.32691
-34.918721,200,3073.463469
243.17286,200,3083.969396
193.453969,200,3085.964255
-53.740018,200,3088.030715
-28.476523,200,3090.133403
110.065475,200,3092.168992
-31.778065,200,3102.249519
92.424554,200,3112.651741
270.163678,200,3116.286938
-19.281499,200,3118.481344
103.225288,200,3120.641186
163.169577,200,3122.772007
-37.515957,200,3124.859346
-34.199694,200,3127.067213
140.712936,200,3129.383525
258.35746,200,3131.838942
95.259132,200,3134.273407
8.196214,200,3136.536458
133.491405,200,3148.241895
-32.177531,200,3150.355386
115.217344,200,3152.567399
177.139382,200,3154.72012
102.945568,200,3157.00854
188.336946,200,3159.288252
118.713907,200,3161.547288
253.753802,200,3163.753018
127.518324,200,3165.898525
43.872156,200,3167.915433
161.342424,200,3171.236031
58.935487,200,3173.509096
-9.519619,200,3184.365588
65.919241,200,3194.425755
6.869123,200,3196.523083
151.896599,200,3198.504825
-24.265511,200,3200.551199
73.376018,200,3202.641715
-2.327651,200,3204.719557
228.142798,200,3206.848416
-74.77673,200,3218.163161
60.20676,200,3220.039608
2.596284,200,3230.263919
224.559956,200,3232.302086
19.342232,200,3234.370593
-9.592651,200,3244.621768
11.017891,200,3254.79264
-10.009734,200,3256.946851
-35.183351,200,3259.109397
-25.295698,200,3261.216638
126.22316,200,3263.56049
-23.7932,200,3267.227066
-45.456662,200,3269.443629
89.470306,200,3279.666497
-29.79753,200,3281.703303
200.192733,200,3283.808048
-49.750637,200,3285.839483
42.842944,200,3288.027251
171.071065,200,3290.159371
15.682986,200,3292.526362
43.743879,200,3294.720023
-76.361829,200,3305.969325
182.461567,200,3308.190386
-18.360398,200,3310.490746
108.103401,200,3312.656654
-36.263035,200,3314.830536
142.369344,200,3317.064546
-24.43122,200,3319.050634
53.69002,200,3321.196077
-58.607357,200,3331.264618
186.652834,200,3333.329978
-34.113542,200,3336.471945
-28.135243,200,3338.582478
211.65268,200,3340.791132
-34.361899,200,3343.000639
-80.181855,200,3345.096196
52.622975,200,3355.088123
-12.395873,200,3357.117491
71.18208,200,3359.264957
-32.284848,200,3361.4636
94.597665,200,3371.924258
-34.433933,200,3375.138383
64.414502,200,3385.755546
137.909177,200,3387.832899
158.23672,200,3390.012272
-30.226985,200,3392.004094
-30.765983,200,3393.99244
33.658711,200,3396.267496
84.987962,200,3398.559871
-66.41318,200,3400.805359
17.663824,200,3402.950194
138.977804,200,3405.057189
198.308661,200,3416.394662
80.943256,200,3418.565503
81.587971,200,3420.717482
-116.163056,200,3431.308431
6.393746,200,3433.353676
-36.257047,200,3435.343596
-74.090502,200,3445.57449
69.376532,200,3455.933269
110.678507,200,3457.92799
-16.426791,200,3459.897643
-74.191026,200,3470.967232
156.962932,200,3473.041392
106.038686,200,3475.052921
-13.023968,200,3477.195646
62.006649,200,3479.272313
54.373106,200,3481.555875
157.355451,200,3483.659479
88.818882,200,3485.713249
-120.68591,200,3490.5639
-35.987993,200,3492.657609
163.713373,200,3495.757444
145.769505,200,3497.961083
-32.964531,200,3508.703735
-2.832034,200,3510.91228
-30.215812,200,3512.994448
104.766985,200,3515.197957
-18.984032,200,3517.271361
-26.621064,200,3519.310916
167.779732,200,3522.869012
84.59919,200,3525.514583
-13.911116,200,3529.093392
130.095716,200,3531.389683
-23.562664,200,3533.611143
162.833692,200,3535.914679
54.788377,200,3538.304873
-33.456386,200,3547.743243
-32.854678,200,3549.892939
-29.528261,200,3552.152078
-6.662985,200,3554.295726
115.813721,200,3556.355445
75.45867,200,3558.458536
9.998896,200,3561.776978
-30.878191,200,3563.846032
-112.896299,200,3566.106861
176.346258,200,3568.303829
156.38412,200,3570.451843
-37.170179,200,3572.592255
-22.743406,200,3574.703829
-31.945079,200,3584.853624
131.514866,200,3587.053599
-30.426879,200,3589.228086
111.085852,200,3600.72519
104.459659,200,3603.095756
105.226092,200,3605.322498
59.161162,200,3607.466073
-16.664704,200,3609.573081
43.243631,200,3611.703367
-34.531583,200,3613.879632
-15.611172,200,3616.16381
106.409384,200,3618.48347
-1.832001,200,3620.755598
93.949358,200,3624.067527
180.844121,200,3626.172902
-39.696377,200,3628.366891
-35.749168,200,3632.185513
86.7247,200,3634.367448
-34.44317,200,3636.466861
15.079116,200,3638.6704
-33.221043,200,3640.793697
-31.684671,200,3651.451064
75.130868,200,3653.480677
154.348481,200,3656.633428
244.056495,200,3658.930296
-30.755691,200,3661.052219
178.417597,200,3663.260068
66.891547,200,3665.487869
168.162643,200,3675.746473
145.783277,200,3678.026536
329.338345,200,3680.194854
-25.084317,200,3682.398552
35.320166,200,3684.797156
219.402461,200,3687.175437
-50.279575,200,3690.904698
186.584654,200,3693.037232
82.266109,200,3695.099182
114.842664,200,3705.27757
219.349477,200,3708.234518
-36.581289,200,3710.558653
-38.325442,200,3712.772814
-39.581886,200,3714.867812
-34.790699,200,3716.980607
44.337942,200,3719.292405
191.429526,200,3722.552462
113.056304,200,3724.67413
174.318635,200,3726.844082
2.452867,200,3728.865849
-16.545351,200,3731.004603
62.808145,200,3733.046865
63.138641,200,3743.006827
67.390561,200,3745.134876
-43.624955,200,3747.252007
154.656464,200,3749.403713
137.741122,200,3752.531775
119.446339,200,3762.797334
147.622467,200,3764.856826
258.954256,200,3767.032705
90.701297,200,3769.058166
-48.506746,200,3771.203906
95.610263,200,3773.342961
65.553193,200,3775.385581
-29.209605,200,3777.539237
-32.594301,200,3787.745301
-33.146102,200,3791.113978
-35.71452,200,3793.149527
12.027575,200,3795.315775
66.589047,200,3797.466411
235.235944,200,3807.752805
74.361428,200,3809.892955
130.695112,200,3812.027483
86.882337,200,3814.148785
91.775466,200,3816.173624
-32.912539,200,3818.318868
102.342868,200,3828.396113
-26.316788,200,3831.706982
102.190941,200,3834.02331
98.10302,200,3844.734594
91.933896,200,3846.928304
177.044971,200,3849.074838
-29.01651,200,3859.176847
152.732082,200,3861.382467
15.950751,200,3872.044719
97.470019,200,3875.385803
-8.338909,200,3877.50069
112.570733,200,3880.686689
68.802483,200,3891.296743
-33.075609,200,3893.43294
-32.41235,200,3895.64277
48.173216,200,3897.711723
-13.321036,200,3899.799542
40.457576,200,3901.980546
97.42918,200,3909.494321
58.441414,200,3911.680487
-37.349287,200,3922.226377
-37.334746,200,3925.348463
1.055473,200,3932.416924
-29.283423,200,3934.616075
-12.877514,200,3945.367539
-33.572587,200,3947.439572
158.443869,200,3949.617734
205.019448,200,3951.801088
-34.274701,200,3953.963621
-23.004042,200,3956.063219
-18.832694,200,3958.285361
151.020196,200,3961.517707
-37.845362,200,3963.651687
173.096787,200,3965.685849
-37.575665,200,3967.678983
42.105701,200,3969.784656
-34.687185,200,3971.839206
-81.251674,200,3981.901411
77.758082,200,3983.933212
83.67536,200,3986.003816
26.584683,200,3995.936574
-35.49103,200,3998.976269
-25.090715,200,4000.976444
6.413144,200,4002.981424
139.671129,200,4012.950008
-35.974264,200,4014.97946
248.26696,200,4017.184527
-18.051456,200,4019.220897
70.277759,200,4021.212093
-35.354762,200,4031.283349
-33.459615,200,4033.374209
224.089671,200,4035.434846
-21.243907,200,4038.510421
128.987621,200,4040.652168
-29.149499,200,4042.696239
-35.608657,200,4052.904267
41.141232,200,4054.94883
-59.903448,200,4057.889743
285.782587,200,4060.021751
218.913847,200,4062.137675
-39.887941,200,4064.312728
18.74073,200,4066.472996
168.542522,200,4069.793318
86.094214,200,4071.970373
101.85271,200,4074.238949
147.495183,200,4076.501815
-5.848024,200,4086.972343
85.738478,200,4088.997961
107.690132,200,4091.142389
133.791565,200,4100.367226
80.922745,200,4102.563343
81.245727,200,4108.926661
-37.127975,200,4112.184798
-34.906327,200,4114.218441
151.622493,200,4116.423164
109.135405,200,4127.208445
-31.923873,200,4129.398287
-14.135087,200,4131.706289
49.545598,200,4134.0622
119.117521,200,4136.143835
-16.778989,200,4138.35638
137.772493,200,4140.611562
114.264401,200,4143.979521
80.689735,200,4146.149853
39.325433,200,4148.453038
-87.202611,200,4158.965822
144.177151,200,4161.170908
80.421233,200,4163.235744
-2.846046,200,4165.447093
54.86819,200,4175.912419
221.861248,200,4186.573304
64.717229,200,4188.739639
-14.907056,200,4191.137468
85.989865,200,4194.739506
-34.821925,200,4197.216114
120.579748,200,4199.493908
121.276905,200,4201.592417
-13.332418,200,4203.691199
-26.164063,200,4214.002082
26.017402,200,4216.10538
144.646286,200,4226.23469
-38.990839,200,4228.35797
86.740018,200,4230.401816
148.394906,200,4241.435372
139.639167,200,4243.460713
-67.413007,200,4245.486603
153.625306,200,4247.58662
-20.567017,200,4249.642815
203.930699,200,4251.729924
-35.041585,200,4253.770033
107.584135,200,4255.98117
115.948377,200,4258.097368
47.942154,200,4260.273039
-7.433671,200,4263.508794
21.713959,200,4265.677897
96.799003,200,4267.707552
101.243501,200,4269.792312
27.851147,200,4271.820935
-2.656681,200,4273.969449
-13.224112,200,4275.998819
-37.43109,200,4278.151279
228.153305,200,4280.323464
2.778668,200,4282.529377
66.699099,200,4294.306291
81.585184,200,4296.450415
0.22768,200,4298.657621
35.532906,200,4300.739594
80.994072,200,4302.76729
176.95555,200,4313.131855
91.826548,200,4323.277127
94.048146,200,4325.379763
-35.675806,200,4335.66646
180.235217,200,4337.897306
-23.893356,200,4349.179788
241.574861,200,4352.40257
101.208532,200,4354.547981
-48.360244,200,4356.746824
-36.830113,200,4367.089359
-60.418838,200,4369.280276
3.256216,200,4379.305792
260.295901,200,4381.476456
191.096175,200,4383.513288
-42.181642,200,4386.150841
112.257997,200,4388.338294
75.007187,200,4391.579472
40.081578,200,4393.765745
131.832283,200,4396.02335
105.509771,200,4398.194196
-13.729665,200,4400.384725
116.661595,200,4410.350883
76.52213,200,4412.559559
147.893534,200,4414.703165
85.695666,200,4425.244567
-38.521131,200,4435.417152
-16.259968,200,4438.954217
87.373141,200,4441.103589
222.928239,200,4443.188517
18.91197,200,4445.214922
-36.726035,200,4447.327664
-37.176492,200,4449.458762
206.531712,200,4451.628476
-56.991004,200,4461.746202
-33.164874,200,4463.877367
82.477984,200,4466.034376
167.24868,200,4469.299429
190.300452,200,4471.421376
-16.136475,200,4473.59987
-98.439705,200,4475.770236
-40.292797,200,4477.948002
165.587409,200,4488.659255
0.356654,200,4490.880695
7.20151,200,4493.00736
-29.316054,200,4503.145007
-29.24986,200,4505.21765
-0.98316,200,4507.396139
20.882793,200,4510.621797
198.834779,200,4512.859929
-1.939272,200,4523.337633
158.025804,200,4525.591238
-42.189231,200,4527.784504
103.434763,200,4529.947764
135.299583,200,4532.110551
85.9207,200,4534.099662
60.005618,200,4536.276361
198.106551,200,4538.392346
-6.816193,200,4541.662755
-26.915996,200,4552.073776
-34.94138,200,4554.106506
178.806925,200,4556.274243
-51.797315,200,4558.385466
234.067776,200,4560.617202
38.959527,200,4562.942454
103.806521,200,4565.060126
80.259155,200,4567.085657
-27.666336,200,4577.307032
-6.739553,200,4580.675132
136.519601,200,4582.850205
-49.063277,200,4594.143981
96.301931,200,4604.523579
-32.076042,200,4606.670004
100.58167,200,4608.81128
-66.602221,200,4611.012744
-82.097145,200,4613.541743
184.262117,200,4615.716872
110.62973,200,4626.718517
-20.410917,200,4638.322248
25.745759,200,4640.55472
96.36736,200,4642.653497
2.57683,200,4644.731044
135.514316,200,4646.763057
-33.402494,200,4648.788502
-34.125094,200,4650.833598
-35.769567,200,4652.850188
213.296143,200,4655.06403
-31.469412,200,4665.269383
94.002939,200,4667.36474
-156.993297,200,4678.722363
138.518796,200,4680.848943
42.84072,200,4682.956963
3.268926,200,4685.258645
10.7905,200,4687.418094
86.422853,200,4689.442587
130.695849,200,4691.570329
124.758394,200,4701.805822
97.494929,200,4703.803746
21.889794,200,4705.942891
-38.401678,200,4709.182771
166.998237,200,4711.494684
-4.661832,200,4722.428503
222.457074,200,4724.691782
78.401303,200,4726.695181
-30.244899,200,4736.956888
170.427323,200,4739.048338
59.452738,200,4741.096864
128.449815,200,4743.295732
149.270938,200,4745.367813
-39.395672,200,4756.633191
71.4355,200,4758.865875
80.525879,200,4761.07799
94.88707,200,4763.106879
67.590036,200,4765.24614
141.506826,200,4767.406456
39.625917,200,4769.616039
-14.615979,200,4771.700961
-35.527868,200,4773.712923
98.218267,200,4783.89342
-15.6776,200,4795.392107
222.994221,200,4805.542537
54.602468,200,4807.582969
4.821602,200,4809.710216
-32.195248,200,4811.797399
36.271306,200,4813.919774
-19.938516,200,4816.059858
-34.216246,200,4818.198707
151.506887,200,4829.179789
137.52543,200,4839.848893
202.45179,200,4842.029841
8.646585,200,4845.684963
113.793947,200,4848.178452
-42.703677,200,4850.37719
58.025057,200,4852.536522
-34.206127,200,4855.062711
2.75906,200,4866.306756
88.205575,200,4868.747376
-13.142581,200,4871.051774
26.07153,200,4873.199612
20.904403,200,4875.38184
152.706044,200,4886.990807
44.108038,200,4897.674492
124.703183,200,4899.730121
100.681889,200,4901.871927
-41.556963,200,4912.355165
-38.736197,200,4914.746276
-36.424761,200,4916.878363
172.074075,200,4919.174726
-20.259845,200,4921.351492
-106.403269,200,4923.513518
-37.287445,200,4926.787813
86.994208,200,4929.03977
82.131259,200,4931.212533
29.192089,200,4933.409105
102.89043,200,4935.568795
-11.836499,200,4937.617397
106.988664,200,4948.052264
102.909161,200,4950.133111
-24.479449,200,4952.171192
76.151227,200,4954.319078
27.281964,200,4965.43646
45.162827,200,4975.712198
104.932586,200,4977.789142
-37.102381,200,4979.855594
-25.967078,200,4981.884406
-0.53568,200,4983.94018
35.074982,200,4986.02967
35.210902,200,4988.229514
85.799396,200,4990.288132
-37.878176,200,4992.432702
94.271853,200,4995.631492
-38.881536,200,4997.666442
36.031359,200,4999.73768
36.823617,200,5009.992991
12.776378,200,5012.149043
-28.522942,200,5022.479118
-7.469007,200,5024.590879
156.240868,200,5026.698409
-40.266746,200,5028.839762
-21.624174,200,5030.991887
-36.542064,200,5033.109696
-40.380701,200,5036.324396
195.119121,200,5038.472415
-26.802304,200,5040.569402
52.495389,200,5042.776719
75.749824,200,5053.36691
-28.981369,200,5055.414
-32.165943,200,5057.442571
97.736812,200,5067.688333
62.649059,200,5069.707112
106.965284,200,5079.818759
-17.234232,200,5082.894886
-10.377474,200,5085.0292
41.66137,200,5087.23131
-35.531681,200,5089.327449
165.273017,200,5091.435179
-43.743048,200,5093.67874
104.916832,200,5095.848864
13.847437,200,5107.139592
40.97039,200,5109.338037
51.170098,200,5111.483522
0.741264,200,5114.656631
-37.610489,200,5116.817091
87.223765,200,5118.939578
9.64688,200,5120.980308
264.243921,200,5123.179445
-27.044617,200,5125.289731
60.967818,200,5127.352097
1.598765,200,5129.406554
36.931688,200,5131.45852
-36.440415,200,5133.621022
-1.911021,200,5136.805494
-29.985036,200,5138.921337
-26.470789,200,5141.140446
29.358377,200,5143.376544
-38.352851,200,5154.104534
103.171452,200,5156.168353
145.571825,200,5158.312726
-89.707997,200,5168.72784
-21.110117,200,5178.896875
-16.974923,200,5181.07971
96.150987,200,5183.245749
8.804308,200,5186.432815
54.724982,200,5188.694217
31.731208,200,5190.994366
-8.927727,200,5193.419364
26.195111,200,5195.75343
-20.142725,200,5197.957734
157.48944,200,5200.015799
137.755181,200,5202.094296
92.708803,200,5204.238161
177.369889,200,5206.357402
-36.79266,200,5218.390779
81.426033,200,5220.704251
-27.274509,200,5222.940233
97.358765,200,5225.079371
-36.020009,200,5227.279069
139.013443,200,5229.43314
122.622959,200,5231.487829
314.798269,200,5233.751587
130.592534,200,5236.068026
228.259818,200,5238.276378
28.947878,200,5241.440237
136.248761,200,5243.666919
89.93254,200,5245.934303
115.718623,200,5248.062747
-97.175707,200,5258.781185
93.437399,200,5260.898786
53.984239,200,5263.124294
29.06404,200,5265.207119
-36.949367,200,5267.414154
33.613463,200,5269.492155
112.585006,200,5272.662882
-25.565795,200,5283.016048
38.430144,200,5285.154216
5.054894,200,5287.187674
-28.835842,200,5289.219023
86.9029,200,5291.337462
132.305471,200,5293.387138
108.331171,200,5295.558553
-35.004227,200,5305.699724
-34.235788,200,5307.809936
-34.73844,200,5310.012729
-35.969174,200,5313.125045
30.704228,200,5315.204358
10.430879,200,5317.205471
188.414998,200,5327.327713
41.71188,200,5329.471946
-6.66451,200,5331.620785
-11.622525,200,5333.744511
91.657633,200,5335.89608
-13.85198,200,5338.155394
54.766641,200,5340.438286
28.166567,200,5352.242651
139.39823,200,5354.404769
-30.967262,200,5356.476415
-58.650047,200,5367.004687
47.706876,200,5369.1209
-104.215298,200,5379.227949
69.066631,200,5381.26038
115.646885,200,5383.327739
101.369682,200,5394.347405
-37.444931,200,5396.504658
34.612721,200,5399.739399
13.748966,200,5410.055331
17.507958,200,5412.099254
51.242038,200,5414.272287
52.898271,200,5424.579499
28.866479,200,5426.646409
-0.945738,200,5428.769602
-31.553279,200,5431.023025
16.595277,200,5433.091945
33.825168,200,5435.148915
-31.603842,200,5446.999643
164.400562,200,5449.270674
58.012373,200,5460.124816
122.132026,200,5462.250731
183.732726,200,5464.478132
-36.950665,200,5466.727795
120.457303,200,5477.942483
-27.40798,200,5480.342935
-37.800716,200,5482.779222
161.369257,200,5485.050655
-62.927917,200,5495.830524
-93.610453,200,5499.211653
-31.964421,200,5501.334402
-20.280773,200,5511.50362
16.022521,200,5522.045391
-115.676028,200,5528.769439
95.34078,200,5530.876534
60.71661,200,5542.299615
-20.100785,200,5544.371903
33.350077,200,5546.607454
-36.551898,200,5551.026102
28.633642,200,5554.283443
112.957598,200,5556.470792
29.622885,200,5558.728648
-33.240856,200,5561.001395
55.563272,200,5563.304011
147.485794,200,5565.500459
55.817844,200,5575.635118
36.767633,200,5577.736931
49.397992,200,5582.29667
168.721406,200,5584.459552
137.374477,200,5587.696405
277.543396,200,5589.895057
177.119475,200,5592.013768
14.194974,200,5602.537304
175.562824,200,5604.79032
135.141638,200,5607.257822
23.964248,200,5609.747016
-31.406554,200,5611.94735
139.296203,200,5614.156265
11.143766,200,5616.373475
43.863861,200,5619.587325
-35.169419,200,5621.744812
63.447297,200,5623.85306
47.051478,200,5625.947802
9.38409,200,5627.953063
132.289337,200,5630.098752
61.854649,200,5640.599904
-17.918677,200,5642.769264
11.881804,200,5644.994765
-22.307531,200,5655.225266
90.948456,200,5657.270144
218.311051,200,5668.985259
-31.158209,200,5671.098262
66.384623,200,5681.322771
5.466959,200,5683.621833
175.08665,200,5685.852978
64.08429,200,5687.883914
147.206762,200,5690.040705
164.833181,200,5692.14423
55.96438,200,5696.295419
139.284922,200,5698.762716
6.796703,200,5702.209931
169.756952,200,5704.350035
-32.450598,200,5706.601055
-15.71082,200,5708.74952
149.276807,200,5710.980705
-38.349786,200,5713.203099
-35.475675,200,5724.162425
90.713803,200,5734.277738
128.516777,200,5736.459332
47.2768,200,5738.59082
-21.68041,200,5741.878277
-38.241513,200,5744.068203
185.116031,200,5746.265578
133.848752,200,5756.623831
-40.781976,200,5758.861562
-28.94181,200,5761.084289
-24.357844,200,5763.156391
-7.58296,200,5765.349977
38.718269,200,5776.251162
88.974025,200,5778.419819
111.931805,200,5782.579434
95.271485,200,5784.640969
101.908448,200,5786.822876
74.430924,200,5797.050441
36.233578,200,5799.170667
-20.472511,200,5801.241757
158.55045,200,5803.573319
-35.790736,200,5807.555166
97.027057,200,5809.683469
-37.064152,200,5811.958573
-87.762599,200,5814.176157
-31.203383,200,5817.473236
119.263325,200,5819.703057
242.740138,200,5821.968445
-38.591434,200,5832.410847
-30.837546,200,5834.622987
83.820081,200,5836.832805
86.021849,200,5839.016826
113.388595,200,5841.093988
97.147564,200,5843.350948
157.436429,200,5845.459569
119.147705,200,5849.004462
135.913604,200,5851.268352
56.555614,200,5853.341061
48.911459,200,5855.468644
107.820649,200,5857.542487
156.548021,200,5859.746769
-35.607648,200,5870.481484
52.050352,200,5872.682471
-26.84256,200,5874.762311
153.148376,200,5876.842894
-28.559609,200,5880.152049
129.696355,200,5885.453598
96.893543,200,5887.699908
88.664588,200,5889.826306
-26.666605,200,5891.991689
-26.397531,200,5902.738146
157.96589,200,5904.831515
219.975727,200,5907.059412
124.948372,200,5909.165418
121.521424,200,5911.306067
-15.73073,200,5923.250081
-30.839297,200,5933.805912
-40.956221,200,5936.209347
199.932993,200,5947.062077
94.688689,200,5949.168635
193.12139,200,5951.306265
-3.92998,200,5953.588468
21.439303,200,5955.653495
144.066047,200,5957.814778
156.072545,200,5960.036311
126.397249,200,5963.375436
147.012835,200,5965.520231
-113.164784,200,5967.71654
118.429276,200,5969.858695
73.125372,200,5980.912855
48.769325,200,5983.058403
-39.908057,200,5985.239851
-26.65439,200,5987.477537
24.032119,200,5989.681828
132.746028,200,5991.808665
-36.286763,200,5993.857437
93.253363,200,5997.165115
-23.410902,200,5999.24052
-19.092458,200,6009.792226
105.872169,200,6011.990285
199.509168,200,6022.353157
182.757318,200,6024.520151
10.330444,200,6034.954354
23.586909,200,6037.299069
167.396085,200,6039.694605
-77.844553,200,6041.898717
-35.297651,200,6054.006568
-22.540969,200,6056.257439
164.109518,200,6058.427548
95.539261,200,6060.450119
-36.221214,200,6062.452735
53.875196,200,6064.521705
14.56263,200,6066.574612
75.777477,200,6077.986365
-20.371577,200,6080.213648
-5.180115,200,6091.018457
223.094288,200,6094.34775
5.405157,200,6096.49943
86.694778,200,6098.646561
68.083881,200,6100.755366
29.12022,200,6102.966965
170.718674,200,6105.172355
-18.651593,200,6107.458086
177.749427,200,6109.760136
-1.594845,200,6112.248047
-34.219909,200,6114.327965
70.298095,200,6117.618622
145.913273,200,6119.849857
114.96922,200,6122.142685
-33.981766,200,6124.299152
-36.039331,200,6126.374015
172.665271,200,6128.547181
23.800999,200,6130.611937
128.798994,200,6132.606415
89.090387,200,6134.784115
116.070759,200,6136.965338
-17.806066,200,6147.345598
162.337887,200,6150.592603
-38.797604,200,6152.756059
-26.023447,200,6155.055926
-13.213277,200,6157.100007
-37.370311,200,6159.236336
228.521993,200,6161.377562
-10.157708,200,6163.494287
56.134595,200,6173.689782
167.194395,200,6175.738068
137.050439,200,6177.867466
127.043999,200,6181.01366
-16.950214,200,6183.030667
129.726853,200,6185.18475
-111.720878,200,6195.593221
166.912915,200,6197.746574
-24.421704,200,6199.763687
43.446473,200,6210.236462
90.746927,200,6212.374282
-30.102429,200,6214.554187
237.957406,200,6216.728961
163.13178,200,6219.863328
106.118021,200,6230.278865
45.35327,200,6232.340467
-32.67594,200,6234.419641
103.151569,200,6236.539301
99.193274,200,6238.614353
212.938518,200,6240.756103
12.52851,200,6250.841296
117.115812,200,6252.879359
84.876472,200,6254.975074
26.971905,200,6258.097736
106.948177,200,6260.153741
31.84527,200,6262.345121
3.70366,200,6264.532328
-35.642558,200,6274.987433
122.603528,200,6277.388701
-5.880564,200,6279.691693
138.752516,200,6281.917437
-36.531277,200,6284.165134
86.241852,200,6286.435476
167.200976,200,6291.563054
166.357088,200,6303.351434
18.497836,200,6305.494523
203.211181,200,6307.748273
-8.73151,200,6309.834101
91.702771,200,6311.851983
146.715867,200,6314.029052
135.300831,200,6316.159186
-12.526907,200,6318.280657
154.25488,200,6320.429813
64.428925,200,6322.597533
101.050502,200,6334.388994
167.602471,200,6336.526339
-178.139203,200,6347.120338
-25.702925,200,6349.237052
66.684039,200,6351.305848
252.467597,200,6353.428977
-70.587984,200,6355.685072
-38.192877,200,6357.787201
117.167602,200,6359.907035
125.383013,200,6362.045103
61.801363,200,6373.241985
-32.869708,200,6375.26523
-5.337036,200,6377.332197
-28.780896,200,6379.396572
221.545391,200,6381.45159
63.474124,200,6392.064682
154.875321,200,6394.276345
106.312545,200,6404.904111
252.149673,200,6415.477076
27.714248,200,6417.660133
115.394972,200,6420.813832
74.800822,200,6430.999099
142.981674,200,6441.034922
136.801968,200,6443.091602
-22.833933,200,6445.097297
-35.402298,200,6447.142347
169.123964,200,6449.263119
95.251071,200,6451.296144
111.561926,200,6453.474025
80.384099,200,6455.649764
11.502964,200,6457.819268
-35.554514,200,6469.299822
6.99651,200,6471.572079
-36.503033,200,6473.872223
-35.742773,200,6475.997975
-23.20286,200,6478.186769
-22.227654,200,6480.268657
21.063436,200,6490.941202
143.31727,200,6493.034727
130.788819,200,6495.19275
-31.713266,200,6497.33577
-30.96957,200,6500.396279
179.534973,200,6502.431798
26.595367,200,6507.138505
131.685667,200,6509.386443
57.887859,200,6511.732903
60.869637,200,6513.911654
-93.727464,200,6516.088794
-32.979502,200,6518.15921
237.261018,200,6520.246734
-37.330296,200,6522.367417
155.912974,200,6533.682352
-11.188681,200,6535.719502
68.59449,200,6537.753926
165.452728,200,6548.172925
157.366943,200,6550.207362
-82.767635,200,6552.350468
146.868652,200,6554.429506
137.857686,200,6556.493944
106.482833,200,6566.696136
-40.735798,200,6576.762437
-110.648633,200,6588.682544
197.708561,200,6590.820537
159.334397,200,6593.143555
147.672363,200,6603.822708
143.865811,200,6614.420563
-5.381223,200,6616.607024
81.817004,200,6618.733293
-24.129313,200,6620.80569
61.744247,200,6622.874517
1.953119,200,6624.970155
155.517136,200,6635.496452
80.256162,200,6638.831874
117.309629,200,6640.851884
137.618422,200,6642.95799
-39.272587,200,6652.948021
103.837937,200,6655.019891
158.929695,200,6665.02868
137.210852,200,6667.234165
-39.533088,200,6669.849204
16.255555,200,6672.10163
97.887629,200,6674.338474
88.719741,200,6677.625912
-69.049939,200,6679.712446
42.640294,200,6689.901117
185.162915,200,6700.397639
23.555903,200,6702.508042
-16.155286,200,6704.624106
46.548179,200,6706.710832
207.330642,200,6708.741786
107.177292,200,6710.760136
-27.618211,200,6712.803988
71.922016,200,6715.98132
-23.365213,200,6726.319497
79.87629,200,6728.453427
147.329674,200,6730.569613
15.443076,200,6732.714695
178.678804,200,6734.750382
-30.210563,200,6736.803383
110.83362,200,6738.884297
-33.157897,200,6743.727883
-37.005395,200,6749.675881
-28.874873,200,6752.93545
116.79347,200,6754.973624
-25.828906,200,6757.208973
121.572971,200,6759.320401
221.434881,200,6764.095555
137.733903,200,6766.196693
111.479091,200,6768.227853
70.716916,200,6770.355031
170.63489,200,6773.231002
-2.752959,200,6775.308396
-35.294355,200,6777.38381
-4.438012,200,6780.649655
85.611452,200,6782.729291
139.656818,200,6793.651961
126.536195,200,6795.957826
-85.985774,200,6807.157988
129.25179,200,6809.38584
25.582682,200,6813.613296
-37.413096,200,6815.789382
108.570673,200,6826.244899
20.346772,200,6828.341105
-40.092515,200,6831.527238
-28.287308,200,6833.608646
207.353141,200,6835.665734
124.303458,200,6837.686199
91.796415,200,6839.708717
184.952363,200,6841.777888
60.25418,200,6846.385409
117.900722,200,6848.529119
193.578259,200,6850.696638
181.472498,200,6852.858745
69.833977,200,6856.048934
192.268689,200,6866.304501
-26.731827,200,6868.320607
84.462387,200,6870.477561
20.421303,200,6872.625646
129.635317,200,6874.817983
130.950963,200,6876.904311
-28.036167,200,6879.209106
223.659727,200,6881.398195
136.864739,200,6883.646484
181.637026,200,6887.157986
67.495299,200,6889.45177
162.005608,200,6891.720395
189.247924,200,6893.92184
97.355299,200,6896.064405
111.808773,200,6898.224299
198.902123,200,6900.389762
-56.330906,200,6910.993783
94.198026,200,6913.014156
107.332114,200,6915.182874
48.544287,200,6918.435239
53.455807,200,6920.626473
66.856189,200,6922.85372
108.99747,200,6924.908067
196.425353,200,6935.223385
169.912869,200,6937.314789
-21.993627,200,6939.405648
114.902975,200,6941.634547
135.097637,200,6943.787747
187.776349,200,6945.95949
34.914606,200,6948.075061
-20.337965,200,6951.267456
159.404366,200,6953.395134
79.06742,200,6955.513827
100.275849,200,6966.111714
180.603683,200,6968.240965
73.682701,200,6970.426203
75.853878,200,6972.455287
75.562349,200,6974.559009
141.753709,200,6976.672048
-28.978857,200,6978.780582
96.945942,200,6982.302129
189.443896,200,6992.825668
175.267998,200,6994.875703
-29.265917,200,6997.170763
104.832039,200,6999.363002
125.074053,200,7001.496293
13.737199,200,7012.716094
101.354,200,7014.90538
53.820126,200,7017.127204
-45.291115,200,7019.56738
-25.753021,200,7032.315405
159.840506,200,7034.522391
125.974716,200,7044.926423
159.096623,200,7047.025003
85.189179,200,7049.098468
144.906373,200,7051.112584
106.424746,200,7053.200213
91.398767,200,7055.384278
55.473252,200,7065.947874
66.837391,200,7068.070591
199.589507,200,7071.39912
109.337167,200,7081.899494
156.705083,200,7084.207322
92.162608,200,7086.360123
190.406007,200,7088.561308
59.314429,200,7090.636146
217.480237,200,7092.731226
53.474077,200,7094.801092
52.424666,200,7096.858293
157.410211,200,7099.014307
-61.988401,200,7109.508113
127.391645,200,7112.859069
98.56716,200,7115.223572
-37.684712,200,7117.625792
117.629714,200,7119.852523
51.775043,200,7122.177503
-7.150142,200,7124.391571
119.011157,200,7126.680945
-20.670069,200,7128.776334
-129.202015,200,7139.281174
-15.58653,200,7141.52767
154.868595,200,7145.454056
-33.815405,200,7147.63724
-23.429103,200,7149.760504
186.156082,200,7160.229058
87.426883,200,7162.318626
-35.729435,200,7172.693483
-115.738512,200,7183.377031
92.520268,200,7185.519578
100.611252,200,7195.898946
5.260358,200,7198.155667
167.103988,200,7201.406904
14.284275,200,7211.9331
134.293021,200,7214.189885
-23.639705,200,7216.435901
229.537687,200,7227.368839
55.500635,200,7229.539302
75.027727,200,7231.687945
22.010653,200,7241.923726
125.729503,200,7244.088761
-36.584368,200,7246.167291
-36.549629,200,7249.386961
174.935067,200,7260.403619
119.95494,200,7270.867183
94.745922,200,7273.020854
-2.581121,200,7275.10204
-10.664398,200,7285.244076
75.486398,200,7287.364251
8.451364,200,7289.603689
59.9613,200,7291.868821
-24.019876,200,7293.981272
-2.393813,200,7296.071165
44.265804,200,7299.180197
95.851629,200,7301.205712
31.97845,200,7303.243974
-17.655687,200,7310.433161
-4.992155,200,7312.527251
130.111928,200,7314.656327
104.549457,200,7317.012196
-9.099368,200,7319.457535
66.489508,200,7330.51357
104.169856,200,7332.616418
141.206994,200,7344.219874
140.824828,200,7346.424841
165.034624,200,7348.585052
35.642846,200,7350.857493
139.105708,200,7361.932733
152.60513,200,7364.074402
89.954389,200,7366.275772
116.68929,200,7368.364748
147.856513,200,7378.716048
61.366679,200,7380.872339
108.653797,200,7392.252365
261.421749,200,7402.527835
144.493123,200,7404.596849
-35.106665,200,7406.802359
176.57775,200,7412.294269
156.534,200,7414.57811
257.782243,200,7416.757795
177.699715,200,7419.056765
209.545126,200,7429.611271
-35.607546,200,7431.810438
70.662559,200,7435.195707
183.035009,200,7437.46699
94.624003,200,7447.987333
134.366224,200,7450.207608
-76.113483,200,7460.852815
-32.024769,200,7462.929745
116.623451,200,7465.115894
164.087697,200,7467.284708
108.885447,200,7469.448349
191.288383,200,7471.767325
73.903259,200,7474.026703
116.230629,200,7477.286946
-33.376263,200,7479.431983
92.91856,200,7481.669507
-11.101548,200,7492.570399
-36.408583,200,7494.814901
80.574708,200,7496.928843
-19.355178,200,7507.682915
-31.441326,200,7509.917841
135.734794,200,7512.165173
178.170361,200,7514.38102
191.610831,200,7517.796999
145.990754,200,7519.942058
281.893494,200,7522.036673
181.931379,200,7524.117962
202.676763,200,7531.170402
8.629328,200,7533.217315
-36.082947,200,7535.346941
-5.142713,200,7537.502896
57.557905,200,7539.674682
17.443405,200,7541.901196
214.139724,200,7545.244569
112.151641,200,7547.434229
-21.119706,200,7549.561817
193.686737,200,7551.815438
77.594555,200,7554.053493
198.677475,200,7564.442342
96.455444,200,7574.726265
160.503255,200,7585.136921
187.851495,200,7587.262598
-37.558498,200,7589.348221
203.869411,200,7592.528723
197.342667,200,7594.622357
172.547848,200,7596.78297
58.284955,200,7598.951921
39.598101,200,7601.108098
-26.118417,200,7603.245173
97.080416,200,7605.49446
237.291948,200,7607.715418
170.939221,200,7609.866209
114.384419,200,7612.089153
-30.220557,200,7614.361022
-37.453818,200,7617.674363
-33.360283,200,7628.022442
140.814691,200,7638.124306
82.747825,200,7640.119578
197.440677,200,7642.171735
-23.903061,200,7652.277986
55.972586,200,7654.368663
-33.837108,200,7656.48826
57.892551,200,7658.476247
271.168076,200,7660.675324
113.295259,200,7671.938936
221.498806,200,7674.0505
71.951742,200,7676.12092
146.596375,200,7678.220955
-10.429113,200,7688.614251
267.539376,200,7690.713658
-38.062023,200,7692.695577
116.661802,200,7697.143253
59.484183,200,7699.266617
171.105134,200,7701.288437
181.072666,200,7704.419255
-35.396749,200,7706.450077
38.172541,200,7709.646749
-37.034047,200,7711.737682
171.655654,200,7714.3217
186.544094,200,7716.400151
-35.056646,200,7718.433951
68.816178,200,7720.514113
87.301157,200,7722.645895
-114.820842,200,7733.423451
-55.317816,200,7745.175276
27.595061,200,7747.275711
144.300099,200,7749.437376
120.151726,200,7751.562948
-40.740935,200,7753.728497
-18.951441,200,7755.849029
135.692157,200,7758.067976
-27.350731,200,7760.204729
146.844205,200,7763.617689
109.294421,200,7765.655311
-18.504929,200,7767.822688
100.415494,200,7771.079328
84.910592,200,7773.205655
32.863571,200,7775.468195
222.979336,200,7777.717726
-35.41789,200,7779.920615
90.79543,200,7782.126608
118.780775,200,7789.341043
32.222485,200,7791.640467
-28.766941,200,7793.862981
-35.890944,200,7796.05089
177.209397,200,7799.301687
-24.712885,200,7801.554438
-36.805014,200,7812.687877
-21.636095,200,7823.795908
200.86929,200,7825.946064
238.726983,200,7828.241045
170.101712,200,7830.65976
-95.444388,200,7833.06464
-27.793608,200,7843.510887
135.593241,200,7845.75615
85.505297,200,7848.922526
101.180414,200,7851.06735
91.206599,200,7853.191317
76.64574,200,7864.147044
-23.999045,200,7874.741204
-11.723087,200,7877.154691
-114.228023,200,7888.261141
116.406747,200,7890.386925
186.213267,200,7892.553586
132.596374,200,7894.823024
-34.921349,200,7898.307647
104.693933,200,7900.532226
116.903947,200,7911.436973
-38.231849,200,7913.707364
145.535213,200,7915.981939
151.557544,200,7918.219404
95.76274,200,7929.101684
107.056663,200,7931.278305
118.344301,200,7933.413956
160.019641,200,7935.660415
42.94532,200,7938.899703
52.072948,200,7941.171796
-24.874206,200,7951.551386
140.148356,200,7953.718894
57.507437,200,7955.766033
52.405368,200,7958.006037
292.693577,200,7960.206272
118.048981,200,7962.481591
101.817668,200,7973.388727
149.329862,200,7975.433315
187.307255,200,7985.687752
-136.332399,200,7988.992745
124.929474,200,7991.102899
-27.209031,200,7993.313197
-119.215365,200,8003.754096
110.336221,200,8005.979953
-29.804274,200,8008.129638
97.406384,200,8010.422199
223.511861,200,8015.063311
138.451538,200,8025.841351
-19.900855,200,8027.990432
-30.327153,200,8031.373001
-29.102954,200,8033.533876
-32.893856,200,8035.801417
93.394241,200,8037.885794
98.597563,200,8040.045431
115.425767,200,8042.241746
122.675561,200,8044.368629
-39.29161,200,8046.521065
8.776023,200,8048.639799
-104.607125,200,8059.258315
74.203462,200,8070.709573
-31.472565,200,8073.008101
5.75599,200,8083.624804
24.144447,200,8085.756781
7.764601,200,8088.05637
145.293799,200,8090.26138
105.140606,200,8100.994514
-38.683093,200,8111.825021
-34.17247,200,8114.040998
107.829441,200,8116.188189
178.543317,200,8119.490777
-20.869608,200,8121.552531
166.100671,200,8123.629526
-30.395419,200,8125.8715
172.899302,200,8128.066398
37.414979,200,8130.254888
17.207957,200,8132.499044
-30.304625,200,8134.610027
-13.966489,200,8144.92657
181.404931,200,8146.999917
-14.131801,200,8149.164416
139.635741,200,8152.453693
-26.272515,200,8154.600509
268.790114,200,8156.913577
-35.979378,200,8159.032269
128.55262,200,8161.281413
106.511179,200,8171.599759
97.235304,200,8173.630116
102.292805,200,8184.038819
-35.35239,200,8186.135963
26.694518,200,8188.130872
109.224036,200,8191.318104
-33.725279,200,8201.566956
87.561104,200,8211.743736
-38.771872,200,8213.954568
149.419581,200,8216.169724
-36.836379,200,8226.647136
51.872091,200,8228.68763
79.334403,200,8230.868291
157.076738,200,8232.965224
-25.044275,200,8235.041144
145.715713,200,8247.19293
104.148588,200,8249.604849
207.836816,200,8252.0238
-30.842335,200,8254.350911
208.440484,200,8256.836161
-91.772996,200,8259.221944
-35.305545,200,8261.554983
140.673042,200,8263.896014
108.961871,200,8266.086112
90.364355,200,8268.229405
137.350594,200,8271.618103
72.79678,200,8273.848712
-14.22294,200,8276.086581
-29.442862,200,8278.251723
135.347002,200,8280.400064
-38.040035,200,8282.469322
129.239504,200,8284.596285
-14.783402,200,8286.803117
-9.421775,200,8288.969872
-16.486193,200,8291.281608
252.391803,200,8293.871265
-114.354309,200,8297.796685
98.037066,200,8300.004673
119.425902,200,8302.226322
100.8882,200,8304.39728
-45.797998,200,8306.607621
-37.927042,200,8308.767277
148.914248,200,8310.991835
107.728212,200,8313.349795
221.068145,200,8315.609482
-39.1974,200,8326.444015
5.355744,200,8338.749453
50.070507,200,8340.933892
81.008621,200,8343.109229
2.387941,200,8345.420681
118.921,200,8356.068094
-31.255185,200,8358.136314
119.180507,200,8360.339353
219.536509,200,8362.479584
202.866864,200,8372.960154
89.0608,200,8375.123287
-35.579432,200,8378.422607
71.310498,200,8380.849398
-34.105919,200,8383.302048
96.681635,200,8394.179132
54.754509,200,8396.476699
-31.830349,200,8407.194525
65.654357,200,8409.398066
-36.499717,200,8411.421832
-32.87235,200,8414.586967
-111.323069,200,8425.021226
-35.199219,200,8428.23821
63.857756,200,8430.401354
