#{"t_start": 1632030033.428877, "env_id": "ScratchItchJacoHuman-v1"}
r,l,t
-86.73965,200,5.702108
-60.821747,200,10.871208
-58.162629,200,15.828011
-104.525974,200,20.717424
-54.450132,200,25.554919
-62.972692,200,30.577755
-46.725459,200,63.068023
-57.022711,200,68.129767
-28.745591,200,101.212553
-46.119459,200,106.07354
-28.0723,200,111.506053
-21.85758,200,143.953436
-72.227036,200,148.804203
-83.946914,200,153.976097
-3.796199,200,158.862891
-57.6302,200,173.300042
-37.549835,200,178.16897
-39.503601,200,183.033502
-48.172449,200,187.882881
-30.459677,200,201.940265
-31.641762,200,235.02915
-0.792485,200,249.145302
-3.842209,200,263.304737
-33.590072,200,268.446153
-29.269846,200,282.594664
-40.467581,200,287.785199
-43.334411,200,292.698219
-109.44219,200,297.540468
3.958112,200,302.561231
-32.844137,200,307.623168
-18.972056,200,313.220484
-31.285073,200,345.999418
-44.905124,200,350.914497
-11.518639,200,383.532066
-63.209566,200,388.562235
-5.696462,200,402.717277
-33.546692,200,407.652765
-4.463751,200,412.548147
-7.346795,200,444.783851
-9.716074,200,477.27581
-31.453449,200,482.978441
-44.99497,200,488.021928
-31.255326,200,492.829289
-32.985414,200,507.119991
-31.773127,200,521.200614
-26.577222,200,553.934586
-53.22008,200,558.723532
-11.771273,200,573.004225
-11.781059,200,606.320763
-31.990909,200,611.242062
-39.615268,200,616.326504
-34.638083,200,621.973897
-30.658678,200,636.197734
-21.196038,200,641.321735
-40.876959,200,673.934974
23.261213,200,678.889751
-37.029104,200,693.014669
-26.418604,200,697.926867
-23.536066,200,702.980762
-37.825096,200,735.39131
24.19206,200,740.501312
-43.96737,200,773.480036
-26.748603,200,778.437026
-44.45198,200,783.472391
-58.630816,200,815.831889
-31.561124,200,820.911012
-28.317273,200,825.894729
-54.485976,200,857.967982
-28.377562,200,862.989736
-25.400501,200,867.938722
-55.878981,200,882.109959
-23.220702,200,896.829382
-25.499748,200,929.228318
36.346442,200,934.433041
32.869026,200,939.361939
-30.755182,200,971.649528
6.10388,200,976.584855
17.561138,200,990.495051
-14.873065,200,1022.893915
-21.903775,200,1028.15562
-9.591821,200,1060.533517
30.033951,200,1093.452645
32.086087,200,1098.455646
-23.454249,200,1103.366317
26.427247,200,1108.299114
-9.398065,200,1140.496861
-27.125133,200,1145.412703
-11.262166,200,1150.323496
-26.388775,200,1155.220661
-29.681569,200,1160.100548
-68.409351,200,1192.459477
-46.43612,200,1224.589333
-30.511693,200,26810.844537
-29.300686,200,26815.826186
-75.878525,200,40709.365199
-36.106019,200,40714.460773
-32.556824,200,42030.263274
-29.004211,200,42063.833527
-41.712759,200,42068.789838
-29.232905,200,42073.827767
-26.661933,200,42106.401114
12.568662,200,42138.929362
36.669052,200,42144.564887
-28.556607,200,42177.694103
-35.683881,200,42182.6445
23.209034,200,42187.686079
-41.150292,200,42192.511895
-38.079917,200,42224.91745
-25.627497,200,42229.726295
-30.944801,200,42243.744802
36.857993,200,42248.685969
-46.904861,200,42281.301474
47.15952,200,42314.243328
-86.645923,200,42319.08021
-24.538973,200,42323.925919
-15.042224,200,42329.036039
-27.083466,200,42334.070106
62.022654,200,42338.979698
-73.055841,200,42371.783377
-33.41206,200,42376.760459
-26.905207,200,42381.733254
-60.267531,200,42386.833703
-31.347935,200,42419.715968
-19.576135,200,42433.861294
-32.91869,200,42438.736724
-29.849329,200,42443.755557
-26.481173,200,42448.58326
16.058201,200,42453.682393
-0.32718,200,42458.539474
-25.250661,200,42463.618199
3.701995,200,42477.840114
-1.207429,200,42482.922246
6.933776,200,42487.96143
-32.778505,200,42494.057647
-23.600837,200,42508.302439
1.273594,200,42540.881281
-36.9915,200,42545.782281
-24.985199,200,42550.687134
12.059318,200,42555.66533
-46.803294,200,42569.860926
-24.550522,200,42574.808392
35.131138,200,42579.68581
-27.886298,200,42612.342622
-33.951271,200,42617.767557
-37.416141,200,42622.63551
-23.515939,200,42627.574236
-26.396787,200,42632.581419
-45.151019,200,42637.638777
-36.163618,200,42651.581253
-7.143114,200,42684.164523
-28.18169,200,42689.079073
-31.996469,200,42694.014714
79.719064,200,42698.97624
-14.967887,200,42713.523182
-27.780802,200,42746.089988
-26.387422,200,42778.504981
-25.952766,200,42783.500054
-27.762212,200,42788.427367
-32.592918,200,42821.30056
17.048814,200,42835.374509
-58.238771,200,42849.475697
7.033522,200,42854.472537
-28.200087,200,42859.292338
-20.528818,200,42865.022917
-6.312631,200,42878.418833
-30.996374,200,42883.352799
19.392287,200,42888.123882
-26.23539,200,42920.425593
-2.211723,200,42925.353934
17.389136,200,42930.444029
-29.353801,200,42935.319319
0.326377,200,42940.284407
-40.766136,200,42945.377879
-24.77941,200,42956.033828
30.498344,200,42988.77981
33.213881,200,42993.529624
-38.203315,200,42998.26401
-25.107473,200,49436.90829
-24.791754,200,49441.78985
-24.500654,200,49474.45582
-33.226998,200,49507.354536
21.886832,200,49512.414345
-22.873719,200,49517.431674
-25.471132,200,49522.448066
-8.681535,200,49527.947426
-100.479764,200,49534.057767
-13.141589,200,49539.022534
-10.972138,200,49544.057629
117.151149,200,49549.028298
40.434811,200,49581.507302
-28.613158,200,49613.881229
-12.441086,200,49646.432963
-31.936737,200,49651.478346
45.769057,200,49656.609767
-25.120294,200,49671.346091
-5.107364,200,49685.531295
-18.105461,200,49699.593608
27.994042,200,49705.729697
-31.205783,200,49739.042134
-6.406377,200,49743.838542
-25.574588,200,49748.843629
59.822593,200,49781.824308
-34.722634,200,49814.59405
-24.578162,200,49819.589529
-30.710099,200,49852.717149
-65.560269,200,49885.181551
-26.980744,200,49899.590564
19.134984,200,49904.516956
-3.920547,200,49909.393165
-27.776844,200,49942.081597
-38.556108,200,49974.636265
-25.303992,200,49979.56539
62.820066,200,50012.025124
-35.220411,200,50044.739174
-25.364328,200,50077.45412
78.431584,200,50110.53813
-24.56003,200,50124.643063
-31.132977,200,50129.725094
-25.020164,200,50162.441582
-20.809739,200,50167.446006
-19.603612,200,50172.377023
-7.006252,200,50204.529524
25.445342,200,50209.541639
-27.610056,200,50214.413611
-19.391305,200,50219.320585
9.261907,200,50225.167664
-9.044133,200,50239.350212
-23.92815,200,50244.220344
-25.965403,200,50258.353067
57.325973,200,50263.423032
-27.743493,200,50268.451552
-19.834144,200,50301.125714
-22.055287,200,50333.879563
-29.665128,200,50366.429871
-69.550961,200,50398.668944
-25.888261,200,50404.373057
-29.463971,200,50436.859652
-18.176425,200,50441.766
-10.923916,200,50446.579405
-26.259534,200,50451.674899
-32.776813,200,50456.569887
-24.30102,200,50488.85962
-15.522602,200,50493.799172
-33.225839,200,50507.887281
-29.125808,200,50512.99406
-18.705962,200,50527.761527
8.442163,200,50532.679337
-22.401623,200,50537.648543
9.441604,200,50551.735827
10.964111,200,50556.642194
8.698036,200,50561.663731
24.506364,200,50593.984252
-27.272018,200,50598.840555
48.854748,200,50603.644351
-32.148831,200,50636.780191
-20.952272,200,50641.872298
72.680716,200,50675.135491
-6.090941,200,50689.21652
-29.811275,200,50694.290887
-13.121203,200,50708.350617
-17.709642,200,50713.411664
-26.157965,200,50745.8363
-25.385919,200,50750.68021
-29.127324,200,50755.674539
-20.090213,200,50760.652513
18.149304,200,50765.566745
-45.764178,200,50798.864365
19.190118,200,50803.820895
-29.908022,200,50808.790916
-30.683901,200,50813.84412
-23.24604,200,50818.688852
-35.157401,200,50823.63193
-23.22858,200,50828.561084
-25.974032,200,50861.335007
-27.368384,200,50893.785099
42.509955,200,50926.033296
-30.135556,200,50959.26348
-32.964742,200,50992.267989
-30.362715,200,50997.349202
-31.217526,200,51002.35791
-26.799936,200,51009.740846
-21.780299,200,51014.685936
-32.600711,200,51019.690763
-10.650144,200,51034.137401
-22.854935,200,51039.078592
-8.109499,200,51071.496018
-29.044035,200,51086.388779
-28.580567,200,51091.441289
-28.691277,200,51096.5287
-21.808835,200,51101.570261
6.26019,200,51134.462408
-27.395708,200,51139.383624
3.144714,200,51171.778412
-29.95469,200,51176.764313
-22.7043,200,51181.792463
3.671694,200,51186.772034
-14.944331,200,51192.48192
-23.481769,200,51202.036056
0.237306,200,51206.870194
-25.742882,200,51211.934765
-28.497119,200,51226.286849
-31.747447,200,51231.35703
-3.413045,200,51236.393202
-23.029297,200,51241.236743
-23.115121,200,51246.173817
26.167414,200,51251.062399
-21.423877,200,51283.207709
-29.349672,200,51288.807725
-11.195771,200,51321.520728
-35.298803,200,51335.761029
-6.626835,200,51340.751172
-24.8853,200,51373.471126
11.852964,200,51405.695819
-25.128638,200,51410.684537
-29.371358,200,51424.901576
8.144977,200,51429.858396
91.508557,200,51443.877459
-29.853043,200,51449.341984
-22.786131,200,51454.192906
-31.286122,200,51459.315823
-66.848403,200,51492.294633
-21.014982,200,51497.321425
-18.665708,200,51529.963914
-38.631243,200,51535.050613
-30.532276,200,51540.082746
-30.881949,200,51544.952355
-24.720989,200,51550.033609
49.196827,200,51555.711941
-28.229154,200,51560.814657
34.073686,200,51575.45145
-23.528249,200,51580.533769
-26.885638,200,51585.488393
-70.333869,200,51619.120585
44.199651,200,51624.164353
-31.321794,200,51629.267885
-25.421922,200,51634.500707
22.311801,200,51639.399704
-27.008929,200,51644.97141
-21.792155,200,51649.965424
-27.546318,200,51655.114445
-28.863383,200,51660.115036
-25.998028,200,51674.678108
-18.550126,200,51688.882436
-26.215178,200,51693.927553
-38.803628,200,51698.803628
-23.033443,200,51703.801119
-23.154471,200,51718.093369
-29.543698,200,51722.996022
-25.209239,200,51756.244352
-31.326947,200,51761.256165
-14.405188,200,51766.181246
-26.176952,200,51771.233701
1.478955,200,51776.49599
-18.348693,200,51781.520348
-21.202952,200,51786.457519
9.56519,200,51791.451923
72.529777,200,51824.103095
81.624165,200,51829.142996
-9.102532,200,51862.633048
35.197375,200,51867.628714
-0.159701,200,51872.680938
-30.689966,200,51877.712922
-25.85053,200,51882.709799
16.898751,200,51887.716221
53.826608,200,51892.895965
24.167582,200,51897.951719
19.674918,200,51912.26838
17.109606,200,51926.594622
-19.663142,200,51932.396773
-26.964903,200,51937.301933
-32.048749,200,51942.402534
-23.952758,200,51947.385834
-22.557985,200,51952.310983
13.715482,200,51984.870273
28.177614,200,51989.706636
-33.260677,200,51994.71848
-1.06549,200,51999.623896
-18.098196,200,52004.467899
-22.546398,200,52010.214208
-19.144939,200,52015.184502
58.485823,200,52021.609449
25.873125,200,52026.533545
69.896368,200,52031.470265
-26.323745,200,52036.390735
-1.883609,200,52069.384619
-31.975817,200,52083.520431
-3.114981,200,52115.738414
-29.493444,200,52120.898163
-24.151371,200,52125.857202
56.804687,200,52131.370257
23.603157,200,52163.922124
0.838565,200,52168.737782
25.451468,200,52173.601199
-18.155469,200,52206.23678
-28.944368,200,52211.210622
-48.372944,200,52216.223413
45.758409,200,52221.125694
-25.881508,200,52254.014223
93.288974,200,52268.246312
-27.269408,200,52301.457773
-17.878002,200,52306.463279
-27.461114,200,52311.444944
-20.294978,200,52316.26068
-1.242059,200,52349.152626
-26.807665,200,52354.034308
-25.36792,200,52359.1313
6.829834,200,52373.425109
72.970898,200,52378.496633
-34.153688,200,52383.488216
-23.980304,200,52398.32297
47.798715,200,52403.251795
-34.010447,200,52408.36228
132.400063,200,52413.511643
17.465832,200,52418.573397
-28.4388,200,52423.651625
-28.282629,200,52437.899386
-23.576861,200,52442.984825
-82.13351,200,52457.357767
-23.202248,200,52489.952185
-26.653618,200,52504.661345
-21.568535,200,52509.58698
94.993683,200,52514.716816
50.43926,200,52547.266904
-28.024333,200,52552.32452
-29.13648,200,52584.727717
38.179362,200,52590.036064
-31.66136,200,52594.971177
-28.980028,200,52599.946914
-23.234405,200,52632.398092
44.605228,200,52637.22713
-23.776415,200,52642.780267
-33.842038,200,52675.388097
-7.937109,200,52680.220047
-29.100653,200,52685.159998
-23.639807,200,52690.193577
-24.017094,200,52722.688855
12.712393,200,52755.271873
-31.822564,200,52787.639395
-29.190244,200,52801.957775
7.867542,200,52806.932116
20.007783,200,52821.659428
-22.270016,200,52826.586559
9.947317,200,52831.425825
-25.109254,200,52864.262579
-15.51152,200,52869.310494
-24.021361,200,52874.453521
-28.323722,200,52907.041135
-13.662552,200,52912.105231
55.107522,200,52917.175451
-26.505671,200,52922.249149
37.277831,200,52927.915342
-34.234195,200,52932.765392
-21.949241,200,52937.67366
-11.144606,200,52969.980961
123.919349,200,52975.208822
-1.512703,200,53007.82453
-20.766499,200,53012.912529
20.897622,200,53017.766612
13.825044,200,53022.717265
-21.342584,200,53055.253271
-7.218967,200,53060.726366
-22.409312,200,53093.204722
-16.363003,200,53098.088128
-22.930183,200,53103.067204
-49.345417,200,53117.395936
-21.394957,200,53122.41042
15.861873,200,53127.551488
-24.209389,200,53132.735817
-14.189962,200,53137.663785
-30.017295,200,53142.796335
-20.765979,200,53147.859406
6.63831,200,53181.123924
12.158502,200,53186.187619
-34.969986,200,53218.447686
2.556444,200,53250.736911
-13.544378,200,53255.587903
36.350119,200,53260.748974
41.659318,200,53275.001199
-7.897366,200,53289.1855
78.908947,200,53294.269578
-27.340237,200,53299.230087
26.088942,200,53304.750015
-29.926889,200,53337.055993
25.379549,200,53369.677412
-6.180109,200,53374.570661
-29.180156,200,53388.966197
-11.905316,200,53393.854587
-115.809107,200,53398.73881
39.736639,200,53430.933349
-25.490866,200,53435.882143
35.712307,200,53468.387407
-20.817948,200,53473.997158
19.598245,200,53506.757794
-33.603681,200,53539.259185
-29.610986,200,53544.113268
-44.72264,200,53576.360723
-17.918026,200,53581.292944
-26.940639,200,53613.785016
-29.108383,200,53618.822036
-18.475123,200,53623.984759
15.208919,200,53628.93538
-28.939855,200,53662.099385
-24.111407,200,53667.299848
55.094634,200,53672.209642
-41.106544,200,53704.8945
-4.339876,200,53709.708974
-23.682584,200,53714.723366
11.206791,200,53747.138143
-17.294744,200,53752.198276
-21.139119,200,53757.157603
109.381914,200,53761.975519
0.060437,200,53794.770864
-25.331014,200,53800.190132
36.888087,200,53806.885849
-28.704307,200,53811.776834
-24.318633,200,53816.890764
38.697314,200,53849.907543
-27.340629,200,53854.779606
-8.013778,200,53887.390788
-20.10637,200,53892.220245
40.866659,200,53897.173792
42.459876,200,53929.992185
-20.639051,200,53935.567033
-29.09795,200,53940.690753
2.484856,200,53973.401938
135.763423,200,53978.37309
-33.839182,200,54011.359083
-14.771475,200,54025.557067
52.825474,200,54058.065871
-32.563363,200,54072.17068
49.604495,200,54077.394821
-14.592792,200,54082.250686
-9.450642,200,54087.960397
-30.984286,200,54093.015697
5.355967,200,54097.886222
65.546798,200,54102.902383
-26.874006,200,54107.995839
-5.340929,200,54114.319408
51.758183,200,54119.274669
37.428211,200,54124.319152
6.97979,200,54129.687414
-33.663439,200,54162.67039
-18.429235,200,54169.091591
-25.796929,200,54174.81163
-29.387665,200,54180.619935
-24.060151,200,54186.524751
-23.512414,200,54195.6096
42.638461,200,54201.741132
-24.639207,200,54244.001801
-24.128814,200,54250.887311
25.404365,200,54291.937138
-31.631956,200,54298.3157
-24.43728,200,54305.803049
121.422586,200,54346.52859
-40.584646,200,54362.001644
15.661812,200,54366.877142
-21.780757,200,54371.752335
-23.99078,200,54385.579641
16.764447,200,54390.420886
90.177656,200,54395.449323
-21.773068,200,54400.572449
2.028584,200,54405.484696
-30.151594,200,54438.200104
-48.117037,200,54453.090435
-11.055334,200,54467.236075
66.070091,200,54472.216981
-21.477995,200,54504.700339
18.401039,200,54509.645765
-27.577275,200,54542.522143
-21.453726,200,54547.349467
-14.683269,200,54552.31135
57.803082,200,54566.690448
18.049558,200,54599.500492
-27.346407,200,54605.181636
-4.091912,200,54610.001841
-23.162609,200,54615.02105
-24.909385,200,54619.922949
-26.748988,200,54624.962706
-24.482084,200,54629.918903
-29.88838,200,54634.916802
-21.424385,200,54639.841912
-24.439904,200,54672.492005
-27.694611,200,54677.449088
5.708626,200,54692.319491
-35.66679,200,54706.597695
-29.516372,200,54721.104267
-51.08538,200,54735.194268
-20.712283,200,54740.262838
-28.625598,200,54772.678286
27.631393,200,54777.64461
60.565301,200,54810.093812
-26.942253,200,54824.131733
-21.595277,200,54838.385955
-15.827462,200,54871.748722
-24.172956,200,54885.764281
40.664061,200,54900.246487
5.535943,200,54905.326607
-16.130834,200,54910.485521
-37.846005,200,54942.954805
-42.156073,200,54947.95046
-20.245845,200,54953.197858
-19.02278,200,54967.568137
-28.463537,200,54972.473087
-22.297562,200,54977.622522
-31.771951,200,54992.363153
-27.064366,200,55006.416128
-31.896377,200,55039.192417
-24.698911,200,55044.12709
25.134327,200,55058.218694
7.189053,200,55063.140458
-35.0264,200,55077.335903
17.880194,200,55091.451542
-25.828196,200,55124.08178
21.335717,200,55129.032899
32.717749,200,55143.889472
-8.124667,200,55148.761487
-26.002823,200,55181.501808
-20.3468,200,55186.578978
22.258376,200,55218.88614
-23.005141,200,55223.842726
-4.107961,200,55228.993919
-25.169646,200,55261.474242
63.388858,200,55266.915252
-28.818618,200,55299.542895
-29.670401,200,55332.785405
2.107613,200,55337.705065
-24.46425,200,55342.690514
38.017195,200,55347.773779
33.760429,200,55362.012822
10.562845,200,55366.867067
-6.152891,200,55371.939042
85.588416,200,55376.946971
-56.781154,200,55409.493971
-38.26974,200,55442.417792
-29.276319,200,55475.626259
-26.902144,200,55480.849925
54.581032,200,55485.909344
-8.087537,200,55518.620342
-14.621123,200,55523.448949
-27.548966,200,55528.439759
54.188587,200,55533.378017
-17.333098,200,55538.456338
37.648777,200,55543.50589
16.460826,200,55548.337284
62.545562,200,55553.310593
-27.513949,200,55558.94125
62.499156,200,55563.972564
-24.496464,200,55568.940824
-22.326442,200,55573.859995
-22.017574,200,55578.864302
-21.639677,200,55593.190111
4.97553,200,55597.986459
-24.636249,200,55603.068375
-23.54732,200,55608.285196
5.084656,200,55613.313765
-13.181187,200,55618.796641
-23.62448,200,55623.757072
-26.131595,200,55655.981504
-21.44932,200,55669.203146
-32.676649,200,55683.784756
74.669849,200,55688.810805
-23.270311,200,55721.230721
-59.474869,200,55726.224442
46.971688,200,55731.769203
-24.469688,200,55737.031215
2.615274,200,55742.634131
41.426997,200,55747.428353
-26.19633,200,55752.483887
9.47892,200,55766.558799
-25.58396,200,55799.342524
-25.086959,200,55804.307551
-17.204403,200,55809.168367
10.511605,200,55841.820752
13.372932,200,55846.887184
-49.505399,200,55851.960526
69.22835,200,55866.943938
-32.385419,200,55899.57132
3.167328,200,55932.475147
-5.156277,200,55965.098914
15.919406,200,55997.608845
30.874587,200,56030.356829
76.523927,200,56035.29374
-49.06097,200,56067.930874
-45.225494,200,56101.122251
-40.57866,200,56133.899193
-24.352065,200,56166.555009
54.505341,200,56199.728698
-14.8829,200,56204.567652
-31.681602,200,56209.700402
-28.64198,200,56214.645964
-17.361775,200,56219.612235
-29.642576,200,56224.433847
-26.442375,200,56229.632104
-35.262845,200,56262.361136
-28.247371,200,56267.379777
21.7197,200,56300.283166
40.614318,200,56305.985214
31.55582,200,56311.082069
-4.040188,200,56316.135941
-27.52632,200,56348.344027
-70.894952,200,56380.51996
68.880005,200,56385.441706
0.033549,200,56390.508045
-29.740972,200,56395.604289
-3.955913,200,56400.552059
93.662892,200,56405.678848
-25.340604,200,56411.257709
-32.266893,200,56425.467619
27.8305,200,56430.296982
-24.794442,200,56435.456913
-23.434225,200,56440.442383
-27.161856,200,56445.611198
-24.622044,200,56450.557552
-23.867742,200,56482.793225
-36.99054,200,56515.450212
-27.912595,200,56548.134334
-1.51997,200,56553.628535
-10.973542,200,56558.673246
-19.282303,200,56563.657503
-18.543696,200,56568.767634
-9.810942,200,56573.789483
-27.364,200,56579.060115
26.654426,200,56584.027399
-81.592956,200,56616.89991
-28.227042,200,56622.036335
-21.033157,200,56655.015388
-22.353991,200,56659.925846
-27.735998,200,56665.624428
-0.609242,200,56670.762593
-31.994959,200,56675.847842
8.81175,200,56708.220049
-26.473992,200,56713.406562
43.179633,200,56718.513061
-29.133527,200,56723.455054
-28.101348,200,56737.67961
-29.836857,200,56742.560974
-34.880691,200,56756.634402
-35.631455,200,56762.330118
-35.661154,200,56767.425638
-25.981369,200,56772.36867
-28.241371,200,56777.607334
-33.424446,200,56810.346994
-29.364188,200,56815.203038
1.464743,200,56829.119983
42.174084,200,56834.23607
-23.386756,200,56866.974431
-30.561687,200,56899.198306
-31.061378,200,56932.404154
67.82442,200,56937.57795
-23.978212,200,56951.766209
-29.930294,200,56956.992093
-23.117407,200,56961.9014
28.480831,200,56966.867521
18.564561,200,56999.43396
20.210612,200,57004.540095
-23.5146,200,57009.472852
-23.000837,200,57014.280817
-31.691515,200,57019.857043
-7.883417,200,57024.89512
-20.729213,200,57057.842846
8.86555,200,57090.297486
16.498725,200,57123.088255
-22.320268,200,57128.02295
26.768744,200,57142.209076
-3.105963,200,57156.36399
-33.677399,200,57161.53607
-10.722109,200,57166.472405
-28.38066,200,57198.86776
-43.20605,200,57232.344275
50.335574,200,57237.457931
-31.882673,200,57242.652245
-3.626617,200,57256.790292
47.180998,200,57261.67622
-19.2463,200,57275.912808
23.952418,200,57282.825002
-28.956287,200,57287.786283
-0.978914,200,57320.320403
-7.601143,200,57352.583783
-11.317609,200,57358.287878
10.45979,200,57372.442827
-28.370049,200,57377.571845
77.131395,200,57382.65946
5.205092,200,57415.483216
52.1461,200,57429.649765
0.00939,200,57434.734181
-8.7544,200,57439.737324
-26.656496,200,57453.950328
26.650972,200,57459.060921
-31.049838,200,57492.837893
-32.2094,200,57497.750455
-32.233246,200,57530.633105
-75.849602,200,57563.076301
-90.204899,200,57596.04231
-52.254358,200,57628.822287
-22.314091,200,57633.871654
-6.543099,200,57638.960231
-19.991259,200,57644.003262
-6.846261,200,57658.393676
-28.749385,200,57663.855188
-48.884647,200,57696.384198
-20.113669,200,57701.472578
-18.695551,200,57706.419541
-62.289986,200,57711.418543
6.113516,200,57716.556891
-88.13742,200,57749.012743
-31.989672,200,57763.112573
-26.31962,200,57795.869062
-26.714087,200,57800.833093
-21.95592,200,57806.501795
35.004802,200,57839.329394
-45.385927,200,57844.405164
4.931165,200,57849.314118
-25.343982,200,57881.403923
-17.258941,200,57886.242985
34.787754,200,57900.645083
-38.030039,200,57906.092665
-25.980852,200,57911.455297
-41.174528,200,57916.844485
-30.846298,200,57949.614595
-4.085672,200,57955.029472
-19.584212,200,57959.956687
22.737586,200,57992.571479
73.641369,200,58025.064771
-26.432865,200,58030.017039
41.118381,200,58035.093565
27.065182,200,58067.542216
-23.772653,200,58100.061407
-26.525913,200,58104.990068
-26.197149,200,58109.951889
76.89495,200,58115.573114
-29.987403,200,58120.553161
-152.461144,200,58127.37271
-38.73947,200,58160.222692
60.276207,200,58165.033961
-5.710125,200,58169.970813
-13.244423,200,58203.054084
-26.430915,200,58208.187651
-66.084505,200,58240.669125
13.829632,200,58245.540267
-21.923974,200,58278.259667
-31.059511,200,58292.411141
-25.475387,200,58306.578534
-6.761752,200,58339.263759
-66.288946,200,58371.560182
15.337003,200,58404.366083
122.412954,200,58409.531405
0.739199,200,58442.048747
-31.790015,200,58456.377706
-66.314017,200,58470.626877
-29.832102,200,58503.685224
-22.918201,200,58508.845157
-36.40805,200,58513.915179
-40.401934,200,58546.296533
-24.991266,200,58560.488234
-50.023088,200,58565.406218
-31.486542,200,58570.416777
-23.510721,200,58575.378905
0.978295,200,58589.445876
7.906575,200,58621.959596
2.851484,200,58626.916556
58.711374,200,58660.262293
-25.099154,200,58665.169375
-19.950755,200,58697.526785
3.337662,200,58702.434074
-23.085184,200,58707.511679
13.011719,200,58712.474558
-12.540254,200,58717.358319
60.100253,200,58722.373898
-22.362666,200,58755.451526
12.659956,200,58760.515852
-15.415746,200,58775.2425
-21.016968,200,58780.130082
-33.763212,200,58785.056411
-2.804369,200,58790.172531
-26.50831,200,58822.464896
-28.486077,200,58836.476857
-31.446303,200,58841.306161
-32.426096,200,58846.354738
17.455502,200,58851.45001
-25.162012,200,58883.752725
41.915493,200,58889.467716
-32.546927,200,58921.89275
-17.817463,200,58926.78182
-26.3507,200,58959.266684
35.518422,200,58964.127239
-23.573449,200,58969.201428
-33.83945,200,58974.239121
-24.541295,200,58979.088366
-34.070386,200,58984.013242
-21.837001,200,58988.930507
-25.937753,200,58994.5202
-24.655854,200,59008.771143
-34.930157,200,59013.996019
-28.254557,200,59046.564494
12.398204,200,59051.659057
-38.572504,200,59084.482188
-22.985794,200,59117.550976
-24.780182,200,59122.496182
-28.218079,200,59133.854811
-32.37237,200,59138.758679
-22.739759,200,59146.192839
-2.607652,200,59151.761873
16.068092,200,59184.649352
-32.609003,200,59189.729117
-6.971829,200,59194.709166
-30.292004,200,59199.613797
-38.596703,200,59213.960196
-25.396688,200,59228.180346
-10.007783,200,59233.172884
-24.643401,200,59238.113996
-9.488918,200,59270.410741
-24.626575,200,59304.122568
46.582553,200,59309.309111
-21.965175,200,59314.08979
-10.239874,200,59319.102535
-21.578939,200,59323.993832
-28.835932,200,59338.081994
54.414525,200,59370.73642
-24.290191,200,59375.613683
-23.356411,200,59380.555931
81.383347,200,59385.375729
-34.993054,200,59390.890501
5.358227,200,59405.283333
-24.522639,200,59419.468655
-23.642293,200,59424.343755
-28.586596,200,59429.192129
19.285708,200,59462.187545
-33.986949,200,59467.102298
41.325429,200,59471.972744
29.810101,200,59476.996224
-11.351606,200,59482.042166
14.692808,200,59487.867274
-22.115185,200,59501.924363
-31.569751,200,59534.44808
-42.034587,200,59539.324882
12.51265,200,59544.225464
-28.414377,200,59558.392445
-24.524968,200,59563.344698
-30.302713,200,59568.454752
-28.059785,200,59573.397275
29.299825,200,59606.152991
-26.327528,200,59611.130019
98.098917,200,59616.657821
-20.962243,200,59621.82943
-26.909725,200,59626.696355
-11.991803,200,59640.965235
-28.600808,200,59646.09539
-12.00423,200,59651.059529
10.111623,200,59655.916857
-28.009952,200,59660.885588
-3.068089,200,59665.998658
58.957018,200,59680.322784
8.2495,200,59713.887848
63.864181,200,59718.708672
-22.241902,200,59733.052019
-28.038883,200,59747.19167
-97.568707,200,59761.2657
-26.205017,200,59766.306823
-31.641482,200,59799.181216
-12.648765,200,59804.095304
-19.20606,200,59809.091756
-25.128241,200,59814.02909
73.622135,200,59819.729412
-29.2071,200,59824.775607
-26.788594,200,59829.689939
-14.120208,200,59834.554203
-12.363061,200,59839.398763
-38.771053,200,59844.822569
-30.526089,200,59850.115633
-28.943589,200,59855.250223
-31.887618,200,59860.331648
-1.258305,200,59865.288083
42.105561,200,59870.862585
-25.027416,200,59875.836797
-25.841212,200,59880.939231
10.250526,200,59886.092312
18.132695,200,59899.367187
-22.989149,200,59913.21209
-23.48149,200,59920.749479
-22.065573,200,59952.906759
-20.014363,200,59957.960941
2.338489,200,59963.062672
-32.287462,200,59995.49287
-40.065137,200,60001.079847
-35.801773,200,60005.992413
-11.324584,200,60011.087795
28.037556,200,60015.950435
-1.726469,200,60029.991455
-22.937944,200,60035.074808
45.545398,200,60067.767988
70.796694,200,60072.837662
63.056719,200,60077.943477
21.828755,200,60083.023852
-20.412425,200,60088.72262
-19.757822,200,60093.907893
-23.555561,200,60098.873932
33.381277,200,60131.598275
-22.054083,200,60136.701439
-28.871619,200,60169.59276
23.0502,200,60174.460607
-41.53749,200,60207.394925
-24.269668,200,60239.754908
-10.682048,200,60244.630718
-14.509495,200,60250.12388
-9.980407,200,60255.317588
-27.111253,200,60260.432392
-33.712992,200,60265.432032
-36.265129,200,60270.445584
-69.160041,200,60303.099467
-19.504551,200,60307.900158
-24.731237,200,60312.850103
-18.606685,200,60345.091142
-20.438134,200,60350.015137
-34.383216,200,60383.716169
70.879303,200,60416.286135
33.404741,200,60421.166222
32.671882,200,60426.163362
-22.991187,200,60431.235899
6.084585,200,60463.873685
-26.89828,200,60496.76562
-17.607658,200,60501.663471
-36.835855,200,60515.821491
-22.815492,200,60548.871916
-1.627334,200,60553.768113
-25.430411,200,60559.403027
38.886613,200,60568.67802
-36.257426,200,60582.880416
-8.965835,200,60597.387619
-97.524544,200,60629.966728
28.030962,200,60635.095473
121.432477,200,60667.398207
-27.619344,200,60681.453284
-34.622301,200,60686.620756
11.382835,200,60691.462752
29.094359,200,60697.195922
11.423551,200,60729.697776
80.706472,200,60734.871075
-30.811896,200,60739.753947
-110.030689,200,60772.186576
-38.879313,200,60805.197941
-28.992568,200,60810.08574
65.636311,200,60815.166965
72.235672,200,60829.406422
-19.564172,200,60843.490565
-30.351403,200,60876.899145
0.711236,200,60882.07647
-30.901435,200,60887.19031
-13.399925,200,60919.720236
-24.5125,200,60952.117641
-28.849214,200,60966.258124
-23.072558,200,60971.233006
52.895731,200,61004.102232
30.368417,200,61010.402992
-42.466314,200,61015.288023
-26.111896,200,61048.412627
-10.79741,200,61053.417798
45.067033,200,61058.356675
-27.451955,200,61066.985214
-15.515262,200,61071.975026
1.501346,200,61086.304422
-30.285103,200,61091.285752
-4.847538,200,61096.228077
-9.483827,200,61101.171236
-27.709824,200,61110.289017
-24.800021,200,61143.961305
0.991681,200,61149.056475
-29.429669,200,61154.049909
-27.590987,200,61158.996333
-3.019686,200,61163.834101
-26.14476,200,61178.271495
-24.432073,200,61183.360518
-32.995055,200,61197.739092
14.121335,200,61212.081694
-3.839557,200,61216.994589
-25.609183,200,61240.581508
-7.374431,200,61274.170669
-29.751383,200,61279.24287
-41.327113,200,61311.949416
84.230688,200,61344.497949
-16.456185,200,61358.467019
-32.424868,200,61363.373031
2.955137,200,61368.270336
-23.453911,200,61373.45917
42.033459,200,61387.659559
-22.345765,200,61392.879136
-28.633493,200,61399.052608
37.198438,200,61403.97267
-32.80972,200,61408.963087
-31.927262,200,61413.99156
-26.792271,200,61418.892432
-23.00653,200,61423.867672
42.999444,200,61428.924714
-21.387805,200,61434.051146
75.330348,200,61466.845141
95.145224,200,61471.91617
19.921608,200,61477.416492
-27.210781,200,61509.964873
-29.1748,200,61515.107995
-25.658514,200,61520.05273
-28.354371,200,61534.189685
-2.949772,200,61539.142953
-30.783819,200,61572.269673
-23.434206,200,61578.227643
10.743982,200,61611.202679
-32.302192,200,61625.232181
-10.997528,200,61630.761798
2.386305,200,61635.58583
-26.83007,200,61640.477902
3.835751,200,61645.281369
58.534062,200,61659.570634
-28.926503,200,61673.711277
33.273328,200,61678.757927
-13.625831,200,61711.783981
32.494737,200,61744.085011
-8.65445,200,61748.948651
-22.430452,200,61763.098337
39.424183,200,61796.321529
32.244635,200,61801.381612
48.18431,200,61806.300612
-28.859128,200,61811.402574
90.6442,200,61825.648005
49.125233,200,61858.182183
43.703937,200,61863.280958
-27.891573,200,61877.50106
-30.628265,200,61910.173808
37.421257,200,61942.617465
-27.480434,200,61952.963809
53.85272,200,61958.063683
63.875252,200,61963.135017
-45.678153,200,61977.411283
-51.14195,200,62009.679765
-33.138901,200,62024.146901
-16.217729,200,62038.439843
-54.379652,200,62071.182008
-25.415333,200,62103.961818
-17.916889,200,62136.708404
-22.426619,200,62142.187313
-19.430197,200,62147.244664
39.931929,200,62161.504339
26.855593,200,62194.051606
-25.50018,200,62199.194753
-19.064481,200,62204.233297
48.592835,200,62236.806135
6.036432,200,62241.853447
54.181002,200,62246.819401
-24.480047,200,62251.807088
10.268949,200,62257.351102
-12.864696,200,62290.0258
-28.879018,200,62295.058075
44.869048,200,62300.183281
14.437172,200,62305.237121
-29.578403,200,62310.436152
-24.048993,200,62342.98492
75.845482,200,62375.584139
122.194258,200,62380.516808
-22.374749,200,62413.171084
61.843877,200,62418.01316
28.923786,200,62423.441499
69.475008,200,62428.42676
-28.118698,200,62460.853743
36.679359,200,62465.979461
-1.91992,200,62470.975447
-17.303856,200,62503.849128
-31.025945,200,62517.867643
49.460511,200,62522.95115
34.700537,200,62527.952557
115.713217,200,62532.862315
-27.026963,200,62566.052678
12.987835,200,62571.066967
29.20971,200,62576.169841
-24.92157,200,62581.051695
46.84824,200,62613.840182
-31.082286,200,62624.251296
26.143487,200,62656.760587
-27.389647,200,62689.755425
0.1244,200,62694.591163
28.067884,200,62727.386323
-27.291206,200,62733.14338
-24.676726,200,62765.99825
-22.06458,200,62798.890845
-28.830912,200,62804.019999
65.643149,200,62809.037672
20.280252,200,62841.71269
-19.840003,200,62846.554785
-3.778231,200,62860.805542
104.214439,200,62865.949402
27.452843,200,62870.875167
38.35436,200,62876.489275
34.523544,200,62881.573996
38.48524,200,62886.803866
17.342299,200,62891.852226
-19.726248,200,62924.915492
-9.945433,200,62930.020056
-22.945897,200,62962.906056
-21.313088,200,62977.369047
90.761956,200,62982.290826
-26.772978,200,62987.418381
0.414335,200,62992.588524
-24.916043,200,63025.942831
59.669012,200,63031.001159
44.322602,200,63045.130525
62.786419,200,63050.284014
-1.792489,200,63055.468353
15.012103,200,63060.467028
-26.834831,200,63065.818502
-9.512322,200,63080.067893
-23.663161,200,63085.138742
11.438172,200,63090.202445
-31.643964,200,63095.79002
57.291727,200,63109.93124
33.562115,200,63143.106087
-3.250386,200,63147.932878
12.915488,200,63152.816781
28.652224,200,63157.829988
-36.753139,200,63190.501883
-47.689086,200,63222.911641
-23.399541,200,63237.082148
54.028006,200,63242.273532
-24.925106,200,63275.561193
-4.267096,200,63308.239338
-28.483988,200,63313.340807
76.103208,200,63345.966763
-10.209202,200,63351.035947
-133.742604,200,63384.112273
-9.441965,200,63416.985016
53.50074,200,63421.937969
30.470758,200,63454.761324
-42.135388,200,63487.587547
0.628637,200,63493.209102
-28.789414,200,63498.112028
18.618825,200,63530.83516
-5.557475,200,63535.667922
-12.533645,200,63540.643697
-29.652433,200,63554.746204
-24.302008,200,63559.701427
69.786539,200,63564.650325
-28.662817,200,63597.758024
-30.652954,200,63602.699956
-27.35187,200,63607.530036
-16.133343,200,63613.040086
-32.125768,200,63618.028611
4.214249,200,63632.370896
104.994114,200,63637.484594
90.346177,200,63642.58103
-3.165233,200,63647.429671
-17.796653,200,63652.416939
-2.399873,200,63657.582232
-31.505703,200,63690.346304
-24.533721,200,63704.406604
-20.647634,200,63719.262997
-30.335661,200,63752.343764
120.035747,200,63757.483798
79.116916,200,63790.25037
-17.011144,200,63795.184479
-30.218895,200,63800.037279
109.552649,200,63833.021331
-23.913243,200,63838.090947
-78.444416,200,63870.702898
-20.871787,200,63875.808118
-28.482278,200,63881.293824
-17.62966,200,63914.061934
-22.930056,200,63919.541339
-30.299228,200,63924.673092
-68.232449,200,63957.139604
-20.134459,200,63962.216046
26.737982,200,63967.30793
-9.677194,200,63981.433348
-4.469022,200,64014.125997
-41.544088,200,64019.110559
-33.990036,200,64052.549787
-27.008481,200,64085.045699
2.601537,200,64090.000526
5.913941,200,64104.137967
-26.839526,200,64109.283912
2.400006,200,64114.321605
36.470114,200,64147.137733
-14.434993,200,64179.76839
-20.239889,200,64184.667969
-1.962595,200,64189.589218
-21.14743,200,64194.675589
-23.220415,200,64200.265796
-2.94962,200,64214.642604
-40.301596,200,64247.461247
-16.670862,200,64252.498232
-33.155133,200,64257.793807
-22.603072,200,64272.017544
-21.850937,200,64277.015212
-20.944372,200,64281.936374
88.052894,200,64314.447569
28.535312,200,64319.576646
-22.348041,200,64325.171846
-29.486586,200,64330.058214
-14.913687,200,64334.984754
-11.760646,200,64339.997934
45.9452,200,64345.00232
2.207322,200,64377.815524
-27.063187,200,64382.901063
83.767004,200,64387.901932
-26.370113,200,64402.11053
48.008023,200,64416.2015
-30.155058,200,64422.000961
44.445798,200,64427.074721
-29.252221,200,64431.996926
73.042396,200,64437.235052
90.822827,200,64442.117283
-19.422539,200,64447.043562
-32.317677,200,64452.146744
57.258095,200,64457.245064
10.448976,200,64462.148028
-28.052371,200,64467.182317
-24.259089,200,64472.91577
-8.941136,200,64477.862084
29.263734,200,64483.087658
-16.764402,200,64488.787893
-23.286026,200,64494.312829
-39.155873,200,64499.823015
-19.872915,200,64513.869265
-2.289,200,64545.985911
7.761401,200,64550.901461
-23.415597,200,64555.908173
145.744699,200,64561.649175
-26.383181,200,64566.732279
-35.649815,200,64571.770503
49.251949,200,64576.713313
-18.569862,200,64581.712805
-144.563127,200,64595.724719
-25.482356,200,64600.850843
-22.232332,200,64605.945987
-25.149814,200,64610.97591
-8.30474,200,64616.004036
-29.522039,200,64620.856681
29.466119,200,64626.414753
32.746802,200,64631.38788
-31.175082,200,64663.910134
9.385595,200,64678.001754
-26.590856,200,64710.784717
80.590511,200,64715.704786
-19.878608,200,64720.507252
-30.5056,200,64725.309395
110.838694,200,64730.368571
-25.548248,200,64735.443511
-2.209409,200,64741.231794
-22.26203,200,64755.520479
-28.003805,200,64760.433099
0.643944,200,64774.759584
-13.341021,200,64779.753712
61.016609,200,64793.886657
-28.70924,200,64799.041186
-25.509846,200,64831.834327
48.662416,200,64836.883227
-45.936721,200,64851.256499
-21.332457,200,64884.729912
-34.505159,200,64917.242721
126.334187,200,64922.254655
4.439716,200,64936.335579
7.49507,200,64941.324793
92.059306,200,64946.501259
-49.072475,200,64979.244455
70.577962,200,64984.370865
51.62537,200,64989.317892
-27.552413,200,65021.91106
-29.830412,200,65054.756003
-24.624564,200,65069.137532
-30.39601,200,65102.222574
-7.600577,200,65134.87577
-22.023467,200,65167.639375
28.703208,200,65200.224023
-20.877853,200,65205.148422
-23.223317,200,65238.000785
-25.679208,200,65248.029607
-24.610878,200,65262.237214
-23.190857,200,65267.148742
98.289511,200,65300.576964
2.49745,200,65333.412422
46.389687,200,65338.492864
-29.761036,200,65352.49446
58.971819,200,65357.585549
-25.447563,200,65362.670096
2.620216,200,65367.598114
84.970965,200,65374.359317
-33.415421,200,65379.451281
-9.87563,200,65384.292895
-21.914809,200,65389.965397
-24.009186,200,65394.846416
23.220658,200,65409.339604
-28.954916,200,65423.632208
-22.697647,200,65428.656661
-16.791834,200,65443.044659
-4.261131,200,65475.722568
80.223538,200,65490.207402
-32.399712,200,65504.558148
-84.894246,200,65537.450078
-11.458215,200,65570.741668
-20.943791,200,65603.235119
-19.229604,200,65608.326707
-31.089293,200,65613.257581
-29.641337,200,65618.209494
-32.458434,200,65623.290517
37.361412,200,65628.485403
78.600927,200,65633.449175
-20.506676,200,65666.359628
59.643414,200,65671.440114
-29.757593,200,65677.187385
-15.980396,200,65682.099269
49.076295,200,65687.000566
63.203984,200,65692.230366
27.578261,200,65702.993501
-32.683179,200,65708.053403
-26.382255,200,65713.161444
-26.06405,200,65727.543242
-7.482556,200,65732.592954
-18.679864,200,65737.484761
10.355256,200,65751.474658
25.892589,200,65757.231836
-32.068935,200,65762.324143
80.890816,200,65767.41953
-24.40843,200,65772.487668
-96.749247,200,65805.363281
-25.326141,200,65837.707579
-14.747465,200,65842.561005
41.732461,200,65847.78423
-16.937008,200,65880.076118
-11.010664,200,65894.17983
-6.811564,200,65927.255033
-8.776144,200,65932.349708
-35.700077,200,65965.067752
6.580649,200,65970.261128
-30.761134,200,65984.768439
2.314296,200,65989.662253
38.882944,200,65995.737278
-24.545342,200,66000.712908
-22.117251,200,66033.244224
-1.891166,200,66066.05395
79.040702,200,66071.752447
-12.363386,200,66076.626553
-30.074445,200,66109.287638
-2.83855,200,66114.314011
-57.38359,200,66128.390712
-32.054302,200,66161.361361
80.320279,200,66166.445532
-68.109466,200,66199.197458
-32.060144,200,66204.255994
-24.095022,200,66209.081807
61.403574,200,66214.767053
-13.683495,200,66219.651888
-22.791733,200,66224.575784
17.728621,200,66229.531229
-42.163863,200,66262.110965
50.265104,200,66267.182536
-25.185048,200,66299.583932
22.296488,200,66313.700513
-25.028718,200,66318.58765
-4.317511,200,66351.759855
-22.987544,200,66384.473208
-24.243824,200,66390.045542
-21.901745,200,66395.252088
-23.430841,200,66428.094551
-18.375474,200,66433.107564
-16.138342,200,66465.764041
22.982827,200,66498.261463
-32.687167,200,66512.597559
20.916217,200,66517.646893
-3.48329,200,66522.465048
-30.686607,200,66527.373753
-11.772236,200,66542.113549
-37.658017,200,66547.165757
-25.541981,200,66552.195518
-24.652852,200,66557.075662
-20.374749,200,66571.077316
11.272652,200,66576.060479
-39.804199,200,66608.84502
5.42958,200,66632.229769
-18.639879,200,66637.269359
-19.83486,200,66642.309986
-21.230096,200,66647.87842
-0.54581,200,66680.324831
-21.222766,200,66685.131764
-31.185805,200,66717.541518
151.181433,200,66732.003609
-24.780064,200,66736.929072
-31.165468,200,66742.028263
20.983029,200,66756.37523
-11.961715,200,66761.541947
-20.323325,200,66766.551758
127.001716,200,66772.354762
114.229029,200,66777.595006
-25.561937,200,66782.698403
-30.316197,200,66815.246621
27.235686,200,66820.068249
56.766007,200,66825.024739
-33.130489,200,66857.939444
50.408201,200,66862.973476
-31.441374,200,66877.053643
49.682211,200,66882.050986
-22.363542,200,66896.308073
16.703244,200,66901.841484
-26.238262,200,66906.97417
-32.218393,200,66912.074655
28.235297,200,66917.005634
-29.662106,200,66922.098401
-29.525678,200,66927.013656
-14.714039,200,66959.458123
-28.003262,200,66973.600343
-128.78419,200,66987.916329
-20.789344,200,66992.769372
60.034708,200,66998.279975
80.330028,200,67003.143929
-29.514501,200,67008.08034
-35.121013,200,67012.930461
-31.557112,200,67017.917093
71.255526,200,67023.006251
27.618558,200,67055.923736
-29.051551,200,67069.994201
-8.66313,200,67075.040776
-44.678816,200,67079.947103
-31.671578,200,67085.403192
-29.906139,200,67090.294212
-24.193299,200,67095.198556
34.982434,200,67100.390432
-19.525296,200,67105.508003
-49.434347,200,67112.255274
-21.209463,200,67144.807765
16.555148,200,67149.88885
40.624501,200,67154.938975
19.424889,200,67187.589522
34.601724,200,67193.31445
-22.224996,200,67226.336207
96.54997,200,67231.420495
-21.281526,200,67236.40836
74.711701,200,67250.439839
4.121849,200,67255.284179
100.819179,200,67260.282544
-20.345924,200,67293.049848
-30.33666,200,67325.816475
-1.665254,200,67330.773072
23.535309,200,67335.74707
-30.988,200,67369.006514
74.914308,200,67401.607453
83.72591,200,67406.688976
62.006377,200,67411.778744
29.296402,200,67416.850385
122.144636,200,67449.853708
-47.172374,200,67482.320224
26.683101,200,67487.24297
-14.671995,200,67519.634587
-23.181584,200,67524.472905
-23.404013,200,67557.826494
76.685196,200,67590.288221
-27.201541,200,67622.846564
-69.529311,200,67637.012645
-25.153362,200,67641.964258
-23.806857,200,67647.089883
22.606673,200,67652.025411
-29.92219,200,67657.051533
-30.682967,200,67690.469624
-42.120944,200,67704.929412
5.493656,200,67738.174961
-23.714071,200,67743.065741
140.988986,200,67748.185181
-0.490516,200,67753.245518
72.987713,200,67758.291581
15.546671,200,67790.961454
21.67156,200,67795.960319
109.709458,200,67810.312109
-20.602843,200,67815.292217
-23.47345,200,67820.296428
56.143564,200,67825.974811
-23.7017,200,67830.94712
-27.479573,200,67835.833095
10.052546,200,67840.74174
64.04202,200,67845.893896
-25.564631,200,67850.954474
116.862427,200,67856.152161
-30.822333,200,67861.28453
74.642308,200,67866.359263
-7.130556,200,67871.50171
-22.296017,200,67876.956941
-27.301938,200,67881.887356
-23.64525,200,67886.850653
-17.604035,200,67891.803236
-12.990226,200,67897.005818
-32.816679,200,67929.481513
-22.331183,200,67961.574958
62.048786,200,67994.362031
-31.971623,200,67999.430909
-28.048872,200,68004.311476
-52.195632,200,68009.296693
-22.878936,200,68014.838653
10.224232,200,68029.049149
90.553482,200,68034.313089
9.183617,200,68039.381209
29.832425,200,68071.894419
-22.31819,200,68104.780788
-27.777539,200,68119.151484
-31.172266,200,68152.097474
0.02232,200,68185.110497
68.871699,200,68190.173123
-18.661806,200,68195.741365
-22.139402,200,68200.610585
93.70175,200,68205.72857
-35.156133,200,68210.686608
-23.004883,200,68224.837029
-22.143822,200,68229.793312
0.010092,200,68262.58801
-2.721218,200,68267.510994
26.699202,200,68272.522145
-31.909194,200,68277.51416
13.276065,200,68310.433498
-30.543561,200,68315.567525
-22.669171,200,68320.41504
81.011776,200,68325.387285
12.209203,200,68358.029615
65.882625,200,68390.588965
-19.480062,200,68423.108746
-26.505522,200,68427.93472
-18.776183,200,68441.949694
50.477188,200,68446.873765
5.254831,200,68452.50876
-25.928025,200,68457.604312
-30.605022,200,68462.470843
-34.728464,200,68467.711393
24.271855,200,68472.573195
37.716478,200,68505.679667
-74.28203,200,68519.761412
-25.636424,200,68524.717068
125.743722,200,68529.87619
-13.290567,200,68534.966938
108.115609,200,68540.192529
16.22405,200,68545.643874
7.52839,200,68578.233652
-16.112237,200,68611.003762
-51.780316,200,68643.645503
33.667548,200,68648.724683
60.039878,200,68680.962332
-17.589311,200,68685.796539
-32.372751,200,68718.723706
2.695481,200,68723.532518
45.341309,200,68728.642037
-7.499848,200,68761.784945
-24.743461,200,68766.63246
-24.718033,200,68799.288921
-29.846397,200,68804.266234
-24.236918,200,68809.363882
76.965214,200,68841.963986
2.696239,200,68846.949092
-8.980441,200,68852.073533
-30.903254,200,68884.711662
-34.262407,200,68891.546512
-29.113263,200,68897.004945
-45.018855,200,68901.985029
53.539033,200,68907.236498
-26.903884,200,68912.465161
-20.275754,200,68926.562351
-12.593334,200,68959.389251
-13.289964,200,68964.16417
-28.73279,200,68969.262105
-28.848224,200,68974.644416
-30.617776,200,68979.606129
82.401642,200,68985.179279
-27.483881,200,68990.125138
-32.146364,200,69022.752693
45.226037,200,69027.617364
-25.31887,200,69041.835008
2.594818,200,69046.797905
-28.518977,200,69051.658264
-31.222916,200,69056.674067
0.692235,200,69061.659202
-45.978638,200,69075.906803
22.125136,200,69081.080172
-27.217351,200,69086.74649
-24.361386,200,69091.646382
131.231294,200,69096.709207
-23.191337,200,69101.56848
-23.25442,200,69106.425074
-25.565577,200,69111.470634
-26.180427,200,69125.951608
76.802817,200,69130.9071
31.228337,200,69163.428407
-59.27656,200,69196.34005
-25.533725,200,69211.075682
-27.579552,200,69216.285578
-12.964948,200,69221.34599
-18.697013,200,69226.408092
157.684409,200,69231.422704
-22.110556,200,69236.558524
-19.738327,200,69241.48236
16.917336,200,69246.440286
-20.891579,200,69254.763008
-23.598772,200,69259.835366
74.044661,200,69292.881607
-26.949878,200,69325.807248
-5.258836,200,69330.743503
-29.610247,200,69363.237651
31.952343,200,69368.168996
-22.102475,200,69373.104839
85.834289,200,69378.238848
5.935787,200,69383.075927
29.334766,200,69397.25005
-25.04887,200,69402.230233
-19.846701,200,69407.802259
-7.108543,200,69412.826511
-22.853852,200,69417.83388
-11.563516,200,69422.907711
1.849758,200,69427.996948
-31.819384,200,69460.888473
-33.809327,200,69465.965828
-27.200629,200,69498.404385
49.92679,200,69512.622589
1.982045,200,69526.726334
-23.015853,200,69531.881996
53.485424,200,69537.602625
-29.107324,200,69570.517596
20.859228,200,69575.355631
37.638021,200,69608.234268
58.220284,200,69613.288513
45.109695,200,69618.292591
-23.88081,200,69632.519692
74.43117,200,69637.628844
-36.189971,200,69670.066132
-30.986091,200,69674.953905
62.263279,200,69680.622812
-27.579347,200,69685.582343
-8.19462,200,69690.406789
-23.797189,200,69695.576383
38.185376,200,69700.531548
-22.51095,200,69714.886234
-31.574292,200,69747.782294
-17.703279,200,69752.901558
-23.192824,200,69785.677014
-19.54394,200,69790.653527
-56.015069,200,69805.37161
-20.271498,200,69810.347855
-25.445425,200,69815.424575
39.029177,200,69848.549512
55.053512,200,69853.628504
-15.07042,200,69858.691654
113.354292,200,69863.786354
33.835585,200,69878.097928
-1.576807,200,69883.14782
-22.804496,200,69888.129188
-26.695398,200,69902.93806
8.284973,200,69935.805244
40.110757,200,69940.777512
-29.648066,200,69945.643764
64.145915,200,69950.515143
-43.242346,200,69964.755924
-7.386615,200,69969.691811
114.883803,200,69984.177947
-33.853057,200,69998.554216
11.344585,200,70012.753783
98.296974,200,70045.236497
-15.259931,200,70050.919205
19.459168,200,70055.8075
-37.131876,200,70060.73222
14.793809,200,70093.568024
24.572609,200,70099.271943
23.638692,200,70104.214593
54.573609,200,70136.955574
20.557887,200,70169.302978
-4.929388,200,70183.456273
-22.162789,200,70215.932097
-0.784009,200,70221.622566
-10.230824,200,70226.668177
-33.500697,200,70231.601763
-16.379139,200,70264.505181
-14.525193,200,70278.692783
44.175059,200,70283.599977
3.223813,200,70288.542366
-27.400489,200,70321.146525
101.862583,200,70326.289934
-38.73602,200,70340.534046
13.125075,200,70346.110989
100.079528,200,70378.740504
-27.839666,200,70411.19851
-28.968679,200,70416.092233
72.872946,200,70421.044028
20.628439,200,70425.875047
-30.498239,200,70430.815791
5.458907,200,70463.535964
-27.162504,200,70470.295355
-28.681506,200,70475.486111
11.239351,200,70480.993702
-3.762285,200,70486.046757
18.715506,200,70519.004808
-11.356561,200,70533.409128
20.844647,200,70566.222602
10.2422,200,70571.367973
-29.850164,200,70577.341611
64.621427,200,70582.337375
-23.498751,200,70587.443878
-30.294152,200,70620.380272
91.234883,200,70625.384535
-25.238564,200,70630.914867
-9.3547,200,70635.789511
-30.545086,200,70640.805424
-21.301668,200,70652.606801
-21.649211,200,70657.441096
-7.469424,200,70662.383082
-30.347037,200,70667.505546
-35.235169,200,70700.092176
134.086853,200,70705.015001
74.528488,200,70709.92314
-21.774504,200,70715.493505
-22.727273,200,70720.549765
12.686452,200,70734.758072
5.950441,200,70767.248885
-22.13691,200,70772.151179
-24.678058,200,70777.054555
-32.662788,200,70809.801281
-21.072768,200,70814.717203
-14.311698,200,70819.5815
-21.226897,200,70824.358311
-28.254545,200,70857.687342
58.593876,200,70862.810193
-14.733808,200,70867.920079
21.53387,200,70873.047034
-33.910814,200,70905.579747
51.69875,200,70910.487469
-34.615663,200,70943.391211
-6.053176,200,70948.428195
-24.569713,200,70953.558762
31.458384,200,70958.422114
17.594839,200,70963.909145
111.06812,200,70968.845829
-6.480715,200,70973.938284
22.127761,200,70978.981198
130.982089,200,70984.327121
-32.285026,200,70989.293302
8.429296,200,71021.954199
-21.447514,200,71026.985926
33.807896,200,71059.668469
13.605154,200,71092.198979
-18.575445,200,71107.320102
19.832164,200,71112.583416
-25.342633,200,71117.713777
13.778028,200,71131.920288
50.837395,200,71164.328651
-20.340369,200,71169.397225
128.136259,200,71183.671753
-22.528786,200,71197.818149
78.685355,200,71203.043678
-12.604339,200,71235.942693
-23.560149,200,71240.878689
56.047126,200,71273.968985
-15.308723,200,71279.04455
-22.896096,200,71284.110121
45.30573,200,71298.099025
-28.843394,200,71303.160272
99.544091,200,71317.323561
-23.236421,200,71331.6945
-23.381088,200,71336.666002
23.306885,200,71341.751144
-29.690345,200,71346.549314
-26.187906,200,71352.26652
-34.937712,200,71357.327678
57.335812,200,71389.744953
-23.535349,200,71394.776619
-30.84623,200,71399.621526
-2.559403,200,71404.641611
-26.011635,200,71409.5863
-24.290379,200,71423.734769
-26.906103,200,71429.843981
-23.412363,200,71462.729106
-32.174785,200,71495.587412
96.747995,200,71500.501253
-44.748178,200,71532.972216
17.304015,200,71547.255839
-25.898905,200,71552.216292
-27.961359,200,71557.187053
43.03983,200,71589.916101
-24.417731,200,71594.860117
39.429034,200,71600.023507
71.632696,200,71605.538959
1.723028,200,71611.013518
18.778871,200,71625.173514
-28.167152,200,71630.305308
-1.107425,200,71635.225693
-20.562495,200,71640.190075
16.421566,200,71672.996212
105.583817,200,71677.924746
-33.092941,200,71710.467442
-2.412303,200,71724.532497
-20.262931,200,71729.473996
57.772011,200,71743.954341
64.174719,200,71749.659181
-25.442672,200,71782.25616
84.923031,200,71815.017885
157.563655,200,71819.998993
-26.627904,200,71825.135178
125.794077,200,71857.587979
-36.078597,200,71890.184063
-24.912762,200,71895.241589
-32.353312,200,71900.308867
28.852998,200,71905.282079
-12.197845,200,71911.097606
-21.550916,200,71915.95686
43.760517,200,71921.241186
120.898138,200,71926.181539
-27.76736,200,71932.149911
110.624687,200,71937.050962
-20.427657,200,71942.163535
-24.204914,200,71947.073967
18.293362,200,71952.209868
-22.581103,200,71957.052195
44.793409,200,71990.54971
69.977259,200,72023.30486
43.787215,200,72028.428589
-2.075431,200,72061.015795
19.175582,200,72066.126775
60.28213,200,72098.71904
38.545336,200,72103.786501
27.195465,200,72109.01426
72.382252,200,72114.167961
41.339996,200,72119.01489
99.397881,200,72124.700514
62.166614,200,72138.831851
-22.373604,200,72171.396672
33.601365,200,72176.492271
-32.199907,200,72181.416276
95.457075,200,72186.344666
-33.957922,200,72191.181392
24.20947,200,72196.155149
-12.188933,200,72201.307668
0.46099,200,72206.378613
-32.230107,200,72239.219866
112.04196,200,72244.970545
-8.436811,200,72259.23423
13.005176,200,72273.244667
-27.279555,200,72287.316023
-5.058413,200,72320.084626
2.671888,200,72352.711176
-35.251025,200,72385.245708
79.048663,200,72390.283051
-0.371299,200,72423.209895
-26.068432,200,72428.38117
-25.3322,200,72434.109612
-27.226186,200,72466.623464
-37.123965,200,72471.779421
-26.156058,200,72485.959272
-32.203632,200,72518.73123
90.952553,200,72523.760551
-29.429272,200,72537.914352
-31.139052,200,72570.825262
5.339018,200,72585.1107
41.583862,200,72590.169845
-25.626212,200,72623.696414
-12.85977,200,72628.531743
63.4943,200,72633.458555
-36.010668,200,72666.229143
18.836261,200,72671.171538
-22.311344,200,72703.727424
-17.631594,200,72736.472417
125.817148,200,72741.588334
-7.471217,200,72746.480827
82.12179,200,72760.326543
18.601396,200,72766.214938
-32.575068,200,72771.277627
27.19019,200,72804.435133
-25.794244,200,72809.350038
57.071674,200,72823.469072
-25.32869,200,72828.463108
-28.560713,200,72833.559102
-2.728145,200,72838.700975
76.363842,200,72871.885478
-19.699707,200,72876.945052
19.066655,200,72882.035387
-34.769882,200,72887.705376
52.298957,200,72920.336417
-26.808624,200,72925.321367
68.422576,200,72957.958238
47.07554,200,72962.954324
-8.391053,200,72967.924961
1.055412,200,72972.704126
-31.269267,200,72977.66569
9.971778,200,72982.643153
58.852069,200,72988.803026
-29.743628,200,73021.960285
-11.235875,200,73027.083719
27.139139,200,73032.057389
-22.139884,200,73036.970142
-22.924698,200,73042.175654
-21.122163,200,73047.179905
71.441301,200,73070.757538
-16.648335,200,73103.284562
-31.802863,200,73135.973974
0.634036,200,73168.747284
51.084824,200,73174.275393
-30.445887,200,73179.256988
23.131328,200,73184.279553
63.57336,200,73189.22204
-20.363018,200,73194.317377
-32.613575,200,73199.514865
-35.135853,200,73204.666718
-39.087113,200,73237.610058
54.726927,200,73252.01945
74.709506,200,73257.164499
-31.875307,200,73262.995943
-24.265579,200,73295.674834
9.72981,200,73300.619102
69.481643,200,73333.48859
-19.879535,200,73366.232232
-14.934781,200,73371.116442
-25.113792,200,73376.13876
-25.937339,200,73408.781995
74.282611,200,73441.202126
-30.585515,200,73473.922904
-21.805865,200,73478.786931
