#{"t_start": 1632030179.7015643, "env_id": "ScratchItchJacoHuman-v1"}
r,l,t
-87.81624,200,10.100903
-30.812156,200,18.312354
-48.434642,200,26.233972
-81.494957,200,34.673584
-33.896759,200,42.488504
-62.01568,200,50.135094
-89.114517,200,80.86033
-57.091563,200,88.384717
-93.201426,200,119.343468
-75.415363,200,126.532335
-27.772271,200,135.138539
-48.47248,200,165.893631
-55.335014,200,173.136262
-50.296764,200,180.855511
-43.761398,200,188.198123
-64.297449,200,204.149333
-39.526333,200,211.823109
-40.950346,200,219.407039
-29.992767,200,227.079309
-41.481725,200,242.505727
-32.611833,200,275.26403
-34.79343,200,290.891818
-24.919485,200,306.919111
-27.519338,200,314.928836
-34.142337,200,331.120157
-35.362888,200,338.992421
-48.665469,200,346.73646
-40.493841,200,354.290596
-114.927182,200,362.122537
-44.028965,200,369.958571
-11.207755,200,378.814664
-27.248683,200,409.537178
-44.014601,200,416.987392
-41.329293,200,449.57605
-43.07981,200,457.358479
-18.901532,200,472.591672
-30.246688,200,480.084326
-8.03575,200,487.780899
-26.273489,200,518.701584
-16.187513,200,550.110123
-38.072506,200,558.789107
-37.252301,200,566.55581
-34.343018,200,574.292911
-34.958025,200,590.430892
-34.720088,200,605.934035
-22.731541,200,636.871333
-32.627265,200,644.178632
-36.258124,200,659.513807
30.10868,200,690.56068
-26.233741,200,698.448016
-45.911865,200,706.100522
-51.262678,200,715.299992
-27.858016,200,731.817514
-27.936518,200,739.945628
-47.483619,200,771.418894
4.499598,200,778.775852
-46.159344,200,794.312078
-26.035766,200,801.984363
-24.480709,200,810.017678
-46.54111,200,842.491785
-11.184705,200,850.73946
-26.794519,200,886.630623
-14.747177,200,894.707222
-48.685317,200,902.581306
-29.059643,200,935.888978
-42.916355,200,943.891639
-37.681644,200,951.691491
-44.159518,200,980.708937
-33.929914,200,988.664314
-36.018912,200,996.667943
-51.8559,200,1012.657698
-34.912576,200,1029.749509
-55.31766,200,1062.657285
-22.261471,200,1071.21513
-14.046379,200,1079.865426
-29.772163,200,1115.075615
-19.618992,200,1122.793573
1.618808,200,1138.188598
36.949492,200,1171.402369
-47.624705,200,1189.705005
-0.968108,200,1207.788166
-19.681994,200,1216.933697
-17.613842,200,1224.988935
-38.50776,200,1232.99243
-22.406514,200,1241.53376
-22.483898,200,1249.612015
-41.507984,200,1257.745639
-22.047287,200,1265.749073
-21.24319,200,1273.695699
32.114237,200,1305.764259
-29.686231,200,1313.759813
-3.471275,200,1321.676376
-7.210552,200,1330.591912
-26.289175,200,1363.029011
-25.706359,200,1371.125713
-36.806199,200,1404.142955
-28.691046,200,1411.889431
-10.738843,200,1419.845259
2.560541,200,1428.174961
-33.757868,200,1436.22582
-20.147516,200,1469.384697
35.162419,200,1477.166895
-37.346594,200,1486.442422
-20.710796,200,1494.798896
15.520732,200,1512.670229
-14.297446,200,1531.273719
95.939467,200,1540.471595
-28.598728,200,1549.382341
-26.024707,200,1557.682104
61.92264,200,1566.221347
38.036135,200,1575.047899
6.231494,200,1590.982199
-25.143982,200,1608.185192
-10.397583,200,1616.709768
-14.312675,200,1625.273181
-26.712914,200,1661.555852
32.531518,200,1696.09829
-31.209003,200,1704.006224
10.035711,200,1712.076216
-24.74476,200,1744.637022
-23.065521,200,1776.534267
-34.043719,200,1784.36386
-35.937207,200,1793.48237
48.347879,200,1801.420394
-26.246857,200,1809.493613
-25.943897,200,1817.452989
-100.468041,200,1851.705835
-14.666008,200,1861.874227
-9.718391,200,1870.566414
-29.909417,200,1905.267204
17.621834,200,1940.924839
32.868583,200,1948.665686
-33.161746,200,1956.637279
51.948876,200,1990.033507
43.532305,200,1997.887774
-2.697036,200,2005.679986
-32.720733,200,2013.579829
-27.057976,200,2021.469314
-5.247161,200,2029.397941
-60.572896,200,2047.721019
-28.125355,200,2056.252717
-38.355023,200,2066.397561
-33.882299,200,2074.560992
1.852629,200,2083.94237
-26.10604,200,2092.176004
-28.563968,200,2100.680406
-22.569962,200,2109.080218
-39.414209,200,2117.374069
-56.192338,200,2152.492466
-23.994386,200,2160.728611
-48.430379,200,2169.323622
-30.176724,200,2206.545117
48.314675,200,2242.339854
-31.465353,200,2252.228171
-58.166159,200,2268.15785
20.129121,200,2276.004888
-39.16113,200,2311.211772
-20.123593,200,2319.062207
-33.321925,200,2327.465104
-20.368302,200,2335.555025
-29.767058,200,2351.555964
-7.378752,200,2359.993925
-29.752486,200,2391.988067
-50.406741,200,2425.346257
0.550452,200,2433.340216
-28.366703,200,2441.838231
-22.77445,200,2450.041852
-21.203096,200,2458.334611
19.347479,200,2491.359233
-29.670504,200,2499.312709
-42.562211,200,2516.104342
-21.114252,200,2524.107459
-35.450373,200,2542.900218
-27.813562,200,2576.586937
-39.641675,200,2611.180728
-32.336017,200,2619.168503
-25.069271,200,2627.795264
-28.759537,200,2637.114831
-22.072671,200,2645.716208
-14.455147,200,2681.191638
-30.523266,200,2714.704311
-43.071221,200,2723.610481
-19.791447,200,2731.629327
-28.195931,200,2749.449009
-7.110375,200,2758.470482
-17.61131,200,2766.412139
44.414572,200,2783.033772
-22.952258,200,2791.156097
-29.37525,200,2799.355439
-29.273987,200,2807.631867
-26.038963,200,2815.591682
8.136103,200,2824.074342
-26.318462,200,2842.64845
17.691613,200,2879.179032
-25.504441,200,2889.407006
3.85878,200,2905.813343
64.39049,200,2913.733417
-27.46092,200,2930.065637
-7.911799,200,2963.556079
-24.572963,200,2971.534149
-28.985265,200,2979.589064
-33.450028,200,2987.683038
-49.818207,200,3020.697909
-29.507177,200,3054.354056
-14.754706,200,3089.652242
-30.125616,200,3097.776866
5.150614,200,3114.568828
-25.754367,200,3146.960921
72.153613,200,3154.705558
-0.754568,200,3171.529535
-34.719638,200,3179.443693
-41.446363,200,3212.346951
-22.829008,200,3247.273646
-24.03668,200,3255.584075
2.284306,200,3289.992202
-22.855264,200,3326.96862
21.768703,200,3343.370837
-13.785706,200,3379.315345
-25.351029,200,3388.914306
60.620474,200,3397.847485
-24.960957,200,3406.546454
-21.951315,200,3414.396791
-5.682199,200,3432.181966
-39.540773,200,3440.164844
-88.727032,200,3450.219325
-36.821153,200,3483.625794
-24.708681,200,3491.516099
38.282667,200,3523.653167
-31.896485,200,3539.723408
-0.910479,200,3547.809136
-26.596827,200,3556.19101
-21.197897,200,3564.823083
-33.390075,200,3600.322691
-108.990685,200,3618.146861
-46.553058,200,3652.885858
20.300497,200,3670.446177
61.319169,200,3706.419457
-27.827709,200,3715.198189
-23.87755,200,3725.725261
-34.041394,200,3733.900321
-15.276195,200,3742.083332
6.194665,200,3750.584544
-20.045285,200,3758.982798
-5.516048,200,3766.966206
-29.828865,200,3802.145255
-61.113666,200,3837.407672
2.922697,200,3870.444121
-41.998435,200,3888.579643
-26.380548,200,3897.291791
-9.896752,200,3905.897971
-59.29194,200,3942.63956
-3.818913,200,3951.06966
-15.391849,200,3958.936794
7.606982,200,3975.022562
28.088468,200,3983.284804
-26.999946,200,3991.515875
13.629193,200,4001.477885
64.422155,200,4010.730795
-28.865384,200,4029.486983
-32.051551,200,4037.685858
48.799408,200,4070.2677
9.010555,200,4078.517927
-20.844201,200,4087.027906
-28.547296,200,4096.154555
38.172584,200,4105.327304
-27.365226,200,4141.786781
-30.90078,200,4151.290452
-23.792826,200,4160.605791
-25.757461,200,4169.495263
-29.298016,200,4178.343216
8.701428,200,4187.162292
-7.93587,200,4204.785984
0.229646,200,4240.990012
10.219755,200,4249.379697
50.221187,200,4282.432075
-3.297525,200,4290.519536
-36.224719,200,4299.552855
-36.551843,200,4315.974879
3.800234,200,4325.04932
-21.153666,200,4342.959802
-66.420736,200,4351.484983
-28.492004,200,4384.490298
-25.414222,200,4392.542863
21.631271,200,4400.43055
-21.657758,200,4433.535053
-14.357647,200,4442.251036
-26.257776,200,4451.415908
62.884868,200,4470.084435
-10.764023,200,4478.591292
-23.150995,200,4487.275314
-36.746934,200,4495.481346
10.320628,200,4504.197885
-33.486993,200,4521.46964
35.782892,200,4557.709454
59.631872,200,4566.013235
-43.403146,200,4598.463822
93.755354,200,4607.6979
1.921102,200,4634.342274
-22.049632,200,4653.350099
34.745743,200,4661.330746
75.31311,200,4696.120234
-26.439129,200,4713.884243
58.132217,200,4748.116667
15.338437,200,4784.584417
-6.534788,200,4794.04118
-7.160047,200,4831.041209
19.131241,200,4867.199382
-35.8047,200,4876.566046
-26.156848,200,4884.927796
-25.475959,200,4903.693459
-24.250468,200,4911.997292
5.094003,200,4929.863541
49.768005,200,4938.008317
-31.111953,200,4946.351838
-15.872747,200,4980.65387
-23.691007,200,4989.291119
-47.868123,200,5026.795381
36.202465,200,5036.739757
-25.586968,200,5044.738571
-22.9752,200,5053.343805
-21.452975,200,5062.037786
-11.931837,200,5070.969438
8.404111,200,5079.14145
-4.137498,200,5088.04932
-4.641658,200,5106.797033
26.034816,200,5143.01054
-29.894195,200,5177.951372
-23.539227,200,5187.266923
-28.177761,200,5196.237387
-6.117765,200,5231.069511
-10.591258,200,5239.069322
19.016827,200,5246.934811
-31.268684,200,5279.330537
-1.337492,200,5295.663998
-25.845062,200,5303.880659
27.553158,200,5312.117923
-34.666342,200,5345.245448
-27.956063,200,5354.377142
-23.679709,200,5362.994065
-0.139757,200,5371.091896
-0.097759,200,5378.996362
16.68568,200,5412.447072
-27.783249,200,5420.419494
-25.210067,200,5428.571961
-25.793138,200,5437.044265
-10.760044,200,5453.657092
-21.642402,200,5464.201332
-121.496696,200,5501.924775
-2.609025,200,5511.455437
26.086066,200,5529.521303
-32.61605,200,5566.123389
-25.64975,200,5599.356866
-37.123852,200,5632.761722
-28.577223,200,5645.985067
3.118445,200,5654.581571
-25.211978,200,5662.849278
-24.689961,200,5671.206073
32.322829,200,5688.511081
-15.664778,200,5697.774108
20.152172,200,5705.67391
-22.46559,200,5714.557301
-27.718282,200,5723.836855
42.069327,200,5731.839663
33.696846,200,5740.058888
-24.82008,200,5776.377178
69.824427,200,5784.688522
6.547311,200,5792.809461
22.044598,200,5800.870367
-9.631799,200,5840.971603
-24.879103,200,5860.152367
-26.082506,200,5869.127929
-11.420413,200,5905.358862
-26.144004,200,5941.345842
-23.033193,200,5949.87412
-112.796466,200,5967.468911
45.739263,200,5975.589344
-24.262259,200,5991.148904
26.140829,200,6024.62041
7.848201,200,6062.432154
-34.998083,200,6081.385217
-0.393918,200,6097.351355
-19.85219,200,6105.399698
62.193693,200,6113.532329
-23.483658,200,6121.8279
17.943568,200,6130.021522
-22.663672,200,6138.42413
-2.489117,200,6147.15527
7.567174,200,6182.986395
-31.002022,200,6191.581138
59.758701,200,6206.400995
39.524071,200,6214.328954
-32.73863,200,6223.39487
-20.995721,200,6232.766057
-25.991584,200,6241.870655
27.597133,200,6250.030293
-35.204034,200,6284.292256
-33.169164,200,6292.739859
-71.405467,200,6329.333307
-23.276544,200,6338.907855
115.562913,200,6349.490911
-30.554985,200,6358.511428
32.094981,200,6367.277905
-46.226068,200,6402.977434
73.192494,200,6411.060688
-25.181511,200,6429.863124
33.478045,200,6448.664163
5.225767,200,6457.045398
-36.530982,200,6464.943527
99.293877,200,6484.84993
-13.316049,200,6495.136599
-28.744864,200,6504.216578
0.435407,200,6513.409852
-27.932684,200,6522.931942
-35.699128,200,6531.846716
-23.870799,200,6566.076967
-24.623182,200,6575.111126
-7.516025,200,6583.120152
-19.213026,200,6591.726897
-20.903169,200,6600.367477
51.685227,200,6610.786283
2.07537,200,6630.604634
-103.692939,200,6664.00858
2.328995,200,6672.673161
63.896685,200,6697.469982
47.934569,200,6705.668297
-25.948587,200,6714.069981
-2.468093,200,6722.370775
31.59307,200,6730.711598
-74.46515,200,6748.059398
1.354553,200,6782.792131
5.462011,200,6792.45055
3.930117,200,6801.43958
85.136501,200,6810.210882
-9.571934,200,6819.316294
-27.958565,200,6838.164102
60.298864,200,6846.893524
-15.129878,200,6886.92818
59.741143,200,6895.5092
3.992052,200,6903.740225
-116.943087,200,6937.045914
43.395002,200,6946.120382
-46.025264,200,6954.783462
13.600493,200,6963.195085
24.167452,200,6980.245557
12.817308,200,6988.998332
-35.631756,200,7025.508942
-46.168661,200,7061.787144
-7.171462,200,7070.280436
-20.766841,200,7088.824347
-15.085503,200,7098.006531
79.335843,200,7136.38213
54.188859,200,7145.907246
3.327777,200,7178.748626
-21.091324,200,7187.098391
-23.458048,200,7204.367234
50.549643,200,7212.524761
-22.153276,200,7221.242368
6.068874,200,7257.447145
41.161699,200,7265.754603
-26.144866,200,7274.433888
45.44423,200,7303.389667
-39.602268,200,7311.630319
-29.910894,200,7330.399311
-57.709206,200,7367.32962
26.358315,200,7376.74888
-21.985187,200,7384.946242
61.639151,200,7393.279114
-27.369358,200,7401.7494
-27.022075,200,7435.75571
-15.162151,200,7444.009376
17.062714,200,7480.256427
-32.412425,200,7499.892202
-17.551956,200,7509.086015
-24.060989,200,7517.082599
29.799729,200,7525.411429
54.79356,200,7534.044297
-35.051723,200,7551.889178
-23.147573,200,7560.005092
-20.626091,200,7568.395609
-21.728118,200,7587.296562
-27.082981,200,7596.084414
-35.837028,200,7605.057283
-20.397454,200,7612.974189
-30.375102,200,7621.541792
-64.781161,200,7657.425631
57.470721,200,7666.862304
48.648595,200,7676.475937
-34.891964,200,7685.92617
-26.978244,200,7694.853552
-8.146312,200,7728.452583
-24.355368,200,7736.799959
-31.484562,200,7748.32072
-9.501175,200,7757.883173
-25.550148,200,7792.262953
-34.708466,200,7801.024033
-10.3197,200,7809.495021
56.908037,200,7818.166982
-44.705701,200,7854.757711
57.201633,200,7888.237743
-37.70024,200,7907.466109
55.084811,200,7915.628281
-29.031463,200,7924.722612
44.475206,200,7958.578452
-15.671164,200,7966.776135
17.585081,200,7975.280743
-37.399949,200,7994.485778
-25.30146,200,8003.402138
38.159565,200,8040.186009
-22.503927,200,8048.501877
-4.863742,200,8057.121203
-17.263049,200,8065.755517
13.737963,200,8074.577541
-39.301971,200,8084.377267
-26.569066,200,8092.686488
-45.916975,200,8126.668278
-40.681472,200,8159.728707
-22.667277,200,8168.702224
-0.773242,200,8177.349207
-25.191146,200,8185.777394
8.541532,200,8194.016855
64.911719,200,8202.322146
43.412559,200,8211.063133
40.64262,200,8221.974997
7.742248,200,8230.946109
-13.85743,200,8239.166022
88.76592,200,8274.088296
-28.41216,200,8308.406923
-24.527076,200,8317.143533
10.432422,200,8326.853524
6.746227,200,8336.61138
-9.541012,200,8374.978317
-30.695197,200,8383.768437
-27.817269,200,8393.37627
83.58436,200,8401.789967
-23.276749,200,8410.273558
25.576365,200,8422.027919
-4.436887,200,8431.789951
-20.281955,200,8441.104875
20.536277,200,8450.406159
-27.618092,200,8458.643249
-34.856607,200,8466.93981
1.924945,200,8475.581737
-23.068826,200,8512.492593
-16.426435,200,8521.296061
-21.382758,200,8560.887081
-26.793139,200,8568.911563
-22.794128,200,8576.924231
-21.574922,200,8584.949599
-32.304046,200,8593.452657
-54.60391,200,8629.554857
-31.037411,200,8638.298913
101.147168,200,8673.681718
-25.279366,200,8692.689684
-30.761123,200,8701.385631
-22.192701,200,8710.073026
-22.839655,200,8719.723211
-22.609864,200,8757.583264
-25.895756,200,8776.589575
-6.597548,200,8813.049063
-5.363976,200,8830.981602
-21.194451,200,8839.208659
12.275035,200,8847.281819
-22.820881,200,8855.585639
-29.582886,200,8892.037685
-32.104436,200,8900.053071
-24.841095,200,8908.524668
28.893928,200,8917.077584
84.443868,200,8925.342356
137.477653,200,8938.427102
-24.323724,200,8973.031021
-34.609069,200,9008.940558
-27.14455,200,9025.850878
-27.168382,200,9034.308195
14.764891,200,9043.665912
-133.647626,200,9079.278332
-21.537148,200,9097.525016
68.293253,200,9106.011333
12.692465,200,9124.736341
15.757923,200,9132.962097
5.266645,200,9169.259467
-26.702077,200,9203.431068
17.979667,200,9211.883824
-6.186402,200,9220.46582
49.956616,200,9233.858413
14.734132,200,9270.356765
-28.761063,200,9278.303546
-10.421786,200,9311.495994
28.219149,200,9319.688617
40.756548,200,9327.660318
28.191955,200,9360.727323
-3.883428,200,9369.537957
45.556045,200,9378.776736
29.778518,200,9388.900369
-24.931352,200,9399.025387
94.475061,200,9432.470391
-22.446372,200,9469.228519
-20.675537,200,9478.194649
-22.19059,200,9486.177074
82.470044,200,9494.44863
0.261527,200,9511.200059
-29.073804,200,9547.385518
-24.953859,200,9580.74934
-4.123983,200,9589.224098
-55.909148,200,9624.609641
133.082124,200,9634.24632
-22.685801,200,9669.927878
-10.975463,200,9679.647793
-21.049274,200,9687.597202
-8.806675,200,9695.774785
-21.638794,200,9714.721241
-8.132099,200,9723.085351
38.629552,200,9731.401569
43.425034,200,9739.434839
60.054484,200,9747.714704
-4.911368,200,9757.000876
23.079382,200,9780.597165
7.426597,200,9790.748222
-9.114283,200,9799.386492
110.17962,200,9808.844537
-10.150988,200,9818.169677
-34.808792,200,9827.671906
-23.99252,200,9837.149524
-1.970036,200,9845.612634
-16.13334,200,9864.256925
-27.237865,200,9873.495547
3.321324,200,9882.137561
-3.78864,200,9890.770346
62.334751,200,9899.318876
-28.783716,200,9934.870205
-20.017913,200,9952.524277
3.549269,200,9961.305365
-25.83236,200,9970.603037
-24.231004,200,9979.974639
-140.033379,200,10017.215837
-22.457227,200,10027.107766
-10.913461,200,10035.471673
-94.892492,200,10053.825513
3.203945,200,10091.278206
-31.688893,200,10099.618296
-20.536716,200,10107.895895
-104.424962,200,10126.506489
-35.815339,200,10163.918262
-28.189186,200,10196.926121
-66.495678,200,10233.483855
1.402571,200,10266.585257
26.201029,200,10275.475931
-55.371271,200,10310.891241
-23.196991,200,10327.596109
-21.159378,200,10361.007829
-15.289249,200,10369.357088
8.117088,200,10377.471436
-8.411649,200,10385.942491
-30.278873,200,10394.114116
-12.165376,200,10402.547341
21.609284,200,10411.540696
-17.608719,200,10450.667385
-28.186763,200,10459.77986
56.980889,200,10494.685318
9.451634,200,10502.868932
-27.769611,200,10511.170666
-25.650067,200,10547.929638
-30.103558,200,10565.12786
3.904381,200,10601.642186
42.004876,200,10610.015564
1.734459,200,10618.358026
-26.755544,200,10628.679763
-23.109505,200,10648.807704
39.42876,200,10658.290489
-30.539148,200,10667.549933
49.144427,200,10684.222528
-21.984097,200,10718.623285
17.389815,200,10727.437717
-23.752747,200,10736.00566
-7.755312,200,10773.386877
85.189664,200,10781.610058
96.426961,200,10790.986359
-22.420344,200,10799.25774
125.181193,200,10807.348501
-17.403976,200,10815.65155
10.528224,200,10824.301247
61.307004,200,10834.113258
100.769279,200,10843.89162
-23.347709,200,10853.050518
-26.161545,200,10888.687039
-26.290566,200,10896.596448
31.829848,200,10904.909435
-5.369193,200,10939.337948
63.018457,200,10947.268044
-33.537327,200,10955.377198
64.013793,200,10963.673562
-18.894131,200,10997.130345
-0.645637,200,11005.451197
-32.225174,200,11039.224699
0.452633,200,11047.36763
35.566485,200,11055.503109
84.828799,200,11089.110768
83.75913,200,11098.520889
13.7693,200,11106.832589
107.1209,200,11115.136896
-6.46863,200,11123.55491
-32.430636,200,11142.06983
21.337307,200,11151.661852
-27.205452,200,11160.963658
80.526083,200,11198.275799
-12.39062,200,11207.143631
30.654984,200,11244.242944
90.722059,200,11254.454872
18.680362,200,11291.348326
36.589357,200,11299.474401
18.699738,200,11307.459308
-28.997062,200,11324.364208
122.288367,200,11359.922253
21.24416,200,11368.802123
-27.431964,200,11377.060552
-27.748677,200,11412.828995
22.881676,200,11431.674838
-20.927174,200,11441.184095
57.019726,200,11450.235392
-29.8015,200,11458.842646
-20.342308,200,11467.498851
-117.181431,200,11485.883044
80.10377,200,11494.830961
70.332151,200,11515.224699
-23.708292,200,11523.523452
9.669404,200,11532.026187
-21.018968,200,11570.907928
-23.287177,200,11606.682906
-22.246485,200,11615.744936
24.484313,200,11651.252121
-22.125615,200,11684.236099
34.950726,200,11692.267125
109.167317,200,11700.527472
32.19164,200,11709.337155
-33.161219,200,11718.575469
78.271909,200,11728.408477
-17.949595,200,11747.89453
-7.603872,200,11783.607317
73.52154,200,11792.8919
-22.809334,200,11800.80793
19.880848,200,11810.471568
-25.284414,200,11820.038137
-20.257745,200,11828.309593
-30.034621,200,11836.434946
-26.925025,200,11864.159367
-13.252503,200,11900.666988
-30.384976,200,11908.924384
19.406797,200,11926.773412
-27.089386,200,11936.093061
77.216473,200,11944.718446
-23.542211,200,11954.044353
105.678673,200,11993.504417
-22.972743,200,12001.770561
-32.603015,200,12010.155071
15.788004,200,12018.980706
-23.66071,200,12057.596046
66.077543,200,12094.300783
-37.773673,200,12103.676697
65.272532,200,12113.141442
-21.191336,200,12121.185425
59.040478,200,12138.473748
84.245785,200,12175.405628
-15.796358,200,12211.23691
-24.246815,200,12219.989462
124.066873,200,12254.611524
-14.428544,200,12263.50242
-7.200913,200,12272.165795
79.177758,200,12281.014063
10.679452,200,12317.780395
-30.364702,200,12326.834846
60.901536,200,12335.065192
-110.87877,200,12370.522592
-26.439967,200,12378.57257
-30.704749,200,12413.793948
-44.297683,200,12422.061406
-38.375017,200,12462.563954
-10.879622,200,12470.559134
-31.741847,200,12479.207083
32.147106,200,12512.464027
-25.575617,200,12522.377994
1.758009,200,12531.695122
-28.595865,200,12540.009208
25.109074,200,12548.383763
179.738718,200,12556.941075
134.667552,200,12591.50445
119.74532,200,12625.398185
-44.319945,200,12634.080757
-29.373499,200,12642.585071
-28.533009,200,12651.649541
-20.549666,200,12660.781736
-17.514778,200,12677.927937
84.853144,200,12695.839147
111.484083,200,12730.899912
54.249941,200,12739.218939
-30.804967,200,12747.646909
44.526963,200,12755.874621
102.977053,200,12765.527278
-20.459863,200,12773.873612
-24.002192,200,12782.843318
-6.639361,200,12792.97006
85.346438,200,12801.48805
-19.103815,200,12822.068546
-25.875421,200,12856.52634
-25.627417,200,12865.112659
-16.840676,200,12874.111458
120.739194,200,12882.945002
85.592861,200,12918.819165
80.940417,200,12939.139516
-11.573058,200,12972.407511
54.775255,200,12981.666122
-30.061244,200,13014.241837
0.552338,200,13022.313777
-3.613152,200,13031.014645
7.128332,200,13069.461221
-29.956521,200,13077.4634
43.208178,200,13085.733788
139.442836,200,13093.895872
32.194049,200,13102.583031
119.819686,200,13117.091533
-33.505614,200,13158.469713
-22.446471,200,13195.613775
69.56474,200,13204.826803
44.603337,200,13214.21717
134.297643,200,13223.183589
-34.315635,200,13232.358496
-33.470625,200,13251.291791
82.262796,200,13259.500957
-34.624176,200,13267.902475
-29.113248,200,13286.585394
110.251305,200,13323.077933
59.28919,200,13358.806276
70.919404,200,13367.093484
26.980234,200,13384.003499
-25.978528,200,13392.486471
-23.996551,200,13400.872774
-29.254084,200,13409.729128
0.815236,200,13418.600608
-34.559301,200,13427.154667
71.944038,200,13436.273742
-34.699258,200,13444.619805
85.011602,200,13454.459683
-26.357531,200,13489.974885
-22.357683,200,13498.029486
13.5072,200,13506.186839
-3.153092,200,13514.223279
110.385546,200,13522.675773
26.089515,200,13531.755214
-11.523384,200,13539.976402
-15.281979,200,13548.471524
-25.872882,200,13585.661939
-24.083403,200,13595.766946
43.727522,200,13605.090795
-21.187072,200,13613.445272
-7.253725,200,13621.720671
80.800936,200,13629.899035
-5.34794,200,13639.224006
-28.554038,200,13648.158035
157.974425,200,13657.974323
-22.354922,200,13666.661745
-34.104888,200,13706.835507
-36.185289,200,13724.106627
11.995393,200,13761.292647
98.005366,200,13769.428117
34.886529,200,13787.37739
146.146193,200,13822.433734
59.094558,200,13830.805571
131.193713,200,13867.783528
43.030557,200,13876.008867
-26.849605,200,13909.868578
-27.229615,200,13942.782778
-19.639474,200,13978.640577
-40.099046,200,14013.084408
-23.413522,200,14022.506907
-18.32985,200,14059.350166
2.239911,200,14067.478712
-35.430197,200,14075.89644
79.835521,200,14111.975123
59.906984,200,14120.618592
98.132608,200,14139.605223
16.91387,200,14148.84106
171.318219,200,14185.996002
47.813186,200,14196.517123
20.418927,200,14204.860649
-17.50565,200,14212.843736
10.870651,200,14246.373833
47.05685,200,14255.599155
43.674454,200,14264.203471
36.468302,200,14272.597165
120.397202,200,14290.599925
-23.716302,200,14326.537718
93.192074,200,14361.817469
65.083315,200,14371.891295
160.703755,200,14405.094292
39.843396,200,14440.830273
-1.461616,200,14459.059173
-25.581366,200,14467.625185
24.833698,200,14503.896688
-37.673745,200,14522.092633
100.731937,200,14540.931738
49.111241,200,14549.109164
-21.23882,200,14585.883857
26.863193,200,14593.939406
26.932046,200,14603.482811
12.326711,200,14612.265668
-35.50012,200,14645.053158
-25.368401,200,14653.334746
15.420293,200,14661.83762
-19.322049,200,14695.615962
-32.083989,200,14703.905777
93.26136,200,14739.684236
-11.002945,200,14747.722765
16.835052,200,14756.012674
166.319369,200,14765.226973
-24.372724,200,14773.656314
-15.963014,200,14782.486664
-23.07075,200,14791.492931
-32.832432,200,14825.691667
32.250685,200,14833.73721
-35.271791,200,14868.680549
-100.103157,200,14902.508573
34.49476,200,14911.527719
61.706351,200,14926.233748
-21.141497,200,14935.535719
-23.232786,200,14968.659118
72.089858,200,14985.628576
44.169674,200,14994.25103
-36.858043,200,15003.179843
-31.061032,200,15040.245004
-6.397542,200,15048.74115
-26.876509,200,15057.58564
-116.505144,200,15077.67414
68.716832,200,15111.266188
-45.703933,200,15148.295166
12.15772,200,15156.851537
34.678694,200,15165.178262
-15.990802,200,15173.679884
19.086468,200,15181.918606
-23.357681,200,15190.136131
81.39303,200,15208.173915
-37.529428,200,15241.012063
-23.639155,200,15249.254497
-10.456234,200,15258.070463
-23.144082,200,15266.372575
21.058854,200,15276.142631
14.788117,200,15285.316778
75.160612,200,15293.472525
-26.684491,200,15328.369352
-29.513667,200,15362.944039
-27.373971,200,15370.987061
-5.301497,200,15408.843381
95.074997,200,15445.346161
4.052551,200,15463.67232
-25.471954,200,15471.936245
7.661592,200,15508.759142
5.590233,200,15516.924592
79.412859,200,15533.727723
80.966332,200,15542.380529
-39.277907,200,15550.673948
1.040153,200,15567.276639
58.770493,200,15600.915749
40.902917,200,15609.151608
-13.108279,200,15617.483335
-36.108966,200,15655.627856
103.900499,200,15665.872466
48.177847,200,15674.651884
-27.933642,200,15710.948541
-29.452119,200,15728.978696
-23.890313,200,15737.222206
-26.60669,200,15745.508303
50.268882,200,15779.076277
-22.656798,200,15787.451159
-14.270877,200,15824.898336
-7.642661,200,15833.737247
64.114934,200,15853.770062
-29.578506,200,15862.107563
114.060278,200,15879.006485
109.219424,200,15914.07007
-27.238963,200,15948.834601
-25.642372,200,15967.090961
92.801054,200,16001.981818
-21.392143,200,16010.122462
41.19275,200,16018.359464
-31.138071,200,16055.504636
-23.381333,200,16064.1631
123.65452,200,16101.354305
-32.876861,200,16110.316725
-11.907802,200,16146.533574
-39.529292,200,16181.965515
-19.272871,200,16190.327988
-20.901864,200,16199.322624
8.902643,200,16208.260377
61.341807,200,16241.094818
-16.378705,200,16274.798172
-22.150621,200,16282.993559
103.105078,200,16301.721314
-24.164444,200,16309.915036
78.881505,200,16318.42646
-31.853438,200,16355.474866
-6.622562,200,16363.58792
20.995694,200,16380.408088
13.086857,200,16388.782165
92.452578,200,16397.325751
-9.064475,200,16406.307627
30.925944,200,16445.201848
-89.940037,200,16462.930179
-32.55668,200,16496.779373
175.045836,200,16505.520524
136.069724,200,16542.059407
42.903348,200,16560.104865
29.14698,200,16577.864339
-3.389364,200,16596.0854
2.744458,200,16604.417896
7.673335,200,16612.866267
-21.791359,200,16621.022023
33.701005,200,16640.201618
95.441856,200,16676.238847
89.0843,200,16684.741141
-24.453197,200,16693.339903
-19.087061,200,16701.666614
52.711485,200,16710.037338
63.749901,200,16719.153769
-14.439374,200,16728.549462
-17.452524,200,16737.469132
-24.458289,200,16746.039179
65.17256,200,16754.449017
-27.147765,200,16765.361788
-24.054061,200,16775.022931
110.253998,200,16784.257872
95.230478,200,16822.774278
-2.161632,200,16831.787189
38.264931,200,16840.487838
-24.450217,200,16859.584929
-36.115124,200,16895.617943
118.222717,200,16903.674525
-33.87017,200,16940.188495
44.597075,200,16949.938107
44.766408,200,16987.836635
58.208824,200,16995.928481
153.686327,200,17015.893218
121.137716,200,17054.337701
-32.779788,200,17063.54429
-8.156573,200,17071.707122
90.244394,200,17079.618001
-30.879897,200,17087.73949
-0.839332,200,17121.977641
-18.981309,200,17157.36516
-39.238215,200,17165.650537
56.451261,200,17173.740663
138.346852,200,17182.341601
-24.368993,200,17191.217419
4.117653,200,17226.799565
118.025344,200,17263.408582
133.545412,200,17271.827754
91.741771,200,17280.136365
-16.960153,200,17298.926232
-26.259042,200,17333.692894
-34.728275,200,17342.051756
78.987265,200,17350.619469
-24.529509,200,17359.964493
-36.287593,200,17378.212648
-34.698306,200,17412.889966
-33.650097,200,17446.643417
103.230708,200,17455.058358
92.844405,200,17463.067666
70.259558,200,17496.833799
-26.418028,200,17515.922026
-18.920983,200,17524.137748
-19.337372,200,17532.397361
-51.895351,200,17567.364343
39.614616,200,17575.989285
-28.859541,200,17585.429605
136.215542,200,17593.967036
63.790446,200,17612.739466
-20.447246,200,17631.17996
-6.142389,200,17665.875634
-38.194417,200,17700.90362
-22.373032,200,17736.696049
155.713485,200,17772.993823
17.626637,200,17808.445735
-22.747216,200,17817.144021
104.425899,200,17826.095466
-27.411334,200,17862.08267
-22.900163,200,17870.639523
25.266746,200,17878.984718
-27.829362,200,17886.950889
-48.753657,200,17921.797969
-24.0492,200,17932.211407
-23.473449,200,17941.186444
56.604733,200,17949.814748
-33.394817,200,17968.693181
-16.455689,200,18004.82837
-22.481794,200,18040.286878
-14.056237,200,18075.85039
-32.472952,200,18112.30187
97.1489,200,18121.177264
-24.586192,200,18129.381191
-32.879665,200,18147.909184
42.80406,200,18164.530962
-25.197745,200,18172.697861
-31.062782,200,18207.449902
-26.384794,200,18216.862495
42.630221,200,18237.091739
-22.239061,200,18245.913746
174.681372,200,18254.476235
94.994353,200,18263.059649
38.976799,200,18271.753121
-24.824155,200,18285.188659
11.482542,200,18294.388577
-18.640789,200,18302.968933
-34.012011,200,18317.231424
90.468614,200,18325.637102
-6.095757,200,18334.206982
117.504254,200,18342.819743
25.466909,200,18351.798709
-25.010599,200,18392.065513
33.535298,200,18401.161749
-0.7409,200,18438.344086
-27.153282,200,18447.481646
54.440027,200,18456.001436
-24.003254,200,18474.208498
-23.170315,200,18492.89902
-22.910925,200,18511.02937
-22.262693,200,18519.639813
-22.994275,200,18528.359514
-26.663494,200,18537.172287
-31.256646,200,18545.81062
41.889812,200,18553.972809
-16.768372,200,18563.536718
35.477143,200,18581.336582
87.122261,200,18590.070776
135.86345,200,18599.19285
-30.841307,200,18607.505201
8.880921,200,18616.115177
-3.121953,200,18624.999255
64.354294,200,18633.545425
2.269121,200,18642.534636
-21.413671,200,18651.587337
-12.395452,200,18661.562191
-23.494579,200,18697.601378
43.764576,200,18706.464679
-21.15974,200,18716.654641
-22.39529,200,18726.134834
188.905284,200,18735.610235
-25.382815,200,18745.338894
-22.920196,200,18754.872404
-33.828857,200,18791.302854
-15.195486,200,18800.108679
-23.211617,200,18809.943188
-23.359592,200,18828.752831
-20.370694,200,18837.176962
136.090448,200,18873.752797
-29.351016,200,18908.066489
-13.337175,200,18916.874852
52.848547,200,18925.938619
-15.37252,200,18943.07854
-8.779472,200,18952.500962
34.744938,200,18961.031516
-35.304434,200,18969.299172
9.66764,200,18978.666168
-31.282163,200,18986.952464
6.760909,200,18996.010127
-14.97569,200,19033.371479
36.539297,200,19041.87419
-26.407231,200,19050.04991
-36.603699,200,19058.443177
-33.726883,200,19067.051287
-54.165608,200,19085.567746
106.4258,200,19095.375011
68.075903,200,19105.765872
111.63006,200,19141.408099
-38.539776,200,19183.337849
2.402088,200,19192.55835
123.571589,200,19201.338632
-19.954038,200,19209.556985
46.730727,200,19217.907552
-27.071912,200,19234.820398
7.900045,200,19270.337069
-29.608122,200,19305.248693
39.276777,200,19314.472965
91.385949,200,19348.443449
-32.680981,200,19384.368
-24.52652,200,19392.966325
8.855765,200,19402.541452
-29.326724,200,19411.934132
33.994301,200,19421.327841
74.664276,200,19429.897231
-38.873462,200,19448.124608
171.905241,200,19483.743148
-24.154723,200,19502.969243
22.97805,200,19512.483392
-30.187093,200,19520.882401
101.961235,200,19529.262289
31.061008,200,19537.686299
44.958669,200,19546.327659
54.806169,200,19582.56678
91.00818,200,19590.587852
79.082347,200,19600.058243
27.376658,200,19609.659982
82.346287,200,19619.193427
-21.069441,200,19629.951917
-23.604114,200,19639.736212
78.012226,200,19678.038886
-23.598369,200,19697.248563
4.364517,200,19705.650946
-22.474776,200,19713.77215
-17.798202,200,19722.205019
-24.946494,200,19730.601046
38.421638,200,19738.98502
70.670185,200,19749.644767
-20.723345,200,19759.42195
-29.682115,200,19768.620913
80.249286,200,19777.267122
24.000875,200,19813.892919
-23.659667,200,19850.636
-32.020072,200,19858.997638
-31.371458,200,19867.150533
113.004571,200,19900.02245
-27.341686,200,19909.871373
-31.404498,200,19945.782894
-22.012545,200,19955.318809
97.625144,200,19963.805176
-20.327567,200,19971.953558
69.871838,200,19980.34517
108.812561,200,20014.689166
111.263278,200,20047.839125
-27.619075,200,20056.506509
89.668054,200,20065.702402
-22.764836,200,20099.708282
27.446051,200,20107.953069
71.468873,200,20145.073359
-25.729366,200,20154.225764
-1.614297,200,20171.596594
-34.781255,200,20205.589953
4.980814,200,20214.057165
89.622303,200,20222.571289
-4.894396,200,20258.902663
-22.767978,200,20267.628887
-25.08957,200,20275.888497
-27.049351,200,20309.324814
-22.336089,200,20349.155476
-28.830685,200,20358.530282
64.416502,200,20366.532586
-49.91617,200,20399.184989
-24.347588,200,20432.765428
-4.305892,200,20442.232632
-27.549593,200,20461.137453
-34.713753,200,20480.29254
-21.283021,200,20488.237208
-20.352956,200,20496.325531
63.064271,200,20505.023079
-26.018879,200,20524.98503
8.481919,200,20533.786848
69.161116,200,20542.87665
-20.76996,200,20571.800933
-41.584126,200,20610.354347
-36.204747,200,20645.390819
-19.660847,200,20653.549062
-29.516643,200,20661.767384
4.050829,200,20697.34354
27.519957,200,20706.645856
137.892983,200,20726.641917
-30.840554,200,20735.840389
94.541954,200,20744.482014
15.672491,200,20753.033761
-24.224987,200,20761.124892
11.448503,200,20769.434062
-20.881569,200,20778.962558
59.435189,200,20821.196151
-24.945781,200,20840.271134
55.225831,200,20877.68102
-23.66176,200,20886.772979
78.870975,200,20895.134393
43.180701,200,20914.335648
-22.972389,200,20932.705943
-36.81021,200,20966.232416
-32.132244,200,21000.655169
79.060448,200,21033.660445
127.417432,200,21042.890518
97.730734,200,21080.829523
10.949597,200,21088.995637
-21.030589,200,21096.968924
126.6073,200,21132.086359
-22.317485,200,21140.774559
1.730312,200,21149.470162
90.954798,200,21185.677304
39.067127,200,21194.381851
-36.741501,200,21203.418328
-33.291649,200,21240.108519
165.402806,200,21258.219874
-10.337441,200,21269.937268
49.266961,200,21278.989177
-31.222778,200,21315.739522
24.82143,200,21323.753246
54.167005,200,21339.704582
24.725601,200,21347.786678
135.734532,200,21355.950477
-29.053109,200,21364.09917
-24.725738,200,21373.206778
62.922875,200,21381.895593
56.56993,200,21417.854121
23.98202,200,21426.833352
-23.912784,200,21436.818932
-30.138562,200,21445.014332
15.694682,200,21453.345006
125.964875,200,21461.72634
69.716487,200,21498.184902
-23.688353,200,21506.439
7.41131,200,21515.242635
-30.317179,200,21523.756226
103.575724,200,21532.784092
-28.215849,200,21542.536008
115.573248,200,21552.358308
-36.102309,200,21589.409859
-31.985308,200,21598.222128
-4.381339,200,21607.27374
1.440232,200,21642.42919
104.074399,200,21650.403249
192.139121,200,21685.056953
-30.220219,200,21693.459492
0.741224,200,21702.548871
-34.19823,200,21711.100286
64.28661,200,21750.046963
-23.626303,200,21782.559229
50.831087,200,21790.663214
106.226853,200,21799.441231
17.40683,200,21808.023936
56.625592,200,21817.490457
39.161815,200,21854.787579
31.770986,200,21862.954719
194.766513,200,21871.718817
82.585755,200,21909.624288
-20.179142,200,21947.094958
-25.327036,200,21980.431752
91.040282,200,21988.781237
39.372001,200,22006.626003
-23.769212,200,22023.990499
56.47488,200,22060.194118
93.382279,200,22076.278749
53.186741,200,22084.607637
-15.211226,200,22093.259165
-18.165096,200,22129.0692
-30.619889,200,22137.845229
-30.445964,200,22147.199726
17.737772,200,22155.303596
-21.756837,200,22163.403307
155.157576,200,22171.437257
124.564759,200,22179.580929
16.224051,200,22188.400258
-22.602473,200,22226.412197
-29.508507,200,22263.82929
-22.665692,200,22271.889344
-24.867169,200,22279.803031
-27.626019,200,22289.497727
-22.722583,200,22326.233589
-29.935349,200,22362.468129
14.251481,200,22370.544152
-26.638424,200,22404.289484
-36.488775,200,22440.186422
-17.240576,200,22477.206573
81.638189,200,22485.301006
32.829268,200,22493.472652
-20.830958,200,22511.505093
44.787978,200,22521.067508
-14.884818,200,22538.838108
70.095027,200,22575.057328
74.472039,200,22610.876828
-20.096727,200,22619.283089
38.538126,200,22627.525686
151.890556,200,22635.771886
68.959636,200,22645.063199
-20.552896,200,22653.723918
41.260298,200,22663.035306
-21.621862,200,22672.560207
132.046142,200,22712.081048
133.882122,200,22720.522736
-22.390818,200,22756.497212
-35.41096,200,22764.518362
83.186369,200,22800.132311
-16.646054,200,22808.13828
-25.448957,200,22825.265893
-32.111812,200,22834.122485
-21.575172,200,22853.697834
52.535767,200,22872.896675
137.276314,200,22890.154925
-23.748013,200,22923.880103
-24.341128,200,22931.961594
-69.937017,200,22967.902864
76.538814,200,22976.394059
112.302905,200,23012.897654
125.119977,200,23020.781872
-23.462454,200,23028.972567
88.356198,200,23036.909137
116.065202,200,23045.248302
100.567882,200,23054.994298
-17.886323,200,23063.565392
-36.916094,200,23098.634671
140.579808,200,23116.4926
12.322299,200,23124.665069
91.684143,200,23157.810707
-21.69386,200,23166.429004
32.393766,200,23202.606884
-22.419465,200,23211.70198
-13.211803,200,23220.540453
-2.339368,200,23231.119911
-21.82527,200,23240.369381
-25.307209,200,23276.201225
-24.433432,200,23284.221071
17.836143,200,23317.278167
27.249638,200,23354.525539
-33.367246,200,23390.194622
25.706136,200,23398.537781
-25.932774,200,23413.17577
69.668558,200,23431.28935
-31.440103,200,23439.208033
-18.68786,200,23448.554993
37.012267,200,23456.608605
-22.755798,200,23465.094183
-21.820874,200,23483.350113
60.577211,200,23491.573567
131.795259,200,23527.742261
-31.966213,200,23536.110463
-23.169941,200,23544.21816
-33.610513,200,23552.709028
-70.092715,200,23587.734485
-20.192544,200,23597.414774
-22.002226,200,23605.572294
-21.520285,200,23613.745107
86.855879,200,23622.215875
-27.993085,200,23630.671942
156.925848,200,23665.000881
83.651283,200,23673.11343
-9.624918,200,23681.374119
-36.917871,200,23689.51595
159.910997,200,23697.535634
28.437874,200,23706.831881
-21.216271,200,23716.195321
-28.10152,200,23734.515627
-19.2319,200,23743.544418
3.691615,200,23778.484416
52.060294,200,23786.78476
49.846377,200,23795.165293
-34.124109,200,23804.906221
67.142504,200,23818.114933
119.879028,200,23826.34777
102.470236,200,23863.050654
28.280874,200,23881.513105
-20.793611,200,23889.688052
-22.758077,200,23897.773803
-32.902912,200,23932.100885
-27.057921,200,23969.131114
-32.800166,200,23987.295468
-3.715355,200,23996.108173
-28.759538,200,24032.487697
-20.026118,200,24050.480831
-26.570119,200,24058.549983
-32.671726,200,24067.857687
-23.630798,200,24075.947433
-13.46714,200,24088.372105
15.098934,200,24096.622484
13.5574,200,24105.089128
-21.813463,200,24113.526892
-13.733194,200,24121.876876
3.266153,200,24130.502
75.581963,200,24139.581113
-22.245083,200,24179.742232
110.525679,200,24189.139444
101.811444,200,24223.663919
44.958198,200,24259.489519
-38.14085,200,24295.306913
98.414658,200,24313.168834
-35.215038,200,24321.534247
58.698354,200,24333.371389
34.743321,200,24369.661234
-31.647677,200,24380.045188
18.194469,200,24387.982801
9.066388,200,24397.329936
48.933029,200,24405.8104
-34.871616,200,24414.192577
55.157796,200,24448.93559
82.943373,200,24457.084785
104.846915,200,24466.031985
-33.321517,200,24501.973764
-26.645681,200,24510.199742
-23.410192,200,24527.033559
29.808319,200,24545.664756
-29.976288,200,24555.248194
-49.797427,200,24573.048855
-19.765556,200,24582.435495
100.94566,200,24591.041506
-33.891227,200,24599.322537
-20.564654,200,24608.608367
-24.758614,200,24645.86389
-24.264225,200,24683.7542
-29.074256,200,24692.175972
-32.727667,200,24700.808448
99.11947,200,24718.235941
62.935251,200,24755.879145
75.166593,200,24764.760912
-7.270671,200,24772.974104
-21.436324,200,24809.478842
-30.180819,200,24817.675056
-66.627567,200,24853.34207
35.293541,200,24861.524705
-26.185139,200,24870.074674
-29.140493,200,24906.540199
-29.98053,200,24942.965902
-16.622305,200,24952.486682
148.741713,200,24960.44542
67.125349,200,24969.383432
72.2837,200,25005.697716
-19.666405,200,25013.832702
-13.697821,200,25021.969967
-24.80202,200,25030.322419
-28.957697,200,25063.408209
16.404321,200,25096.615463
-18.235362,200,25129.434459
12.725285,200,25138.31591
75.816032,200,25146.463865
-24.929168,200,25154.821401
-29.964306,200,25162.728767
175.587985,200,25180.481746
19.485135,200,25188.63846
28.373668,200,25196.81028
52.835108,200,25231.828793
-25.730241,200,25241.231765
-15.838091,200,25274.267025
-24.127334,200,25291.823798
23.643844,200,25324.981129
62.317133,200,25361.142665
-33.332491,200,25378.105396
-22.269189,200,25387.146017
-25.164641,200,25396.441698
-30.825404,200,25433.748292
127.229315,200,25470.737505
106.646711,200,25479.125064
-32.975834,200,25488.090202
141.780728,200,25497.139431
34.948946,200,25506.368161
136.774948,200,25514.758624
24.168649,200,25524.023251
49.551374,200,25558.43232
-56.928603,200,25591.124109
1.675522,200,25599.107673
58.051622,200,25607.485821
-21.324517,200,25615.749983
-4.33006,200,25624.661459
44.307691,200,25634.312066
19.611883,200,25644.508687
5.263947,200,25652.610462
-9.89432,200,25686.764703
126.808141,200,25694.921465
49.625031,200,25728.341887
105.608882,200,25763.040783
96.116308,200,25771.318713
49.745987,200,25787.871981
-23.206155,200,25822.175914
-22.723952,200,25830.563525
40.19627,200,25840.187168
-27.798378,200,25849.52693
91.263972,200,25858.251923
84.15501,200,25866.710273
-26.118974,200,25884.161469
-32.532509,200,25892.735108
-34.413993,200,25911.12658
16.974339,200,25920.890795
123.73118,200,25930.167145
155.056873,200,25942.555218
-35.446693,200,25952.768135
123.468051,200,25971.650006
-31.516631,200,25980.297294
9.319834,200,25989.031523
-9.623761,200,26023.997979
78.645387,200,26032.494155
50.165444,200,26041.362689
6.344725,200,26050.97495
64.414108,200,26060.554665
-30.347329,200,26097.83763
170.990342,200,26135.906759
-38.58197,200,26169.06821
-25.824908,200,26181.397687
29.188798,200,26189.974982
26.500453,200,26198.916505
-26.945577,200,26217.376265
74.301262,200,26226.144666
50.836169,200,26234.659594
48.281366,200,26243.969455
101.693262,200,26252.207213
136.05804,200,26260.304269
-20.714089,200,26296.40575
-8.17086,200,26305.367825
-22.637439,200,26313.852892
63.049075,200,26322.307428
64.745083,200,26330.644717
-24.403793,200,26364.018948
-10.47894,200,26372.005184
58.111614,200,26380.396656
-28.195611,200,26388.444675
164.910957,200,26406.624951
38.11895,200,26416.979943
70.363576,200,26451.809248
-19.537152,200,26460.426846
151.954119,200,26468.843723
-30.959332,200,26504.448917
-20.198271,200,26537.229966
-32.250029,200,26546.832293
-24.58902,200,26556.236449
56.047889,200,26564.506993
-28.619757,200,26573.628788
-22.569231,200,26583.474986
71.282972,200,26592.876406
-25.109894,200,26602.560756
-24.60024,200,26611.923856
-38.465959,200,26620.576201
79.765371,200,26655.860803
24.60775,200,26664.899838
-26.658558,200,26673.688641
-11.752363,200,26708.87874
-10.446746,200,26718.245314
51.705454,200,26728.870341
-21.117846,200,26766.473561
-24.834654,200,26775.703933
-0.047087,200,26784.900958
119.170751,200,26821.581845
12.030185,200,26829.803078
-27.015699,200,26838.376126
-9.506817,200,26846.73675
-20.017631,200,26854.997526
84.726946,200,26863.567586
38.239724,200,26872.271891
-24.006152,200,26891.38431
-28.822874,200,26909.429423
2.133858,200,26919.678723
-23.699762,200,26928.875525
64.117838,200,26968.681731
1.366053,200,27006.529127
62.397134,200,27015.763043
-24.486152,200,27025.267485
-16.202267,200,27034.271191
-34.102411,200,27069.392254
-25.279098,200,27078.678792
31.925781,200,27111.979179
18.226406,200,27121.315968
83.83309,200,27130.215263
-34.168919,200,27138.88738
84.295871,200,27147.152461
52.953034,200,27155.855335
79.699599,200,27164.640751
77.427478,200,27173.284153
-27.712893,200,27209.534563
-22.939812,200,27248.514382
58.955554,200,27257.810162
121.053955,200,27265.841529
3.431187,200,27274.122773
-21.562342,200,27282.732589
-30.462873,200,27290.995415
-4.059533,200,27299.415106
-22.310239,200,27308.780643
54.32988,200,27344.919816
-2.187792,200,27353.345004
124.989493,200,27363.023932
71.003116,200,27371.535059
30.177969,200,27379.904087
-5.586959,200,27388.335896
-27.784865,200,27397.441957
82.596212,200,27406.731819
-10.216381,200,27415.094195
-17.419271,200,27449.826046
35.287809,200,27466.647324
-27.936377,200,27475.555723
183.115272,200,27483.962811
56.879239,200,27519.162728
126.919479,200,27527.816886
-101.175809,200,27544.901721
99.354782,200,27553.169366
57.2139,200,27561.605573
-33.279032,200,27595.040496
57.044424,200,27603.426991
-24.001553,200,27620.825728
-24.675362,200,27629.230902
-21.660166,200,27637.901397
72.280155,200,27659.237918
118.617923,200,27668.46659
-26.434518,200,27676.962696
21.086756,200,27695.235322
-22.754131,200,27737.780491
54.011796,200,27755.959
157.106205,200,27791.578712
19.380584,200,27799.904696
22.002451,200,27835.908437
93.167106,200,27870.317675
-0.251689,200,27905.676628
-22.953492,200,27913.732705
-26.569458,200,27922.085138
38.239046,200,27930.823498
-30.83183,200,27938.927488
-30.942849,200,27972.126875
-27.230244,200,27981.826595
21.325383,200,27991.054288
24.031709,200,27999.956157
-24.666035,200,28008.797073
84.651294,200,28028.371658
-22.558055,200,28037.003674
119.903126,200,28075.784922
-20.051393,200,28084.848958
85.353615,200,28093.541719
49.66615,200,28112.251833
-32.319011,200,28145.814155
46.135024,200,28154.303141
61.455179,200,28188.53756
172.006469,200,28196.71189
-29.495442,200,28230.283149
-24.692739,200,28240.938743
-27.534564,200,28260.182175
-23.561931,200,28268.545351
-44.023797,200,28286.580664
21.276156,200,28294.854487
40.168225,200,28303.750781
-39.777338,200,28312.280798
104.122886,200,28320.52249
60.91089,200,28329.003328
122.460666,200,28365.808482
22.237118,200,28402.984032
77.851715,200,28439.888658
54.883333,200,28448.074162
-32.587777,200,28484.85304
-33.416705,200,28493.94511
-31.716903,200,28529.971504
-32.727136,200,28548.548377
-28.510087,200,28584.6481
-0.844825,200,28593.103667
101.368639,200,28601.466004
-21.524796,200,28610.938566
-32.476227,200,28645.770525
-31.188035,200,28653.745394
-26.675158,200,28689.391956
127.040499,200,28722.61495
130.012624,200,28731.436039
85.331837,200,28768.663732
-28.880604,200,28785.376898
47.869791,200,28818.689092
76.135151,200,28855.012503
-29.968506,200,28864.955534
98.903406,200,28874.140229
66.867609,200,28910.200714
70.919606,200,28946.350018
-16.262779,200,28982.692532
88.199535,200,28990.821498
-32.152282,200,29007.675554
28.950727,200,29044.336477
-27.018872,200,29080.264806
-22.792,200,29116.893536
-33.090361,200,29125.093215
73.238374,200,29141.958217
48.343121,200,29150.442797
78.476908,200,29186.993654
98.901584,200,29196.066129
-36.509506,200,29233.095658
10.965779,200,29241.211607
92.241335,200,29249.726757
44.020277,200,29258.103906
153.635183,200,29266.277289
3.385979,200,29274.881174
-22.670366,200,29284.562813
89.85045,200,29301.976259
1.444328,200,29319.148112
66.684577,200,29327.596565
-29.211129,200,29336.142591
-28.191544,200,29345.439989
73.082215,200,29379.981245
134.888933,200,29388.59235
-30.727711,200,29397.221403
-2.590467,200,29405.519786
-34.438972,200,29441.598514
7.124179,200,29450.231409
-34.928576,200,29469.511392
-17.53663,200,29487.257408
65.764208,200,29521.364625
24.909675,200,29529.439919
152.255161,200,29537.439076
128.329733,200,29545.740362
-24.403548,200,29578.780363
-20.927574,200,29586.756712
-3.18508,200,29604.478628
35.868482,200,29613.429975
-34.547696,200,29652.491531
51.601662,200,29661.011286
40.215798,200,29697.403033
71.715124,200,29706.270174
6.192473,200,29742.552215
89.870995,200,29779.322276
29.115892,200,29817.021543
103.803769,200,29824.939004
49.332755,200,29832.932612
87.057854,200,29843.095727
-29.056867,200,29852.75313
19.201761,200,29861.570557
55.878652,200,29870.453098
-33.451451,200,29879.671769
34.635462,200,29887.950792
-22.438834,200,29896.573116
-2.392853,200,29915.13562
69.26299,200,29923.74865
115.935031,200,29932.913486
-31.053041,200,29943.404846
-21.206801,200,29952.879962
-21.498331,200,29961.310292
37.133258,200,29979.09938
-25.263503,200,29987.301924
-28.917023,200,30004.767176
-29.951638,200,30012.939741
-31.17059,200,30046.393025
-33.106387,200,30083.181611
-19.884742,200,30091.642576
-20.390543,200,30101.011289
-24.012582,200,30110.406424
18.665493,200,30148.49174
18.023021,200,30157.599713
-20.177118,200,30166.113373
-28.700559,200,30184.43953
-39.325857,200,30220.741016
-4.661938,200,30229.012573
-27.124514,200,30237.472715
137.28856,200,30246.711428
85.213412,200,30256.324866
-24.069385,200,30296.622379
-25.383319,200,30304.800568
-29.812549,200,30314.29267
-22.887208,200,30323.317924
47.411678,200,30363.340417
163.660115,200,30382.182216
75.826432,200,30397.584963
121.009367,200,30435.2137
51.547576,200,30453.992161
56.082853,200,30487.971742
58.46072,200,30496.071445
43.166726,200,30504.357046
-31.561329,200,30521.37549
134.175527,200,30540.918464
34.479885,200,30549.959128
28.672347,200,30559.562386
61.184587,200,30568.754221
-18.323244,200,30578.035224
-17.920847,200,30586.456365
-64.132763,200,30620.289437
-27.615502,200,30654.435325
61.809357,200,30662.958054
-21.884057,200,30671.952312
94.33591,200,30708.525361
13.687247,200,30717.316805
-30.66065,200,30726.0043
25.761515,200,30734.397173
-12.198026,200,30743.104582
-29.258059,200,30751.817556
22.581879,200,30760.08319
4.554136,200,30770.260917
33.534233,200,30790.9841
3.884438,200,30828.70249
-35.967301,200,30865.827268
83.421135,200,30874.806083
110.450075,200,30882.893761
-25.444376,200,30891.508091
-23.161159,200,30900.269292
94.774623,200,30908.868566
-30.975023,200,30926.628134
-23.159013,200,30936.799123
94.512174,200,30945.985137
72.094518,200,30954.691379
105.429375,200,30963.311076
62.122185,200,30971.80833
-29.777592,200,30980.636463
143.825964,200,30989.32482
25.675034,200,30998.825067
22.321056,200,31008.228945
15.340215,200,31045.729288
-24.487875,200,31055.214427
-26.011917,200,31063.842418
-23.871261,200,31078.271105
-31.84897,200,31087.057732
169.537373,200,31095.204853
-31.780725,200,31114.220174
-10.44492,200,31123.866828
-23.780563,200,31133.543192
69.783211,200,31170.559902
203.624846,200,31179.125397
-21.240851,200,31196.343636
-22.251096,200,31205.954632
75.711508,200,31215.544187
-32.766722,200,31235.956219
-24.398895,200,31275.130376
-27.806037,200,31284.659299
-25.16192,200,31294.126214
110.62612,200,31303.549668
-19.138696,200,31313.057084
-21.443061,200,31350.478684
8.69238,200,31369.309922
-35.145379,200,31379.068208
77.067267,200,31388.35949
-5.412706,200,31425.020244
-23.787916,200,31442.12627
165.442928,200,31450.989856
118.735834,200,31459.331529
98.01796,200,31467.487438
-23.158686,200,31475.725327
84.381366,200,31508.602356
-24.64711,200,31516.956641
18.786574,200,31536.589661
39.884944,200,31544.935412
60.419516,200,31554.385938
115.336887,200,31589.526521
-14.541045,200,31598.91045
-36.479658,200,31608.320854
111.099584,200,31617.540294
-27.697143,200,31656.215261
94.208683,200,31693.126706
-19.386878,200,31700.988201
-40.030497,200,31719.872211
101.215927,200,31728.479807
-21.063699,200,31737.234951
-30.323969,200,31773.54478
93.35576,200,31782.881529
-9.635799,200,31800.593057
28.523269,200,31833.605767
-22.536285,200,31842.312482
-31.67176,200,31851.064542
-8.68198,200,31859.555951
-25.600697,200,31895.443018
59.596244,200,31904.777472
-22.71343,200,31912.942926
96.005886,200,31921.463878
-31.607148,200,31939.59374
-34.585531,200,31947.94243
118.408591,200,31956.232762
140.224844,200,31990.694469
90.803507,200,31999.076783
-26.578971,200,32007.941576
51.544952,200,32017.041744
-33.834272,200,32052.046153
89.626965,200,32085.543185
68.171937,200,32104.449748
11.261413,200,32141.904618
64.878978,200,32160.937823
101.09096,200,32198.376691
-26.908684,200,32207.368127
11.673158,200,32225.483928
28.671049,200,32234.040353
200.683328,200,32267.802843
-26.179297,200,32278.094368
-19.258089,200,32287.406164
35.314222,200,32296.560452
16.48319,200,32304.899661
49.890134,200,32321.722199
-30.294577,200,32330.225221
13.136949,200,32338.617739
-25.052212,200,32346.979794
-22.887934,200,32365.21384
40.604273,200,32374.157181
-33.286912,200,32384.891658
112.884327,200,32393.11884
87.337665,200,32409.955746
-17.226408,200,32444.276708
-19.391281,200,32478.305644
73.841246,200,32486.459368
-21.168965,200,32495.133469
-27.840443,200,32504.576805
43.574933,200,32513.175903
22.45949,200,32521.598598
20.575461,200,32530.167083
-22.980572,200,32540.037636
38.577088,200,32579.465415
-18.484785,200,32588.942715
73.128362,200,32625.931678
1.202754,200,32634.080829
138.082812,200,32642.436677
-26.027367,200,32651.390892
59.036194,200,32660.184549
117.643567,200,32695.310605
106.839564,200,32703.682284
21.986446,200,32739.029312
94.418858,200,32747.202706
-22.435026,200,32756.621959
75.984068,200,32791.667061
-2.89839,200,32800.762371
-22.376016,200,32808.970606
-1.798422,200,32817.608698
-22.874967,200,32825.986279
142.15297,200,32834.400225
-34.558166,200,32870.234558
-23.321481,200,32907.517819
-30.394585,200,32923.796771
-7.341587,200,32932.052389
-39.394127,200,32940.642739
-25.283815,200,32975.277314
46.147711,200,32991.863196
-37.476705,200,33009.025335
-5.124778,200,33026.011007
59.090976,200,33034.293575
-21.959768,200,33070.916488
20.515975,200,33107.496694
120.819003,200,33115.723114
52.561079,200,33152.55141
17.159398,200,33160.829392
22.677537,200,33169.462143
-22.866478,200,33203.314038
-26.707968,200,33240.069506
-20.931716,200,33276.034395
147.120333,200,33285.648682
39.427299,200,33294.994118
-20.797634,200,33303.423277
