#{"t_start": 1632079513.5135272, "env_id": "ScratchItchJacoHuman-v1"}
r,l,t
-101.448994,200,10.050261
-49.867781,200,17.272411
-75.862854,200,24.448213
-35.065203,200,31.685849
-47.210601,200,38.76604
-52.313486,200,46.026289
-51.389019,200,77.889805
-50.843571,200,85.094915
-29.664831,200,117.477035
-120.154078,200,124.268663
-73.360197,200,132.11479
-33.078743,200,163.624905
-56.393058,200,170.482732
-69.364934,200,177.812875
-27.0331,200,184.760683
-52.666778,200,200.449871
-23.315713,200,207.69309
-39.652055,200,214.950295
-28.621973,200,222.23843
-41.393087,200,234.446764
-48.769366,200,250.793187
-30.827594,200,257.728404
-46.078197,200,273.213795
-54.439771,200,280.443301
-28.072008,200,287.3502
-35.651032,200,294.310088
-84.298205,200,325.980457
-43.177421,200,357.247597
-40.557638,200,364.103602
31.394636,200,371.291507
-69.769295,200,379.328312
-28.378318,200,410.890411
-16.047895,200,417.788875
-30.705921,200,433.181736
-48.802762,200,440.855126
-21.45559,200,448.034359
-0.675599,200,455.078828
-27.897635,200,487.157893
-46.950475,200,494.294018
-44.623318,200,501.625316
-22.905501,200,510.148194
-34.39111,200,517.636914
-42.321578,200,525.20971
-3.216048,200,558.304049
-28.69325,200,565.16328
-32.851027,200,572.103967
-43.647339,200,579.276129
-32.640329,200,586.226601
-72.242276,200,594.412691
17.770749,200,601.53279
-28.478673,200,633.190196
-38.36493,200,641.464309
-58.397678,200,648.635358
-30.299033,200,655.752092
-30.938841,200,687.275946
-29.992787,200,694.281907
10.745791,200,725.774985
-32.8733,200,758.594504
-30.311122,200,765.831356
-33.263217,200,772.944013
-17.372624,200,805.657698
-33.887449,200,813.790398
48.563373,200,829.107046
-22.40567,200,836.048829
-25.507575,200,843.250375
-32.806832,200,850.38201
-32.851043,200,857.404599
-25.274252,200,864.629541
-22.498819,200,872.001832
-50.526228,200,903.821978
16.126247,200,910.878387
-22.916623,200,918.856038
-62.21925,200,950.785351
-30.725039,200,957.790079
-31.963795,200,964.729222
-31.002351,200,972.330664
-19.246294,200,979.443933
24.80759,200,986.559203
-37.753072,200,993.658252
-24.345484,200,1000.822497
0.165604,200,1008.471755
65.054529,200,1017.076071
-13.697174,200,1049.085359
-42.211981,200,1064.579071
-30.025627,200,1071.652072
-11.180855,200,1078.796827
-13.632117,200,1110.927475
-41.398408,200,1118.018469
31.487854,200,1133.621317
-22.327567,200,1140.699698
-29.187866,200,1147.997017
-27.024502,200,1155.199693
-21.953833,200,1163.406847
-28.978045,200,1170.471181
-37.016947,200,1177.780539
-27.148789,200,1184.732704
51.361671,200,1191.929172
0.247429,200,1199.026249
1.957478,200,1206.311677
3.639953,200,1213.757211
32.739561,200,1220.858831
75.312923,200,1253.122508
-21.279176,200,1261.892903
-25.677098,200,1269.31955
-29.43802,200,1276.993286
-22.046476,200,1310.292688
4.130923,200,1317.811023
-4.292105,200,1350.827535
-31.000175,200,1384.154815
39.27179,200,1391.075159
-27.421202,200,1398.176243
-10.411926,200,1405.433813
-9.936588,200,1413.620306
-1.461743,200,1445.620931
-25.566891,200,1452.735333
-18.776985,200,1468.057281
43.582249,200,1475.072075
15.541217,200,1482.339645
-30.524965,200,1515.615073
-22.073755,200,1523.188897
6.07809,200,1530.439333
-41.194554,200,1563.547462
-30.134535,200,1571.92553
-21.963444,200,1605.488901
-27.166958,200,1613.014096
-22.831076,200,1620.496853
-34.333319,200,1627.815369
-33.385859,200,1643.781973
-27.852926,200,1651.416656
32.582638,200,1659.099471
29.116317,200,1675.053373
-0.540014,200,1682.316464
-43.85453,200,1697.565755
-34.631733,200,1729.916311
15.779249,200,1760.958129
-39.354997,200,1768.115955
-27.329889,200,1799.261852
48.658347,200,1830.02418
-23.852961,200,1837.180107
-26.128799,200,1852.046547
28.747362,200,1859.132524
3.711451,200,1866.029292
-28.110012,200,1872.912474
35.736836,200,1882.317457
-27.076877,200,1889.773027
-29.354688,200,1897.148614
-37.86135,200,1904.682718
-20.714519,200,1937.811219
4.418842,200,1970.684625
-44.313012,200,1986.434616
29.995089,200,2019.572089
29.144928,200,2052.052392
16.214444,200,2059.525555
-29.989528,200,2091.566979
-59.350363,200,2122.242719
32.005935,200,2129.349263
-12.682594,200,2160.886097
-25.770305,200,2168.05724
-15.035142,200,2183.151294
-24.741147,200,2190.008807
33.173017,200,2197.151838
-29.891739,200,2204.06482
-22.676296,200,2211.367853
-19.138103,200,2219.445184
-24.112982,200,2226.402468
-0.979175,200,2233.397701
13.550955,200,2240.567031
-30.16091,200,2247.895794
-25.927538,200,2255.229668
-20.942706,200,2262.303902
47.409591,200,2269.515184
-9.382346,200,2301.366442
-26.443639,200,2308.423729
65.415192,200,2315.504957
6.995055,200,2323.593463
-22.443779,200,2355.282655
-28.138866,200,2370.451128
-26.974979,200,2401.983268
-29.472858,200,2409.068887
-28.589486,200,2440.724329
-21.569182,200,2447.873905
-25.11711,200,2454.760793
4.164173,200,2461.900646
75.294248,200,2493.774929
-108.216312,200,2526.309545
-29.893746,200,2541.564062
9.755622,200,2548.547126
-32.991205,200,2555.947309
6.000816,200,2571.180857
-19.229552,200,2602.258667
-1.826092,200,2633.158687
-30.436498,200,2648.868993
-18.943641,200,2655.976584
-21.965758,200,2662.979638
-20.070145,200,2671.14276
-13.26267,200,2678.07004
-29.379682,200,2685.072176
-24.655852,200,2692.511791
-31.851451,200,2700.099675
-26.129317,200,2707.964464
-36.639154,200,2715.392489
27.10407,200,2722.922991
-3.184132,200,2755.893874
-23.916087,200,2763.300986
47.777993,200,2771.871538
-10.894436,200,2804.685136
84.388097,200,2812.183286
14.291796,200,2819.518991
-22.979869,200,2826.979373
39.586078,200,2834.221175
94.050769,200,2841.724192
-36.311714,200,2874.307732
-10.285363,200,2881.523328
-24.585798,200,2888.418147
-26.650473,200,2903.707223
-13.721797,200,2911.813704
-90.354466,200,2944.658177
19.677399,200,2976.97851
-33.106698,200,2984.091495
6.366699,200,2991.062894
27.150464,200,2998.214185
4.459941,200,3030.742889
-26.704276,200,3037.973378
-32.181887,200,3045.080749
-29.386456,200,3060.960426
-10.359444,200,3093.077391
27.409404,200,3123.435975
-27.333078,200,3153.915556
-26.467163,200,3160.942361
-24.511689,200,3168.285642
-24.831312,200,3175.339922
-32.067172,200,3182.503091
-25.693007,200,3189.523487
-33.647853,200,3196.626072
-21.455044,200,3203.695831
31.711453,200,3212.077727
-17.453021,200,3243.101161
-30.390078,200,3274.208699
-37.614198,200,3306.748755
-27.304882,200,3337.707074
-22.701294,200,3344.634073
12.746094,200,3351.722809
24.218027,200,3358.683486
-33.020143,200,3389.724699
-29.236247,200,3396.712597
-18.007653,200,3404.85572
17.11062,200,3436.189126
33.664184,200,3443.289892
96.013291,200,3458.184325
24.114836,200,3481.596628
19.762738,200,3488.62763
14.838058,200,3495.603197
11.192831,200,3502.707768
-29.819556,200,3518.223701
-28.16036,200,3525.757979
-30.510126,200,3558.83471
-9.545106,200,3567.019795
-18.959192,200,3597.886373
-27.50256,200,3612.936053
-6.663822,200,3643.809182
-16.45806,200,3650.997313
-36.051848,200,3682.2289
47.292488,200,3689.264903
2.591106,200,3697.4402
-16.157717,200,3704.341435
6.927772,200,3735.460685
37.255044,200,3743.725537
95.282832,200,3751.043362
-3.644842,200,3758.406909
-21.788834,200,3765.607833
-31.23961,200,3772.961988
-46.744485,200,3780.524691
-15.546406,200,3788.015584
-10.041527,200,3795.48503
-24.36109,200,3828.808495
52.544896,200,3836.25285
37.830348,200,3870.060217
4.778514,200,3885.536185
3.792327,200,3892.6896
-20.932983,200,3899.705095
41.949086,200,3906.982145
85.76525,200,3938.834561
-28.60602,200,3946.115268
-51.511684,200,3978.202723
-15.613046,200,3985.396423
-7.601841,200,3992.740922
-9.342209,200,4017.732645
-24.085248,200,4024.876398
-28.246686,200,4031.822968
-29.51581,200,4062.91549
-26.607819,200,4093.660602
-23.395412,200,4124.368422
-20.51952,200,4131.388027
6.062645,200,4138.743129
-34.102522,200,4146.059225
-16.99043,200,4178.806393
41.174502,200,4212.38694
-25.413213,200,4219.625971
-23.0192,200,4226.847392
2.054707,200,4233.918507
-13.22019,200,4241.351835
-15.193805,200,4248.577995
19.394667,200,4255.748347
24.50724,200,4287.12155
-32.047278,200,4293.978909
-23.934069,200,4300.861034
28.603934,200,4316.143061
-18.404357,200,4348.315609
-41.076491,200,4358.272343
-25.877843,200,4365.577624
-16.588897,200,4373.169292
-24.126882,200,4389.151484
-23.447966,200,4421.954844
45.877596,200,4429.396226
1.528659,200,4436.543278
-9.920045,200,4443.711666
5.634606,200,4451.226202
14.3712,200,4459.704083
-36.966958,200,4475.630543
-26.872188,200,4482.847772
23.969782,200,4489.938097
-19.850377,200,4496.893511
-9.632002,200,4504.123122
-8.476436,200,4514.051203
-7.324201,200,4521.722896
74.371373,200,4529.247471
-25.781523,200,4536.75181
-33.322805,200,4571.104666
-16.125686,200,4579.24158
-25.334529,200,4586.449371
-26.648899,200,4593.590447
-19.808687,200,4600.823524
-22.944772,200,4607.838131
37.431836,200,4623.243295
5.257071,200,4630.355803
-26.655022,200,4637.611318
-16.42622,200,4653.328983
-26.800356,200,4661.741001
11.837142,200,4669.109321
59.806789,200,4702.781704
-20.71511,200,4710.123894
-27.449335,200,4726.125903
-23.155354,200,4733.547636
-33.490079,200,4749.582982
-15.963875,200,4756.889997
-13.364425,200,4764.371938
23.251133,200,4771.897316
-31.537161,200,4787.997572
-32.635828,200,4796.336545
-27.404273,200,4803.595121
-35.952312,200,4810.526254
-19.055242,200,4826.069776
-28.582473,200,4833.305585
-22.055385,200,4840.387749
-31.370539,200,4855.958281
-39.402091,200,4887.962112
-28.074718,200,4894.82293
-15.708111,200,4901.776513
-6.330736,200,4909.915559
-36.549583,200,4916.843425
-19.659118,200,4932.349664
-7.250609,200,4939.319818
-23.917514,200,4946.409018
13.373792,200,4953.418164
-19.023499,200,4960.511846
-79.417381,200,4992.110337
-34.649662,200,5023.156335
-2.694228,200,5038.34446
-21.193112,200,5046.768178
-35.92471,200,5053.951649
64.895981,200,5085.837407
44.24927,200,5092.872499
-35.653336,200,5124.36171
-31.928752,200,5131.395576
34.265376,200,5138.351585
-23.547013,200,5145.490902
-29.25626,200,5152.464555
-28.468352,200,5167.907732
-21.095569,200,5184.115228
1.546635,200,5191.221059
-5.065744,200,5222.49343
-24.011216,200,5229.55819
47.824162,200,5236.853259
-20.097418,200,5244.012566
-25.332866,200,5276.593085
26.195862,200,5309.136122
-10.762458,200,5324.810558
-28.883184,200,5357.082472
-20.648878,200,5364.408601
-79.389441,200,5398.180449
2.187766,200,5430.856508
-15.406756,200,5439.002904
22.992941,200,5453.931794
-34.491003,200,5486.242682
8.209811,200,5493.761699
-16.378255,200,5500.872884
-18.797827,200,5507.72533
-16.599881,200,5514.758672
-25.473271,200,5546.593738
-24.087369,200,5563.115476
-30.060414,200,5570.156722
-35.79139,200,5577.161051
-20.57853,200,5584.177532
33.315386,200,5616.069664
42.738948,200,5623.060411
-23.130385,200,5630.067033
-24.804846,200,5637.277689
1.469696,200,5644.293315
-29.156814,200,5659.905251
18.420864,200,5676.180535
-5.367871,200,5708.215002
8.397843,200,5739.923082
-27.265325,200,5747.130417
-18.177061,200,5754.260963
-23.154526,200,5761.372892
21.11209,200,5768.733907
-36.401235,200,5776.12877
-31.406435,200,5783.674131
-26.970178,200,5791.030731
-34.775879,200,5825.484264
86.640303,200,5832.69966
-17.691092,200,5840.077705
2.548497,200,5848.391205
-21.498332,200,5855.682583
-22.327102,200,5888.593683
-31.628838,200,5895.744335
11.785033,200,5927.171577
49.080446,200,5934.147555
-7.884569,200,5941.115644
-22.973563,200,5948.127491
-20.204762,200,5956.227428
-22.76004,200,5963.24361
-26.067114,200,5970.242985
-5.889452,200,5977.273859
-34.884121,200,6009.231511
-6.197495,200,6016.359457
-21.718531,200,6023.281439
34.023847,200,6030.500924
-29.258764,200,6062.546375
20.88051,200,6069.560827
45.034879,200,6085.978037
-12.057204,200,6101.06514
64.558468,200,6132.751191
-27.249506,200,6139.93295
-37.775218,200,6170.986181
-18.461661,200,6178.186893
-24.849515,200,6185.188781
-26.842602,200,6200.342581
-26.663441,200,6207.513887
28.952519,200,6222.82102
-10.543972,200,6256.325795
40.285294,200,6263.486651
-24.574252,200,6279.218205
35.565826,200,6286.82476
37.80379,200,6294.394329
-26.960781,200,6301.843088
-34.876093,200,6309.167606
-20.232194,200,6325.118857
40.553271,200,6332.473441
23.043966,200,6340.059096
-130.904494,200,6374.092977
1.76387,200,6381.149758
-32.029314,200,6412.633506
-5.694802,200,6419.467101
49.890369,200,6450.875264
-22.833694,200,6457.715331
35.256591,200,6466.312726
-37.229137,200,6481.536369
-30.400695,200,6488.484624
-16.210573,200,6520.052569
-25.612784,200,6527.121218
-12.583471,200,6535.155907
13.052131,200,6542.295408
-11.212692,200,6549.693106
-14.703263,200,6557.329013
-27.52094,200,6564.780279
-58.576073,200,6597.970824
5.521671,200,6605.225825
25.4569,200,6638.422155
13.50233,200,6645.842077
-30.796073,200,6678.564795
-22.807539,200,6687.050705
-4.738395,200,6694.391586
-10.496431,200,6701.913313
-14.162801,200,6709.517791
-23.579824,200,6716.979392
-28.918022,200,6724.423179
44.921884,200,6732.039351
5.403809,200,6739.312705
79.929814,200,6772.302087
-27.571833,200,6779.727909
18.54076,200,6788.399678
-26.980133,200,6795.996144
66.475141,200,6811.731711
60.498884,200,6818.749517
-22.599834,200,6825.913073
-23.209476,200,6833.19958
-11.044546,200,6848.772132
-23.504473,200,6855.856373
-34.711834,200,6871.285718
-54.829427,200,6902.98788
21.979123,200,6910.983122
-31.996996,200,6921.562682
-23.980865,200,6928.718913
-0.589468,200,6935.590935
-6.161559,200,6942.688446
-25.782356,200,6974.435324
1.753862,200,7005.748253
-34.313051,200,7012.843933
-18.013854,200,7019.750693
-35.409599,200,7050.89728
-36.692753,200,7065.934637
-22.851606,200,7098.08744
-25.3821,200,7104.932026
-31.228524,200,7111.791556
-18.173361,200,7118.640083
7.343229,200,7125.419701
39.119539,200,7132.335879
51.972392,200,7139.271319
49.058191,200,7170.620684
-135.241198,200,7184.280037
-25.99749,200,7191.333593
-29.505547,200,7199.4131
-27.998062,200,7206.236422
15.565356,200,7213.223967
29.669412,200,7228.629415
-25.60377,200,7235.534984
-43.906052,200,7242.720094
42.130884,200,7250.041419
23.923738,200,7282.135823
-34.252835,200,7297.277172
-30.344453,200,7304.290364
-26.506704,200,7312.25295
-29.709004,200,7319.198817
-25.970303,200,7351.198393
-2.777404,200,7382.993875
-29.702498,200,7390.083565
5.783289,200,7421.045574
-31.154346,200,7428.148395
-33.863356,200,7460.519518
28.254003,200,7467.613907
-28.851328,200,7483.224587
-22.264401,200,7491.307977
52.146147,200,7498.484416
33.174469,200,7505.555463
-29.850895,200,7520.898635
-87.0513,200,7528.203484
-27.743531,200,7538.317944
22.000898,200,7545.402182
-28.553611,200,7577.065209
-28.553969,200,7584.371168
16.198562,200,7599.653616
-22.203263,200,7607.664747
-1.330172,200,7614.538675
64.04822,200,7621.607227
-25.111692,200,7654.73508
-6.428922,200,7661.738757
-6.125666,200,7668.898008
-23.777341,200,7675.81812
-20.338378,200,7707.013654
-42.164932,200,7714.250848
-37.847424,200,7721.597059
7.595158,200,7728.874391
46.287757,200,7761.248168
-20.703615,200,7768.629126
-26.708289,200,7776.175511
-19.718572,200,7808.979873
-28.40936,200,7824.868659
-29.832253,200,7832.451273
-14.091766,200,7839.651313
8.917758,200,7847.537116
-8.710885,200,7855.17239
-30.833614,200,7862.29732
-23.459218,200,7870.654478
44.924503,200,7877.825572
-21.324487,200,7884.899937
-19.477256,200,7891.887878
29.378099,200,7899.163751
12.14985,200,7906.092858
-40.759479,200,7913.714262
-67.049741,200,7945.749807
-33.368502,200,7952.68111
-25.021424,200,7959.513089
-26.803613,200,7992.287889
-103.939007,200,8002.617439
-31.800221,200,8033.996173
-27.4584,200,8041.020026
-30.545352,200,8048.221586
-22.412283,200,8079.300046
-27.046818,200,8110.09858
-17.67324,200,8140.653367
5.841368,200,8171.260633
-27.287185,200,8186.123891
-42.130209,200,8202.305919
53.662648,200,8209.451256
-17.011993,200,8240.953542
-0.445015,200,8247.8695
-14.208701,200,8254.86663
1.103873,200,8262.195916
-39.961991,200,8269.203196
21.827182,200,8300.674524
-5.541323,200,8307.585079
-43.642406,200,8314.765271
44.971095,200,8346.213971
-26.00403,200,8354.399683
-31.148213,200,8361.538002
-28.63964,200,8368.591265
-28.81913,200,8375.803014
-32.93474,200,8407.555847
27.98034,200,8414.558221
36.699913,200,8421.890275
-28.075289,200,8429.319363
-93.447464,200,8462.15808
-21.752925,200,8469.195841
-19.250467,200,8477.457365
-23.759251,200,8484.685447
-29.997036,200,8491.737565
31.157672,200,8498.91105
-22.429265,200,8530.272132
-20.92533,200,8537.201204
-32.197742,200,8544.556127
51.031609,200,8575.946522
-23.639053,200,8583.194081
-18.865956,200,8598.405286
-23.429132,200,8606.566339
60.647141,200,8613.688787
-2.9507,200,8620.645777
-27.223364,200,8636.258651
35.763837,200,8667.699364
24.653755,200,8698.818812
-14.364795,200,8705.93178
-31.369014,200,8713.046828
-56.934009,200,8744.204285
-45.67722,200,8775.487065
-34.376002,200,8783.647907
-23.904424,200,8790.699008
-29.448428,200,8821.92448
-23.591248,200,8828.95937
-30.504722,200,8835.89826
8.009443,200,8842.97594
-1.279034,200,8850.196811
-31.336641,200,8857.419374
-35.783846,200,8889.719473
-12.769514,200,8896.66419
-22.792287,200,8903.826183
-21.980252,200,8912.010443
24.003673,200,8919.269118
-9.439617,200,8926.444295
-29.763139,200,8933.808675
6.92843,200,8940.976295
-23.574737,200,8948.268172
12.281665,200,8955.625795
-23.071897,200,8987.815933
-18.214258,200,8994.865592
-23.655474,200,9001.969363
-13.952587,200,9010.390678
-61.94412,200,9025.927428
-27.311966,200,9041.242611
5.607398,200,9048.484631
-11.685377,200,9055.765727
-26.420663,200,9062.924298
11.274564,200,9070.177124
-59.643267,200,9077.372975
-32.669031,200,9084.771945
16.076691,200,9101.029907
-21.792023,200,9135.405347
-27.569464,200,9142.618391
50.390296,200,9158.684003
-6.386743,200,9166.178079
-35.668111,200,9182.402401
-12.367819,200,9198.421411
17.183623,200,9205.765086
-25.320887,200,9238.470101
-23.579052,200,9254.337047
-16.730161,200,9261.544798
13.932421,200,9295.729106
-27.881417,200,9328.466713
-26.070906,200,9335.703478
-84.4891,200,9368.256974
52.944576,200,9384.058158
-15.30763,200,9391.525876
-34.124764,200,9399.03508
-29.669298,200,9406.631292
-6.164738,200,9413.867233
-27.063773,200,9421.137528
-30.457642,200,9454.672135
-29.960851,200,9462.936893
-23.103632,200,9469.886156
0.632559,200,9501.021449
-23.139257,200,9531.541345
-7.372185,200,9538.759403
-99.566991,200,9553.866155
-27.585433,200,9560.866616
-23.541326,200,9567.874288
-29.252787,200,9575.585146
-9.21531,200,9583.192621
-4.97904,200,9591.992707
-27.752597,200,9599.442684
50.556016,200,9615.539805
-23.265875,200,9622.959982
-24.118801,200,9630.196229
-33.044817,200,9637.71082
20.087118,200,9645.181865
-0.324669,200,9652.861057
-22.359318,200,9660.565268
40.267043,200,9668.233115
-38.285407,200,9676.959574
90.687399,200,9690.906106
1.173614,200,9698.080928
-29.588312,200,9730.161014
-26.895637,200,9745.282529
-3.890958,200,9777.039657
63.417479,200,9784.18327
-31.682244,200,9816.002877
-43.258936,200,9830.828344
18.547263,200,9845.026495
4.655216,200,9853.559602
-27.586782,200,9861.048388
52.135993,200,9868.668755
-33.530273,200,9901.789604
-22.366102,200,9916.894409
-35.206659,200,9923.758816
53.834393,200,9930.911945
-28.465472,200,9937.908862
-42.123351,200,9944.905357
-32.920128,200,9952.334518
45.9808,200,9959.451215
63.099132,200,9967.805345
56.492514,200,9974.85438
-31.721737,200,9982.164526
48.698088,200,9989.50988
-24.543775,200,9996.86945
-40.802521,200,10013.111804
41.361087,200,10029.397281
-16.946298,200,10062.098678
-36.18591,200,10094.040724
-16.627158,200,10100.904749
-14.10845,200,10108.844743
0.799096,200,10115.947801
-23.772259,200,10122.805881
-26.78716,200,10154.473075
-28.155224,200,10169.670742
-29.993975,200,10200.642957
-32.49133,200,10215.591436
22.839195,200,10222.949345
-13.37434,200,10254.057318
-11.24122,200,10269.02554
-20.731119,200,10300.944016
-25.523274,200,10315.846383
-26.880638,200,10346.733448
10.30828,200,10377.472451
6.684855,200,10384.321622
-24.886362,200,10391.157634
-23.827009,200,10406.220109
-25.707438,200,10413.037796
-2.415291,200,10420.112254
-23.110661,200,10451.194178
-22.965534,200,10459.257734
-4.669975,200,10466.197087
-19.344314,200,10473.164158
41.832935,200,10488.177793
-23.428667,200,10519.262344
-6.97105,200,10526.29347
11.325797,200,10556.82189
-30.114183,200,10587.697005
-55.383516,200,10618.529094
-57.699653,200,10649.211272
35.731822,200,10656.255109
-24.949332,200,10664.391973
13.257658,200,10671.558333
-7.399968,200,10686.853887
-34.883927,200,10717.865643
76.154188,200,10724.772005
-24.552487,200,10731.767738
-42.975082,200,10762.723191
10.078988,200,10769.95094
-9.981005,200,10777.152086
-27.480125,200,10784.146912
-25.733827,200,10792.318144
-15.722712,200,10808.25794
-40.435347,200,10841.399837
20.461179,200,10849.296503
18.308689,200,10856.319231
-17.255354,200,10863.706893
-25.832904,200,10870.789791
-26.587629,200,10886.149605
-13.240382,200,10893.247549
28.70031,200,10900.318042
-23.691943,200,10933.278332
-27.5939,200,10964.722022
-26.476355,200,10971.908377
44.046416,200,11003.225856
0.997912,200,11010.256179
30.35211,200,11017.449032
40.865183,200,11024.808841
62.341063,200,11032.135881
-27.007825,200,11047.955953
-29.012901,200,11080.299269
-33.408809,200,11113.404447
-24.100322,200,11120.443077
-25.388326,200,11152.500687
-50.881229,200,11184.277371
-1.990697,200,11191.288516
-22.328256,200,11198.297635
-22.812967,200,11205.7493
26.430726,200,11213.060344
24.748784,200,11220.405195
-19.926788,200,11227.652679
-30.075191,200,11236.116937
26.199091,200,11243.382332
2.87238,200,11250.402569
-35.002664,200,11282.051997
-21.133417,200,11313.20024
15.808497,200,11328.207238
-18.809655,200,11335.132811
92.115558,200,11342.351445
59.730491,200,11373.626028
-22.211775,200,11380.583653
-22.140991,200,11387.384096
-17.159469,200,11419.566334
-25.349377,200,11426.650222
-29.703801,200,11434.267389
-28.74428,200,11441.378234
-73.631999,200,11472.270398
81.824903,200,11479.504083
33.851485,200,11486.56888
-24.672887,200,11493.778558
-45.105499,200,11524.537772
-26.897504,200,11547.441047
-24.066178,200,11555.738479
-23.563349,200,11586.525901
-9.040624,200,11593.715818
-29.269029,200,11600.738437
17.112715,200,11607.72556
-32.792834,200,11639.011229
0.756502,200,11647.003069
18.17166,200,11654.439219
-13.050434,200,11661.821053
66.597486,200,11669.518367
-9.150596,200,11703.781323
-22.036019,200,11736.08091
-23.58402,200,11751.685189
1.777069,200,11783.900322
-22.770054,200,11790.93267
-2.5299,200,11822.0168
-30.740535,200,11829.072265
-29.276656,200,11836.036343
-24.402839,200,11851.314883
24.832606,200,11858.669322
-20.447313,200,11875.157866
-21.122112,200,11882.387988
-25.394682,200,11914.790357
-56.999003,200,11946.169606
28.264656,200,11953.309995
72.350125,200,11960.403689
-13.393235,200,11975.421479
-8.38141,200,12006.614872
-25.131677,200,12037.679901
-12.350756,200,12044.709475
-6.640411,200,12059.618411
5.980076,200,12067.871106
-23.932353,200,12074.870112
22.547103,200,12089.958035
-24.134318,200,12097.201406
-33.422702,200,12128.672259
-27.706487,200,12135.836176
40.125919,200,12151.19641
-7.413018,200,12158.289712
17.817054,200,12189.386281
-0.825853,200,12196.383623
-15.987219,200,12204.471094
-23.731164,200,12211.502672
76.056884,200,12243.024752
42.00486,200,12250.023912
-27.999973,200,12256.934975
-39.164415,200,12288.094992
80.267079,200,12318.978868
-22.011808,200,12349.569153
20.723005,200,12356.766778
-110.926291,200,12387.615096
13.021894,200,12395.897577
81.418392,200,12402.84115
-39.122106,200,12433.82526
-20.784392,200,12448.728188
22.601752,200,12455.639775
-25.369805,200,12486.467837
1.989852,200,12493.398774
-40.24423,200,12524.065795
-22.327789,200,12531.137737
-19.406754,200,12538.220017
-34.367524,200,12570.302773
-30.215665,200,12578.368617
-20.999733,200,12593.321445
-20.762521,200,12600.338227
-25.676779,200,12607.506592
-7.782233,200,12614.400176
-3.50771,200,12645.765458
-24.720464,200,12676.591284
54.113345,200,12707.344392
-48.150698,200,12714.44892
111.280771,200,12721.449939
15.128902,200,12729.600152
13.045614,200,12760.360565
-22.644296,200,12767.327641
-19.650705,200,12774.374567
-17.559282,200,12789.437538
-8.754312,200,12804.515721
-24.576292,200,12811.697262
-17.87609,200,12818.710201
-32.155851,200,12849.883679
39.386531,200,12857.035797
-21.961383,200,12889.222287
36.532466,200,12920.027759
-24.552232,200,12927.221246
-19.675922,200,12958.356156
-12.818357,200,12988.95505
-22.58372,200,13019.703675
37.718626,200,13026.56284
113.20818,200,13041.55517
71.555621,200,13056.7203
-21.306572,200,13063.829081
75.8907,200,13071.961945
-16.475512,200,13103.003677
-34.752826,200,13133.958155
-21.813026,200,13149.059484
16.657371,200,13156.042935
-15.801588,200,13171.180329
-21.296297,200,13202.323771
-29.940158,200,13233.219808
30.424953,200,13263.80003
-30.953329,200,13271.015849
-24.298369,200,13302.963944
-25.281678,200,13310.013064
-12.018443,200,13340.918631
-26.462213,200,13348.301696
-23.755037,200,13379.381587
-51.27387,200,13394.589237
-22.972843,200,13401.573519
13.973669,200,13408.719845
-23.633246,200,13440.105411
29.644453,200,13470.919748
-111.521472,200,13485.901219
-28.634066,200,13494.003821
-22.443532,200,13524.810157
75.458953,200,13532.20251
59.550022,200,13539.406978
-3.695451,200,13554.525196
-23.191995,200,13561.706044
-30.05685,200,13568.91926
-22.658689,200,13576.588676
40.67548,200,13592.044532
-18.651392,200,13624.075252
-20.668918,200,13632.375777
-28.414036,200,13639.641372
-27.841743,200,13670.626605
-26.71987,200,13677.685896
22.903424,200,13708.80081
-16.200371,200,13715.97773
44.000311,200,13722.91376
-22.509582,200,13729.947835
-11.681284,200,13761.530418
42.671505,200,13776.43375
-14.668393,200,13784.439261
45.295693,200,13807.049392
-13.979588,200,13814.091677
-32.432749,200,13821.132598
6.018525,200,13828.238825
-24.891893,200,13859.487438
-36.602811,200,13874.692455
-31.320906,200,13881.773777
111.40734,200,13888.925341
-20.801309,200,13896.124287
-23.065985,200,13904.176377
-18.328483,200,13935.734074
-23.464534,200,13966.916106
-9.360249,200,13999.130575
-23.122336,200,14030.636436
-25.744981,200,14038.216502
-26.542361,200,14045.759206
-13.476165,200,14053.169274
-32.584625,200,14069.325705
6.206183,200,14076.727652
-32.397107,200,14084.283758
-34.99824,200,14100.738303
44.307207,200,14132.373951
-30.483911,200,14139.615104
-68.728088,200,14146.919531
90.44366,200,14154.443613
-29.79313,200,14161.912831
15.105035,200,14169.413715
-24.974267,200,14177.104568
13.72873,200,14184.849519
8.96442,200,14192.513561
-22.55635,200,14201.06079
27.314248,200,14233.901552
-10.002515,200,14266.460454
-31.594519,200,14273.413444
-29.787528,200,14280.188369
-25.964906,200,14287.388096
-26.021249,200,14319.849029
2.98775,200,14326.78587
-25.55746,200,14333.944935
-30.08729,200,14340.853582
-52.47064,200,14374.603891
-21.387298,200,14406.799372
-1.976311,200,14413.653275
-20.824281,200,14420.488216
-26.875412,200,14452.843426
-20.348993,200,14459.782316
-22.078204,200,14466.701393
-19.845,200,14473.962263
-20.951887,200,14480.959446
-20.357675,200,14513.807952
-18.053718,200,14547.341876
28.707097,200,14554.24214
68.82122,200,14561.409721
-28.259853,200,14593.611014
-23.861469,200,14600.555783
-27.263282,200,14632.670682
12.906477,200,14639.893705
-31.696467,200,14646.959865
5.532789,200,14653.964026
-36.264258,200,14669.371127
32.185349,200,14685.135705
-0.329092,200,14718.301568
-7.39929,200,14725.197362
-28.272909,200,14732.30312
-24.604617,200,14747.744805
-29.226879,200,14754.647123
-31.495795,200,14787.340814
-17.138158,200,14794.585114
6.277215,200,14810.035356
-4.746734,200,14817.155548
-23.53134,200,14849.444209
-30.007629,200,14857.720409
-23.584721,200,14873.369008
46.567194,200,14880.280418
-23.345032,200,14912.976019
-27.876573,200,14928.217571
1.56966,200,14935.21033
-14.232756,200,14967.646594
-26.26519,200,14974.489546
15.146465,200,14981.5059
-6.697487,200,14988.413728
-19.922918,200,14996.522854
-30.718676,200,15003.523888
35.371041,200,15019.270513
-25.765992,200,15026.329499
-30.306365,200,15033.478718
-26.173953,200,15066.469733
-29.104342,200,15098.767136
63.156518,200,15105.557537
-34.355037,200,15119.15928
-64.892858,200,15135.397771
-35.001073,200,15143.722282
-28.43473,200,15150.838448
-20.477756,200,15158.258926
-22.395854,200,15174.443246
-30.997349,200,15181.786072
13.751444,200,15215.755792
-9.535921,200,15222.972633
46.353129,200,15230.099841
-12.925683,200,15246.372485
-18.831939,200,15278.111791
-29.813958,200,15286.158741
-19.970272,200,15293.061523
-25.16943,200,15299.98076
20.811778,200,15307.017482
19.068406,200,15314.158759
110.813277,200,15321.476909
95.338047,200,15328.751488
-0.548323,200,15361.260542
14.242286,200,15368.201526
51.423534,200,15375.167989
-24.728359,200,15407.528235
-35.076811,200,15415.610806
-1.771901,200,15447.595783
-25.539723,200,15454.622817
-35.079537,200,15461.693689
-13.213829,200,15468.752268
67.216207,200,15476.342004
18.300637,200,15509.846487
-24.353574,200,15525.840415
21.724767,200,15541.720156
-7.362534,200,15548.803872
-24.170831,200,15556.83974
36.350401,200,15589.036285
-15.051277,200,15595.840111
-55.574567,200,15627.499327
-20.959437,200,15634.389287
-25.439469,200,15641.362247
-28.558481,200,15655.689226
-16.825921,200,15688.502317
-18.995282,200,15695.61445
-32.397621,200,15711.063745
-19.234541,200,15719.348644
-20.968624,200,15726.468854
-9.601784,200,15742.136292
16.973525,200,15755.755966
-20.17833,200,15762.951674
-28.413409,200,15795.081872
90.705741,200,15826.892174
61.927647,200,15833.937362
21.011269,200,15865.173241
33.678554,200,15872.191145
111.678646,200,15880.507433
-27.258393,200,15887.760332
-4.434118,200,15895.103542
-14.904405,200,15926.564453
69.076873,200,15933.514676
-32.058972,200,15940.580775
-31.419757,200,15972.584384
-17.808797,200,15979.837181
-20.338636,200,15986.993981
26.853801,200,16020.646548
27.19215,200,16053.582009
99.453445,200,16061.836312
-24.703123,200,16074.365851
-23.771235,200,16081.684288
3.781726,200,16089.10197
-37.528159,200,16096.325678
130.635565,200,16103.501085
22.436359,200,16119.25795
-12.240591,200,16126.280974
36.58437,200,16133.623784
-23.631885,200,16140.898336
21.951335,200,16149.294106
55.803397,200,16156.644406
10.317222,200,16188.493194
-25.208889,200,16195.619168
-3.945773,200,16227.884629
-41.8181,200,16259.357723
132.789097,200,16266.46732
-55.779371,200,16297.930635
-29.221281,200,16329.801712
25.085284,200,16336.931132
37.481056,200,16369.226304
-23.89351,200,16376.325444
-47.987716,200,16391.295774
-44.271884,200,16422.472384
49.660682,200,16433.568483
-13.163673,200,16440.669043
-36.543381,200,16447.928488
39.519278,200,16455.0071
51.535592,200,16462.025213
-14.565945,200,16469.399656
66.357274,200,16477.574939
-22.77928,200,16484.698523
-13.494051,200,16492.106622
57.568907,200,16507.569527
-26.512387,200,16539.182253
17.964353,200,16546.28229
60.476199,200,16577.836485
-33.407819,200,16584.96824
-24.116284,200,16592.032633
73.199905,200,16598.967406
-14.715792,200,16606.011886
39.28396,200,16614.391914
2.864056,200,16646.279556
22.99163,200,16677.622508
65.173279,200,16692.495481
-29.684711,200,16699.429677
-30.03644,200,16706.387963
-12.402321,200,16737.808347
-14.779949,200,16744.807958
65.53635,200,16751.735886
-17.021068,200,16758.989437
13.100373,200,16792.903984
37.151154,200,16824.206146
45.473387,200,16831.163861
-26.357892,200,16862.342813
39.050217,200,16869.375775
-61.407557,200,16900.632837
43.171341,200,16915.692776
-21.033195,200,16922.57812
-20.958807,200,16929.581767
72.742604,200,16936.594535
42.057333,200,16969.442107
-26.641756,200,16976.523422
-24.636415,200,16983.728185
-24.197212,200,16990.861814
-20.940503,200,16997.698977
-36.290974,200,17004.793152
-22.237927,200,17036.870638
-16.475384,200,17043.903006
106.374846,200,17051.064287
59.620596,200,17057.972571
-4.017785,200,17066.319843
20.970506,200,17073.243446
46.812458,200,17080.328348
44.992447,200,17112.448317
-74.855468,200,17128.039959
-3.12777,200,17135.285192
-8.232091,200,17167.990938
-31.681974,200,17183.714115
73.850207,200,17190.806471
-28.537429,200,17223.285614
1.650121,200,17230.420698
-14.062508,200,17238.670988
6.172066,200,17270.994206
17.862799,200,17278.109003
-21.156292,200,17286.942801
-25.531023,200,17319.268191
69.631959,200,17326.511168
60.780998,200,17333.940466
27.659625,200,17349.65865
-23.679476,200,17356.999867
16.089815,200,17364.082633
-52.722415,200,17397.931003
-30.124154,200,17405.218447
-25.686411,200,17412.76686
-32.37361,200,17420.246527
-26.379899,200,17427.738475
-18.69889,200,17443.801444
-26.630859,200,17459.702116
-32.140349,200,17492.784347
72.991036,200,17508.716595
-23.946279,200,17516.190753
-20.916049,200,17550.027726
60.139288,200,17557.314389
-22.739709,200,17588.45769
-30.540274,200,17595.294807
-30.589362,200,17602.405011
-21.894644,200,17609.38745
90.048709,200,17616.347871
-30.611007,200,17623.529726
85.279914,200,17633.591296
-17.279584,200,17665.157459
-28.353206,200,17673.473272
-33.108278,200,17680.456846
90.652948,200,17712.073134
-31.319914,200,17727.139206
70.513689,200,17734.14515
-20.446217,200,17765.927963
-24.11035,200,17798.089834
-26.43566,200,17828.786222
38.551941,200,17835.974093
-39.751545,200,17843.345265
46.498122,200,17850.549385
-14.690127,200,17883.366333
-23.115609,200,17892.172706
-35.957247,200,17925.001157
106.10266,200,17932.579205
-25.551767,200,17940.174308
-34.34083,200,17947.736172
-22.507318,200,17955.037704
-10.794402,200,17962.548787
62.895502,200,17969.861346
47.134603,200,17977.28491
120.211768,200,18011.106721
129.7601,200,18018.041594
79.603768,200,18024.976661
77.540902,200,18056.557101
-23.626221,200,18063.617345
-105.975044,200,18094.845808
86.088356,200,18101.972378
-25.878878,200,18133.13758
-31.685472,200,18140.248449
97.667583,200,18149.807024
-28.291755,200,18162.527926
-28.872508,200,18177.975485
3.414917,200,18185.223764
-21.930152,200,18192.505003
101.812199,200,18199.812182
32.760292,200,18207.368625
-20.445124,200,18214.699092
-3.132648,200,18222.204049
-26.036045,200,18229.594449
6.560709,200,18262.443475
33.038837,200,18295.784503
-16.348006,200,18302.940274
-26.509219,200,18310.261547
19.823964,200,18317.347932
-21.236759,200,18349.680183
-4.64876,200,18365.399326
-4.022402,200,18372.820223
11.828962,200,18379.990771
30.529344,200,18412.367315
23.565971,200,18419.770328
-26.722891,200,18427.001699
-17.468109,200,18435.694907
-22.755213,200,18467.109788
-31.922655,200,18474.20343
-22.114,200,18481.391483
-29.182444,200,18512.220092
21.896566,200,18519.280541
102.317994,200,18526.395044
-11.749146,200,18534.168052
-23.680548,200,18541.825138
-123.971246,200,18558.105591
54.28621,200,18566.644961
-32.219833,200,18599.570218
29.515381,200,18606.829805
9.939564,200,18614.280506
-24.535034,200,18630.422166
-39.738286,200,18663.097805
11.518048,200,18670.607794
88.575261,200,18686.325761
-17.174282,200,18702.2211
-23.496208,200,18709.841296
-19.792751,200,18726.749247
-32.031798,200,18734.118333
-1.404014,200,18750.208034
47.530202,200,18757.348002
100.03471,200,18789.163076
33.9491,200,18821.000544
62.380818,200,18827.98764
66.344627,200,18843.713604
-22.72712,200,18851.160664
-30.446064,200,18884.016614
13.622274,200,18891.972135
-25.577977,200,18923.944998
126.878639,200,18930.997189
-19.370574,200,18938.071391
91.197623,200,18969.365405
-23.342619,200,18976.592248
-27.844494,200,19009.225124
13.801562,200,19016.678221
-15.03535,200,19023.717642
54.612433,200,19030.787775
-31.242902,200,19047.319476
4.224399,200,19054.337416
-23.201379,200,19061.432411
-24.659914,200,19068.514546
68.811108,200,19100.551577
41.020744,200,19107.557672
-29.157408,200,19139.076942
-22.506688,200,19146.273219
91.07639,200,19153.400603
-27.009344,200,19161.113041
111.247289,200,19168.385876
53.955119,200,19176.745909
-22.890948,200,19184.187772
65.339892,200,19191.341041
-22.770182,200,19198.411123
-23.617284,200,19205.591455
51.713201,200,19212.825329
-26.080631,200,19245.478247
0.762223,200,19260.830836
128.391575,200,19269.653948
54.128973,200,19301.724807
-8.529331,200,19309.870033
21.688518,200,19341.824733
2.600457,200,19348.893563
67.905288,200,19355.882699
-25.755211,200,19371.18327
50.597435,200,19378.212785
29.843809,200,19385.466778
59.754038,200,19392.590617
-28.315908,200,19407.738171
13.680722,200,19415.013934
103.830604,200,19423.574215
78.787782,200,19430.617057
-26.95591,200,19437.722611
-24.91793,200,19469.741902
20.703098,200,19500.607039
70.999197,200,19507.541565
-29.696241,200,19538.490532
-33.255747,200,19545.520905
-26.789811,200,19552.462406
36.08971,200,19559.758728
2.783649,200,19568.083057
-31.45458,200,19583.622646
-21.897434,200,19615.42926
130.514619,200,19646.757937
22.098787,200,19678.133812
23.498992,200,19685.196776
54.99056,200,19692.094477
-0.313103,200,19699.125393
85.275296,200,19706.351608
34.336582,200,19713.560093
-30.409472,200,19721.028844
-28.248148,200,19737.541673
18.505698,200,19744.721454
58.777223,200,19751.817085
-16.623005,200,19783.764009
-33.59033,200,19790.855858
206.106402,200,19822.579836
-33.85099,200,19829.678426
12.845291,200,19836.733493
-28.232038,200,19843.976952
88.029017,200,19851.009974
-67.673865,200,19884.255914
-26.128393,200,19899.74496
25.517,200,19907.140404
38.805747,200,19914.548917
-29.264272,200,19930.811513
-12.904941,200,19963.623883
-28.883946,200,19996.169088
-35.003435,200,20028.429006
31.040378,200,20060.490066
-20.323827,200,20092.492929
18.670602,200,20108.923959
29.397652,200,20133.119667
-21.814653,200,20165.435679
-14.954817,200,20172.640387
-9.1732,200,20179.644396
46.955875,200,20186.89117
18.76122,200,20194.177392
81.41785,200,20209.698874
-25.089994,200,20241.233656
65.249607,200,20248.305587
-42.058565,200,20280.724395
60.181735,200,20287.769264
-32.478879,200,20294.998717
-26.644512,200,20302.14201
-35.560246,200,20309.629394
21.403638,200,20316.952871
3.922708,200,20324.050758
-32.09629,200,20356.164365
-23.455977,200,20387.59018
24.676736,200,20402.870586
98.970954,200,20418.179925
92.558958,200,20426.05258
-1.053089,200,20433.121616
-24.539696,200,20448.440489
87.393216,200,20463.699063
-30.707564,200,20494.944062
119.859763,200,20525.972542
84.751799,200,20556.684578
-23.502287,200,20563.647503
50.548175,200,20570.495446
-27.851251,200,20577.439864
116.063255,200,20585.642496
-27.555362,200,20617.243096
32.745835,200,20648.083734
-34.861117,200,20655.16047
-26.586126,200,20662.157987
73.354711,200,20693.265108
73.206503,200,20705.60622
-27.483721,200,20736.944986
-32.426109,200,20743.922722
62.943777,200,20759.650101
-22.420003,200,20768.199779
-22.154386,200,20775.303364
-14.062926,200,20782.479013
-23.822918,200,20814.096295
13.26566,200,20821.207052
-26.769711,200,20852.378874
69.6558,200,20883.405046
55.433823,200,20914.468563
-21.583072,200,20929.634857
-19.738692,200,20960.697449
-30.745453,200,20993.099474
-33.135338,200,21023.815886
20.474708,200,21031.045177
-77.831877,200,21046.256948
18.29717,200,21053.195411
-32.019114,200,21084.399506
24.876612,200,21091.325559
133.675064,200,21100.225464
-28.745779,200,21131.754583
-17.334349,200,21138.694691
120.005862,200,21170.276832
25.104033,200,21178.360225
131.702214,200,21185.681923
48.828153,200,21218.19818
-25.236633,200,21250.414726
60.060992,200,21257.43374
67.547297,200,21272.520231
-25.008326,200,21287.624406
23.040485,200,21302.914262
-30.580736,200,21309.982842
8.659582,200,21316.991269
-30.538058,200,21325.577044
69.014616,200,21358.174837
-32.442455,200,21390.437586
39.148112,200,21405.867057
-36.401563,200,21437.845123
-6.96279,200,21444.763692
-26.136915,200,21451.92187
-4.406342,200,21467.565677
-21.638306,200,21474.684904
-30.588969,200,21481.61499
-0.106525,200,21513.610019
70.852105,200,21520.656432
92.010858,200,21551.891817
201.028066,200,21559.08517
-31.256107,200,21574.019251
-23.839522,200,21581.191377
-31.609101,200,21588.459178
-23.167371,200,21595.797091
-18.747597,200,21610.977132
72.127558,200,21626.32433
-5.380133,200,21642.636044
-22.417738,200,21649.862074
-20.196865,200,21657.137233
53.119036,200,21664.547207
-23.668752,200,21697.884021
84.091896,200,21704.966313
-14.744125,200,21712.151952
-29.106078,200,21719.527301
14.61222,200,21752.103702
5.018731,200,21785.053964
-25.244643,200,21792.50403
-23.579447,200,21825.964785
113.959076,200,21832.871226
-32.209964,200,21839.828884
40.136222,200,21847.018545
105.949918,200,21854.176709
-32.175518,200,21861.602575
45.322871,200,21869.062111
-22.535788,200,21876.402855
-21.686091,200,21909.381916
55.596263,200,21925.206195
-30.976705,200,21942.062975
-12.178609,200,21949.412779
-8.61175,200,21956.730009
55.167778,200,21964.196181
-24.978465,200,21971.305956
115.485427,200,22004.009538
67.711326,200,22011.094171
-26.388792,200,22018.316514
19.330611,200,22025.521158
-22.665929,200,22032.581185
52.377345,200,22041.085807
-24.649588,200,22048.544425
68.790663,200,22081.713574
-22.053993,200,22114.31593
4.749166,200,22146.875947
34.620249,200,22154.466996
-32.483844,200,22161.693874
-24.158611,200,22169.361179
134.805722,200,22202.239816
76.048853,200,22234.879045
54.066867,200,22243.517061
51.207679,200,22251.037738
-22.478986,200,22257.919006
12.217718,200,22265.365774
-10.941834,200,22272.474602
-31.937224,200,22287.783801
-7.104774,200,22295.042897
-22.931909,200,22302.170795
-26.119071,200,22309.418295
-35.318496,200,22316.564033
-32.765942,200,22323.672564
-19.114655,200,22356.406583
11.228418,200,22371.311707
22.113124,200,22378.381707
-4.241819,200,22385.527662
-20.240559,200,22393.103281
2.783067,200,22425.587651
56.838977,200,22432.813431
56.296767,200,22448.55197
111.858927,200,22455.764764
45.052997,200,22470.891927
-29.842676,200,22479.233743
114.134352,200,22486.276302
24.117556,200,22493.520489
2.258969,200,22508.608554
-29.417136,200,22515.821967
13.500567,200,22547.189314
21.899882,200,22554.458998
77.038496,200,22570.350932
-32.233141,200,22603.117395
24.018089,200,22610.102707
-15.664141,200,22642.40519
-35.51585,200,22649.240085
-31.729749,200,22656.366939
116.810329,200,22663.337544
-8.939033,200,22670.343815
17.861191,200,22701.757388
126.694034,200,22708.852456
-20.5834,200,22739.957144
68.729235,200,22771.078182
29.545459,200,22778.021033
-39.930478,200,22809.964572
-28.056969,200,22840.663786
-21.822222,200,22871.514745
-23.656835,200,22878.683863
-22.05446,200,22885.708218
-34.460742,200,22916.719717
21.802666,200,22923.666773
172.722863,200,22954.982013
-2.217753,200,22968.30911
-26.636906,200,22983.972383
94.439824,200,22992.260901
-34.710273,200,22999.378063
18.923815,200,23006.560935
79.909245,200,23013.810409
82.463323,200,23045.692791
-21.867107,200,23078.630476
-24.874107,200,23090.408247
138.964366,200,23097.778308
117.364008,200,23130.64809
-30.138249,200,23146.214067
66.044284,200,23153.873057
-13.45985,200,23187.555602
-34.336486,200,23195.257412
-18.947881,200,23211.025896
-25.665903,200,23218.494703
96.161808,200,23225.936991
-19.676401,200,23239.231616
181.235519,200,23254.251002
-76.520675,200,23286.662986
-0.569154,200,23294.001518
-21.675844,200,23301.307309
104.579288,200,23333.481461
-22.855024,200,23340.723622
80.802359,200,23347.783661
91.566858,200,23354.942648
54.671563,200,23370.400538
55.777508,200,23378.462641
-21.868196,200,23385.792578
20.621346,200,23393.093703
89.517782,200,23400.111192
-19.963631,200,23431.814955
99.675552,200,23439.898199
37.875576,200,23446.918442
41.762297,200,23454.041067
19.753828,200,23461.151916
-26.933114,200,23492.768882
105.298548,200,23523.884517
-27.375897,200,23555.372715
-23.169299,200,23586.302929
0.276693,200,23593.291881
134.467705,200,23600.205297
-21.159531,200,23608.384877
-24.397338,200,23615.305899
-27.065911,200,23622.290026
104.24013,200,23654.000971
65.290654,200,23661.144655
51.836455,200,23692.641801
23.786328,200,23700.070107
-27.482996,200,23732.718104
130.624865,200,23740.367085
5.413006,200,23747.98598
69.947566,200,23755.27919
-29.007,200,23763.802766
114.075448,200,23771.217897
125.633352,200,23787.350543
-32.678586,200,23820.623939
-25.51099,200,23853.507907
-24.681835,200,23884.447937
-30.139447,200,23891.529441
-31.792185,200,23898.769899
-28.276785,200,23905.83556
-30.459052,200,23913.004501
-23.530786,200,23946.626979
115.41706,200,23953.68019
69.667384,200,23960.899623
130.500226,200,23993.730349
-19.523968,200,24000.778224
51.686729,200,24007.629843
-25.919524,200,24015.09053
-31.294262,200,24022.637678
66.69137,200,24029.972548
15.297979,200,24062.649616
-24.598412,200,24070.853949
-33.155429,200,24103.325603
-5.69976,200,24135.664848
-85.33019,200,24151.098202
-38.718291,200,24158.201272
45.50074,200,24165.166994
-22.867398,200,24196.684599
176.052889,200,24203.662158
24.429196,200,24210.852418
47.819528,200,24217.792248
130.569984,200,24226.033954
81.216169,200,24233.305265
78.994221,200,24240.646175
124.511645,200,24272.338982
194.883472,200,24284.703935
28.48888,200,24291.886481
70.864663,200,24299.118386
39.685479,200,24330.565413
-23.818695,200,24361.966984
-47.44638,200,24376.975589
2.478201,200,24383.901175
71.000347,200,24391.926292
83.602201,200,24423.68049
73.708321,200,24430.641829
89.745857,200,24437.647144
-26.637644,200,24469.149256
35.815084,200,24476.213951
-22.140684,200,24483.285406
-19.767517,200,24498.545403
-31.878195,200,24505.412532
-31.24033,200,24516.6191
16.583597,200,24524.756606
-27.715408,200,24531.981356
0.147309,200,24547.428346
-10.407179,200,24562.957102
-49.306752,200,24576.738853
111.040866,200,24584.166569
-23.966229,200,24616.286976
68.625414,200,24647.81239
24.408172,200,24654.913731
8.078946,200,24661.969011
101.803508,200,24694.359636
104.93915,200,24709.494223
-33.650732,200,24717.074924
-25.987993,200,24750.178964
-22.366548,200,24765.997881
-8.943361,200,24781.872533
-20.234308,200,24789.183832
70.501784,200,24796.852552
-31.149028,200,24812.820524
9.209767,200,24828.536644
146.111334,200,24837.028212
-25.471692,200,24844.427823
73.930504,200,24851.826189
134.235773,200,24859.075469
83.68007,200,24890.337561
109.189536,200,24922.83858
73.120214,200,24930.003286
-22.635394,200,24937.245565
-21.758032,200,24969.471976
146.735292,200,24976.450599
-31.115029,200,25008.760366
41.514007,200,25016.994353
19.006755,200,25024.13471
54.412812,200,25056.628847
-39.209387,200,25088.721328
-28.824102,200,25095.799319
42.228897,200,25103.097525
-28.289596,200,25110.292541
-31.06428,200,25117.195403
37.343623,200,25148.895666
-22.7893,200,25156.330813
-22.018705,200,25164.777733
44.345156,200,25172.136024
-20.312347,200,25179.650934
-28.359124,200,25212.29426
3.765665,200,25219.735351
-29.871879,200,25252.696681
71.035005,200,25261.790581
50.737484,200,25294.573024
109.907948,200,25327.338927
-8.308954,200,25334.711079
-22.431804,200,25343.033098
34.922785,200,25350.485766
-18.013923,200,25357.77757
81.136875,200,25367.150424
37.362755,200,25383.356715
91.41594,200,25399.067611
-27.704332,200,25431.66061
-5.155262,200,25438.958206
67.650521,200,25454.738114
66.460671,200,25461.846969
97.092752,200,25470.249258
18.924648,200,25477.545263
-26.91055,200,25484.855406
-61.916255,200,25500.953782
159.053233,200,25532.203378
-4.196499,200,25539.435052
14.170306,200,25570.741435
32.704288,200,25602.217184
-30.003654,200,25609.16761
49.634028,200,25624.411967
19.228194,200,25639.562646
-30.942402,200,25672.051851
-25.23629,200,25679.165579
148.256643,200,25685.985386
-13.646538,200,25693.01966
-8.857595,200,25708.268354
-30.124171,200,25715.449261
53.367418,200,25731.460255
-22.505689,200,25738.76745
-11.056673,200,25746.092405
-22.485066,200,25753.623074
-2.243771,200,25761.869202
-22.076611,200,25794.627207
63.46156,200,25826.865432
106.244267,200,25833.98477
-21.438158,200,25841.465991
76.309842,200,25856.316912
1.926252,200,25887.266716
2.698457,200,25894.325101
135.497668,200,25925.199413
-23.003375,200,25932.448166
-20.936482,200,25940.61965
42.573007,200,25971.413469
-21.844248,200,26002.010037
-24.297385,200,26009.105961
-30.397624,200,26040.00853
47.840643,200,26070.854777
25.989709,200,26077.883158
130.947946,200,26093.00664
35.088716,200,26100.183231
41.995958,200,26131.351968
-12.231739,200,26139.540269
14.243317,200,26154.551337
145.085442,200,26169.665489
-3.697534,200,26185.590957
95.617423,200,26217.755177
-28.20212,200,26224.820261
-42.613656,200,26240.590315
-25.291935,200,26247.918349
94.59124,200,26280.39733
-21.687744,200,26287.689852
-16.174624,200,26294.836172
-29.269127,200,26328.337508
-25.855146,200,26343.928639
-21.955445,200,26351.249192
4.759346,200,26383.49844
-33.262147,200,26415.515051
-29.99189,200,26447.313533
-28.098107,200,26462.70475
151.224212,200,26469.672228
80.039272,200,26502.034734
-26.755138,200,26517.538061
77.689934,200,26525.728483
112.460366,200,26532.96294
121.618972,200,26540.112492
131.325139,200,26572.774499
-26.277885,200,26579.933117
136.192736,200,26612.463946
-25.08155,200,26619.562751
-27.600138,200,26626.881414
22.267607,200,26658.90196
110.598947,200,26690.808781
-29.977342,200,26698.972194
-5.577757,200,26731.131704
155.37744,200,26746.287925
9.177176,200,26753.664532
44.550974,200,26761.035457
-28.728137,200,26768.472048
-0.961125,200,26775.851593
115.582975,200,26783.11361
-32.932298,200,26790.611225
-23.842307,200,26800.034905
65.085914,200,26833.700806
89.653006,200,26848.601888
-24.381835,200,26855.732311
-36.186007,200,26887.389782
-12.280256,200,26918.477447
135.45746,200,26949.372005
160.142374,200,26956.338876
120.849729,200,26963.24006
-30.224965,200,26970.413627
-40.057597,200,27002.163985
120.8315,200,27018.351142
-24.517473,200,27025.468799
175.606099,200,27032.457206
155.527519,200,27039.516104
-25.118876,200,27046.657157
25.903589,200,27053.945024
39.117191,200,27085.136458
91.958486,200,27092.436975
-32.485271,200,27125.491199
-28.661957,200,27132.912563
-22.264297,200,27140.845067
-28.191635,200,27149.402925
39.849231,200,27156.840852
54.11182,200,27164.183776
-9.515465,200,27180.109046
-25.011461,200,27196.185248
-22.95464,200,27203.964612
-19.458897,200,27211.520063
-25.252173,200,27227.058598
64.127075,200,27236.075649
-24.650239,200,27268.019941
146.533426,200,27276.010988
-31.937752,200,27306.887151
82.629709,200,27313.940647
92.744832,200,27321.073848
5.718063,200,27328.339894
-24.391725,200,27359.811824
25.174511,200,27391.11988
74.010502,200,27398.394456
-15.444745,200,27405.345083
77.628738,200,27412.32908
144.189829,200,27420.685523
-20.37363,200,27436.039422
-24.094767,200,27469.269117
-28.305384,200,27501.880097
42.760512,200,27509.251006
-8.727253,200,27525.238559
99.279069,200,27532.781203
75.325743,200,27540.368905
100.358212,200,27547.780349
-21.550021,200,27555.344187
55.094647,200,27563.658232
-21.20967,200,27570.985096
-26.115991,200,27578.295353
-25.35879,200,27585.462999
-23.285551,200,27601.108322
-30.14273,200,27633.263864
129.731782,200,27664.746044
-22.428572,200,27672.027103
36.286489,200,27678.873689
20.72175,200,27685.830681
-26.684518,200,27693.149891
42.751567,200,27701.422033
49.219908,200,27708.439852
-24.653738,200,27715.737479
150.528055,200,27722.908687
-21.084161,200,27738.320974
33.396493,200,27762.979198
-23.121404,200,27778.840541
78.899121,200,27786.147712
80.804652,200,27817.154633
150.917376,200,27824.320956
-18.24009,200,27832.735798
-36.333793,200,27864.039956
48.713122,200,27894.903277
120.698589,200,27902.051236
-28.420824,200,27917.011903
-30.354066,200,27948.242013
90.872744,200,27955.526638
-25.47772,200,27962.590677
135.008741,200,27970.036764
89.67755,200,28002.934013
19.471063,200,28011.466156
112.653288,200,28019.07306
71.483328,200,28026.525389
-23.479076,200,28059.028468
-31.215358,200,28066.368208
-27.363338,200,28073.815868
95.140165,200,28081.344986
-31.075395,200,28088.988384
72.685402,200,28096.491802
72.580616,200,28103.921479
-34.42026,200,28112.719137
-15.115937,200,28120.148049
159.546433,200,28127.606866
11.116586,200,28143.633422
-32.583284,200,28150.771482
102.245983,200,28166.44523
-31.24922,200,28173.849305
18.176897,200,28180.919422
-22.200903,200,28188.437607
67.521745,200,28195.457354
83.884769,200,28202.552325
85.701736,200,28210.975241
-20.914462,200,28218.313458
-109.110465,200,28233.519979
123.178805,200,28240.692083
58.851781,200,28248.014651
20.365395,200,28280.25543
121.061353,200,28311.907921
2.108279,200,28318.878121
-30.348609,200,28325.794409
7.485119,200,28357.467602
47.421675,200,28373.758352
2.097276,200,28404.930745
17.635784,200,28412.167871
-27.136171,200,28419.227893
-2.112893,200,28450.493148
129.191187,200,28465.650119
-27.952247,200,28472.710059
-17.451688,200,28480.000962
169.916968,200,28511.573231
-31.579175,200,28518.87441
-11.104419,200,28527.069826
7.476416,200,28542.317337
-22.628952,200,28549.498781
-23.00408,200,28556.435563
-38.662013,200,28563.878855
-62.846674,200,28595.849161
60.972733,200,28611.100683
85.92427,200,28618.348213
165.060771,200,28633.70354
106.792953,200,28648.939562
-32.727765,200,28657.25033
6.89779,200,28672.781777
85.749469,200,28679.959911
-28.225724,200,28687.240837
206.885538,200,28694.213709
-26.616971,200,28726.589527
-5.31871,200,28742.010471
-30.068665,200,28748.88123
-28.301983,200,28755.960718
10.991116,200,28763.109142
-21.925188,200,28770.420387
-29.477013,200,28778.702826
103.074208,200,28810.54546
-33.696926,200,28817.597138
97.251263,200,28824.652762
107.09694,200,28856.516604
154.854366,200,28863.652572
18.294396,200,28878.833086
35.212789,200,28885.79018
-33.80231,200,28917.41884
35.365867,200,28924.50255
60.456494,200,28932.746203
0.504351,200,28939.808764
-32.161271,200,28971.474674
68.203784,200,28978.661066
-20.91865,200,29010.063874
5.176968,200,29041.362598
84.124667,200,29048.552827
-25.630255,200,29080.221303
-32.474625,200,29087.18318
-26.775445,200,29094.242847
43.739359,200,29102.331466
43.0651,200,29133.784587
55.009595,200,29140.862802
-26.135152,200,29147.862411
-24.328406,200,29179.144488
-34.870669,200,29186.289754
-25.477293,200,29193.364534
-27.12849,200,29200.257748
18.719909,200,29207.266363
-20.705871,200,29214.440192
-26.096025,200,29231.578597
-27.833303,200,29239.02599
-21.145622,200,29254.431844
178.360677,200,29261.375988
52.740484,200,29276.821913
40.299749,200,29283.858794
-34.554212,200,29291.192399
-23.519104,200,29323.000999
-21.216464,200,29330.127678
-30.147359,200,29345.266361
-30.49181,200,29376.784562
