#{"t_start": 1632072053.076625, "env_id": "ScratchItchJacoHuman-v1"}
r,l,t
-48.687983,200,9.621157
-29.660591,200,17.482067
-117.169557,200,25.537455
-48.285791,200,33.633732
-29.160519,200,41.630278
-67.853369,200,49.719575
-49.461468,200,83.272555
-47.105538,200,91.475547
-33.560327,200,125.510234
-71.877146,200,133.399574
-44.809197,200,142.77542
-24.090507,200,176.348379
-50.625204,200,184.341443
-57.169251,200,193.399556
-81.084688,200,201.04976
-47.51155,200,217.247849
-46.255073,200,225.039377
-33.865557,200,232.654946
-35.202552,200,240.329223
-54.49411,200,256.02715
-45.068743,200,289.878528
-39.549297,200,305.625283
-5.997027,200,321.605999
-31.018681,200,329.657845
-28.244159,200,345.486249
-28.385486,200,353.16589
-56.993438,200,360.878088
-33.544151,200,368.493515
-26.461897,200,376.421453
-32.937778,200,384.330235
-14.094161,200,393.494548
-35.632712,200,426.254942
-62.596156,200,434.120501
-43.778109,200,466.209735
-65.641274,200,473.876686
-37.04866,200,489.691931
-50.744557,200,497.292456
-12.603257,200,504.991882
-36.961695,200,536.899876
-24.012161,200,569.751399
-48.24771,200,578.932708
-31.446351,200,586.915577
-34.770992,200,594.548157
-46.839709,200,610.59355
-26.369436,200,626.633053
-3.384332,200,659.570323
-53.272269,200,667.169934
-26.096545,200,682.941022
-33.843209,200,716.030472
-54.314467,200,723.796179
-52.961498,200,731.66032
-38.899004,200,741.140599
-30.990278,200,757.324445
-24.588958,200,765.064529
29.386566,200,797.8739
17.300933,200,805.420844
-26.050542,200,821.208841
-25.71282,200,828.74791
-34.487123,200,836.645873
-58.930001,200,869.737102
-43.427088,200,877.644902
-58.335064,200,911.150691
-9.154443,200,918.902951
-47.415728,200,926.741619
-12.61219,200,959.020845
-34.729405,200,966.921196
-28.004361,200,974.619727
-49.778434,200,1007.421564
-21.72533,200,1015.214904
-5.433979,200,1022.920105
-35.499996,200,1039.037318
-33.292108,200,1056.384521
-33.409768,200,1089.40579
-20.742729,200,1097.274713
67.809924,200,1104.934526
-25.887628,200,1136.812166
-25.523919,200,1144.643159
-32.492161,200,1160.309682
19.460809,200,1192.411654
-23.868365,200,1200.226799
-30.02165,200,1232.153185
-21.652378,200,1241.026258
49.193017,200,1248.872918
-31.004837,200,1280.990447
-29.916778,200,1313.199133
-37.544543,200,1329.141206
-28.453524,200,1345.223032
-0.653403,200,1352.916393
18.8811,200,1368.733994
29.911164,200,1400.792948
-27.079608,200,1408.695747
-21.595504,200,1416.898854
6.516351,200,1426.524034
-26.887987,200,1434.42085
20.112907,200,1451.309544
2.11207,200,1485.069976
-33.940044,200,1493.20488
-58.05503,200,1509.310692
-29.776438,200,1525.327167
-31.265835,200,1558.158116
-34.292073,200,1590.711652
-34.824053,200,1598.382138
-38.232926,200,1632.566745
-29.873601,200,1664.492142
-16.574253,200,1672.284743
-25.814232,200,1680.131301
-24.482048,200,1687.964408
50.775532,200,1703.709776
-24.302515,200,1718.762704
-28.789143,200,1726.57442
-23.866097,200,1758.520751
27.363187,200,1766.219788
-38.582975,200,1775.38379
-13.619999,200,1807.448259
-33.978799,200,1823.403753
26.012642,200,1831.04889
-68.714486,200,1863.927978
-6.106445,200,1879.978916
-35.303128,200,1887.933269
-43.717465,200,1920.845844
-19.01684,200,1928.58586
33.63362,200,1936.423496
20.014274,200,1945.662571
75.021883,200,1978.386696
-72.836195,200,1986.271727
-29.906469,200,2018.31091
-2.328352,200,2026.01225
7.300919,200,2033.972619
-31.410841,200,2049.891787
-6.328095,200,2057.573183
71.795167,200,2089.851035
-27.273365,200,2121.666688
-62.434307,200,2130.553443
31.401077,200,2139.544728
33.335836,200,2147.309109
7.89705,200,2154.890037
-31.310758,200,2188.023052
22.383819,200,2196.011257
-22.152421,200,2203.925122
-31.033615,200,2211.78593
-33.411814,200,2244.132824
12.5913,200,2251.806
-5.684217,200,2259.449058
19.288618,200,2268.608455
-21.185526,200,2300.711228
3.87458,200,2308.663923
-57.969661,200,2340.840474
-24.586178,200,2348.667011
78.828656,200,2364.573579
-22.854916,200,2372.244786
-23.476288,200,2379.951991
1.630488,200,2412.14678
-19.141502,200,2420.131258
-37.463215,200,2437.333681
-11.706645,200,2453.449711
-36.185595,200,2461.246061
-5.852131,200,2494.046043
-33.429368,200,2501.983373
-5.936265,200,2534.297968
9.150339,200,2542.020989
7.550305,200,2549.833152
-25.838022,200,2565.759418
-26.471585,200,2597.576339
-5.168147,200,2607.115252
-30.208102,200,2623.074457
55.819621,200,2630.713074
-25.731319,200,2646.800914
-22.389229,200,2654.659423
-22.674171,200,2670.508537
-20.806524,200,2678.447241
38.388612,200,2686.072586
12.926875,200,2693.756505
-22.89842,200,2710.198733
12.12478,200,2742.896266
-24.296398,200,2776.311853
-25.046137,200,2792.178501
-3.064855,200,2824.955052
-9.249682,200,2832.859025
7.614315,200,2840.547544
-6.073503,200,2873.49345
-26.793922,200,2889.792376
-15.259084,200,2922.52454
-35.997049,200,2930.191399
-34.206537,200,2938.062817
-42.411352,200,2972.771847
22.454396,200,2988.666274
-33.422086,200,2996.715532
-17.007543,200,3028.762446
-15.580484,200,3036.344108
-41.470642,200,3044.060084
-31.470895,200,3051.966668
-17.136686,200,3059.554462
80.711875,200,3067.431534
-71.26592,200,3099.613764
-21.735353,200,3108.866248
-23.596906,200,3116.550851
38.698572,200,3124.583487
4.373451,200,3132.16241
-19.89921,200,3148.239192
-38.522087,200,3156.112516
-23.365609,200,3171.993283
2.990809,200,3179.656583
-26.101571,200,3187.343337
-28.136612,200,3195.168807
-26.574645,200,3229.491009
6.67196,200,3237.21376
21.4269,200,3244.90135
12.689344,200,3252.832346
-22.266367,200,3268.700706
-47.279582,200,3301.185679
-25.216253,200,3308.908351
-45.9078,200,3341.46801
-21.705433,200,3373.501798
-25.686779,200,3381.162594
-23.668587,200,3392.711282
-30.534875,200,3426.535893
-21.86201,200,3434.18664
29.181405,200,3441.946286
39.109866,200,3449.450311
-25.734733,200,3457.091444
-22.327887,200,3489.0771
-70.380383,200,3505.487515
-21.995726,200,3513.229647
-22.240912,200,3545.892265
-36.283282,200,3578.932379
1.714503,200,3588.087265
6.269183,200,3595.873507
-10.853891,200,3603.683582
-24.025524,200,3611.558958
56.081997,200,3627.271784
-33.389499,200,3660.310948
-22.174655,200,3668.094958
-25.959641,200,3675.689586
-32.001656,200,3691.717489
6.861951,200,3708.131207
10.358959,200,3717.353648
25.75254,200,3725.351438
43.329902,200,3732.913155
33.588453,200,3740.530012
36.906918,200,3773.381703
-26.476745,200,3805.602267
26.361911,200,3813.289078
10.722427,200,3821.191879
42.713573,200,3853.415503
-22.832461,200,3861.42853
-21.024739,200,3870.684233
-39.369701,200,3886.495219
-25.231372,200,3894.161067
20.830224,200,3901.838474
26.915163,200,3909.612677
-116.176388,200,3942.119561
-11.146994,200,3957.749038
16.263644,200,3965.836166
-27.87058,200,3997.809974
-31.917879,200,4005.530108
-28.022547,200,4021.796575
44.195338,200,4030.680855
63.792092,200,4038.420746
38.183637,200,4046.243076
14.684127,200,4062.616985
68.359821,200,4070.515809
-34.449371,200,4078.192334
17.524323,200,4085.911798
1.204592,200,4093.653747
5.245799,200,4101.631461
-29.208862,200,4109.306874
57.221924,200,4118.287969
-28.558675,200,4126.071266
55.676713,200,4133.834952
65.289905,200,4166.010978
10.545362,200,4198.153979
-23.763801,200,4205.927685
-100.652015,200,4222.179126
43.652806,200,4254.689335
31.553039,200,4262.366277
-29.007802,200,4270.295215
-3.731788,200,4279.3834
18.783318,200,4287.236822
43.431285,200,4294.968197
-62.666933,200,4327.208707
-13.971912,200,4335.067789
57.864812,200,4343.03738
20.795275,200,4375.791289
-39.381315,200,4391.829467
-22.957723,200,4407.626589
0.581224,200,4415.342789
-8.21609,200,4424.366599
65.518894,200,4432.844678
-8.972208,200,4465.088126
1.014335,200,4474.041161
35.013094,200,4506.383761
-31.999136,200,4522.413416
-22.109225,200,4554.919476
-35.25533,200,4562.785545
-29.61752,200,4570.472918
7.780509,200,4578.337006
-27.319684,200,4595.857775
-23.816041,200,4603.400762
-24.401816,200,4611.227281
28.959274,200,4627.357289
-60.523215,200,4634.986554
-14.282652,200,4650.976221
-28.585666,200,4658.7304
-21.638377,200,4666.606871
9.17194,200,4699.787813
-30.025132,200,4707.590636
-35.420851,200,4715.366423
63.773474,200,4724.594335
-22.655838,200,4732.249803
48.021514,200,4740.027469
-16.499034,200,4772.514562
-23.258514,200,4780.130862
-27.54794,200,4812.351225
-17.573477,200,4828.16082
-53.697305,200,4860.29653
-28.642444,200,4868.245427
3.149823,200,4876.03651
-51.348645,200,4910.15407
67.152609,200,4917.74748
-22.016587,200,4925.733091
28.867887,200,4933.430986
-25.229544,200,4941.188705
-3.201492,200,4974.092199
8.98299,200,4981.78147
-23.522087,200,4997.591729
-41.055404,200,5005.575012
-71.537793,200,5013.433529
-19.957648,200,5022.526392
85.806227,200,5055.440171
-25.335552,200,5064.57209
-3.591005,200,5072.395109
-35.146516,200,5105.455847
-47.247622,200,5138.147285
-26.757006,200,5146.081044
-26.668254,200,5178.991792
67.617067,200,5187.652562
-13.126636,200,5195.135724
-4.331506,200,5212.593167
-3.660602,200,5220.306129
-35.74423,200,5228.317673
-24.431239,200,5236.193866
122.452736,200,5244.199786
-14.469929,200,5252.26126
102.442119,200,5284.811978
-26.423648,200,5292.620032
-33.328952,200,5300.610746
-25.511285,200,5308.205317
-30.72798,200,5315.806948
18.582925,200,5324.889044
35.197266,200,5340.922215
-28.496471,200,5356.14848
-32.508629,200,5389.054607
89.301161,200,5421.854761
-33.786916,200,5429.491238
-28.919587,200,5461.480073
-31.571513,200,5476.630145
-31.952695,200,5484.400827
-9.344271,200,5492.006885
-29.878255,200,5525.888208
37.703695,200,5533.802566
-18.247329,200,5541.624912
1.313651,200,5549.250379
-18.034661,200,5561.726832
-20.589898,200,5569.417717
27.508093,200,5585.387883
-24.015419,200,5593.241985
-85.974084,200,5625.45449
-39.98366,200,5633.457923
-24.245292,200,5650.652118
-28.044232,200,5683.193275
-23.678615,200,5716.075153
-26.415581,200,5723.682144
27.40347,200,5731.522832
-16.837107,200,5764.402179
-32.315333,200,5772.012611
-21.889133,200,5779.952689
-14.536784,200,5787.516482
57.622877,200,5795.494725
-4.891265,200,5829.27757
8.613911,200,5836.990636
-20.009082,200,5844.844055
6.233294,200,5852.576316
22.858878,200,5860.459563
-25.422516,200,5867.984382
-18.658842,200,5875.529592
-8.973209,200,5883.31335
63.397226,200,5899.25958
55.235156,200,5907.036056
-26.237998,200,5914.800476
61.906861,200,5932.090812
37.046975,200,5948.273333
-47.705001,200,5964.375414
2.5781,200,5972.208776
-20.522932,200,5979.905996
-25.751834,200,5987.870475
-32.324367,200,5995.656757
-0.361092,200,6003.624002
-38.617328,200,6035.774769
-23.629852,200,6043.556144
4.604519,200,6077.083882
27.523161,200,6084.938409
-22.57077,200,6100.668085
33.419307,200,6132.850783
-26.845121,200,6140.770523
55.147066,200,6148.28688
1.515208,200,6156.077767
67.147463,200,6189.128061
-23.369123,200,6221.804029
-27.771218,200,6229.596608
-33.270566,200,6238.66776
-29.943385,200,6246.397169
-26.056272,200,6254.287138
103.413491,200,6287.032621
-7.438581,200,6294.819797
-14.010097,200,6302.763693
20.905037,200,6318.71253
63.326392,200,6334.64842
-1.401877,200,6342.357776
56.992287,200,6350.111621
-28.454903,200,6359.841509
-66.489613,200,6392.734114
-28.4211,200,6400.413549
22.47378,200,6408.094408
-30.828077,200,6415.987271
-6.319408,200,6423.840208
15.027191,200,6431.777452
-20.475538,200,6447.87044
-24.217057,200,6455.592338
-37.048981,200,6463.309231
-15.172894,200,6495.511015
-22.913551,200,6504.767621
35.937058,200,6512.493968
4.393018,200,6520.29866
-25.552696,200,6527.983173
-38.047362,200,6560.946922
-17.173073,200,6568.96946
-29.48341,200,6576.689033
27.248704,200,6592.713338
-26.815269,200,6600.384716
-13.493258,200,6608.217708
-24.126259,200,6617.163026
39.962613,200,6633.142527
-21.162373,200,6641.105871
-29.577568,200,6673.778243
-6.484649,200,6681.658027
-28.103194,200,6714.395516
2.04412,200,6730.362522
-18.425638,200,6762.969908
65.989784,200,6770.733143
-32.122144,200,6786.592962
-23.638256,200,6804.220223
-31.196914,200,6836.2194
59.941958,200,6843.895911
-24.700476,200,6851.563346
-32.873249,200,6867.71298
-22.026323,200,6875.488771
12.589031,200,6883.311301
48.099488,200,6890.916044
-31.458898,200,6899.330246
23.070103,200,6907.197064
-43.582813,200,6941.322437
39.021679,200,6949.108732
-16.305815,200,6956.81249
24.930475,200,6972.669004
21.459352,200,6980.542232
85.108223,200,6988.729415
-28.599842,200,6996.555573
-22.647827,200,7004.257869
-26.846222,200,7011.963325
14.876368,200,7027.965563
26.597807,200,7043.901048
-3.027902,200,7053.19966
34.044887,200,7069.35533
26.963964,200,7085.179753
-74.135688,200,7118.168639
-0.216884,200,7125.982218
-21.344134,200,7158.204118
7.137726,200,7165.928718
22.480359,200,7198.681007
-31.594042,200,7214.696958
43.543349,200,7222.569931
-28.0622,200,7231.84778
-13.045579,200,7239.8006
-26.359369,200,7256.080967
24.966427,200,7263.747924
-6.506805,200,7271.555398
52.066603,200,7287.869802
-34.555379,200,7295.524927
-8.18262,200,7303.216101
28.095397,200,7310.797943
57.455863,200,7318.622398
-21.012931,200,7352.05797
25.099503,200,7359.998805
34.109708,200,7392.440172
-17.778127,200,7400.347156
-79.920429,200,7434.531418
-29.130981,200,7467.674207
62.247002,200,7475.481983
-24.120768,200,7483.223025
-29.924154,200,7515.515091
73.636698,200,7523.433522
36.223253,200,7532.66977
-29.228836,200,7565.007145
27.941328,200,7572.853159
-17.916374,200,7605.085122
-1.550127,200,7637.521841
8.740502,200,7670.100563
21.296151,200,7702.34632
-22.514546,200,7718.189023
37.106664,200,7725.922111
40.798022,200,7758.753389
63.544719,200,7791.522339
-33.110637,200,7825.747725
-27.165562,200,7858.007504
-5.387609,200,7874.092962
28.580978,200,7883.588444
61.001925,200,7891.373339
78.299821,200,7899.277966
-24.707279,200,7931.906236
22.460227,200,7939.604665
85.990432,200,7947.52499
34.553128,200,7955.348964
56.232659,200,7964.584444
-9.501911,200,7997.226177
-23.519713,200,8004.769194
-21.615372,200,8012.449949
14.851512,200,8045.084483
-24.731607,200,8052.977501
-32.622172,200,8085.611389
96.428034,200,8118.034976
-40.03327,200,8150.583264
-34.21484,200,8158.371237
17.311175,200,8192.318594
-32.763327,200,8201.36679
2.990604,200,8209.386754
37.700692,200,8241.895793
-26.539162,200,8274.786691
91.451785,200,8282.491438
67.600349,200,8290.188801
-20.545415,200,8297.926137
-26.840394,200,8330.997247
-27.37585,200,8338.497573
-29.633055,200,8347.631016
17.779789,200,8363.835697
115.984449,200,8397.092382
9.645825,200,8404.827994
-35.982936,200,8412.588978
-24.654972,200,8428.319961
25.943526,200,8444.379632
-6.313724,200,8452.05165
-23.171667,200,8484.535433
25.362073,200,8500.281629
114.940791,200,8509.323121
-29.780004,200,8525.283147
43.447435,200,8533.057957
51.716337,200,8540.871887
109.329259,200,8573.524147
-10.553326,200,8605.802016
-21.500136,200,8638.468385
-32.816717,200,8646.396301
-28.288781,200,8655.175764
27.387638,200,8663.00338
35.037459,200,8678.930618
135.179763,200,8687.969878
-49.859558,200,8695.847522
-36.545588,200,8728.393673
-27.776145,200,8744.400599
58.420072,200,8752.005441
39.865058,200,8784.794232
-35.411702,200,8792.601331
-24.537762,200,8808.473231
7.243313,200,8816.249723
-43.247078,200,8848.966385
9.767199,200,8858.067885
39.313882,200,8866.00727
-21.581453,200,8873.87521
27.138292,200,8881.4111
-32.73908,200,8913.935475
-14.183129,200,8921.936304
161.867785,200,8954.536218
191.39972,200,8962.30692
-17.409735,200,8969.955377
-22.375129,200,8977.625143
-9.825447,200,8986.60296
-22.845033,200,9019.170865
-24.454409,200,9026.795261
47.122892,200,9034.525147
114.927656,200,9067.014463
95.954466,200,9074.986738
-30.147525,200,9082.778979
-16.57354,200,9090.517164
19.759007,200,9122.928479
-18.97487,200,9130.625048
25.792869,200,9139.687696
-64.039524,200,9154.494174
62.423978,200,9162.182125
-32.790416,200,9169.682921
74.019341,200,9177.376723
-28.343024,200,9185.344031
1.499527,200,9217.769279
-31.092185,200,9250.783207
15.952628,200,9258.765946
-22.361832,200,9266.609787
49.844929,200,9274.257745
-6.999097,200,9283.355743
-8.812747,200,9290.991924
-37.611452,200,9298.789649
46.064185,200,9306.737085
99.274167,200,9314.313792
28.187736,200,9322.242699
-23.294685,200,9330.179528
111.150845,200,9337.859574
54.782475,200,9345.528019
-36.139718,200,9361.58562
45.103723,200,9370.52318
-10.320338,200,9378.336965
-46.620805,200,9386.099168
6.507382,200,9393.983469
-21.639241,200,9401.723954
25.375598,200,9434.132237
-13.901234,200,9442.068563
-26.92536,200,9474.523981
-14.655524,200,9490.541851
-79.132562,200,9498.50392
87.502342,200,9515.741988
5.026862,200,9548.281155
-21.337065,200,9556.095002
-24.498463,200,9572.050285
-29.299675,200,9587.99165
-24.336657,200,9595.614955
38.011734,200,9604.352459
-47.655075,200,9636.792226
-24.919789,200,9644.595469
40.257955,200,9676.839423
1.016407,200,9685.745717
104.454244,200,9718.246296
31.641706,200,9726.216647
-7.446722,200,9758.65621
62.100499,200,9766.378363
51.732195,200,9773.933009
56.550817,200,9790.078839
23.334813,200,9822.478052
149.628234,200,9830.214094
115.071505,200,9862.697804
-34.772166,200,9870.537356
-21.801133,200,9879.829375
-23.036147,200,9887.565759
19.322649,200,9895.340571
-21.822138,200,9903.090153
-25.027646,200,9935.671924
57.410311,200,9943.188111
-26.328638,200,9950.732756
-32.822727,200,9958.507203
-37.282433,200,9974.440785
51.026091,200,9982.216163
24.975547,200,9991.692182
-24.702748,200,9999.432526
-27.423363,200,10031.95361
-31.308723,200,10064.689999
89.807673,200,10072.403529
-22.42878,200,10080.294631
78.210543,200,10087.96587
15.062414,200,10095.680798
78.635327,200,10103.548404
-24.180863,200,10119.720843
-29.074938,200,10128.985674
-22.596515,200,10136.689083
17.668937,200,10169.191641
75.420044,200,10176.862815
38.451211,200,10209.178746
-25.108303,200,10225.387311
121.06374,200,10233.174882
23.441526,200,10249.224679
40.51642,200,10265.441839
-29.900629,200,10297.931855
-32.922221,200,10307.213211
6.317271,200,10314.952058
-22.575533,200,10322.669849
-10.836994,200,10338.676147
-25.21468,200,10371.354526
-28.844799,200,10379.019851
-15.967486,200,10386.861436
-27.270347,200,10394.710301
-36.167454,200,10402.562203
-29.995276,200,10435.436627
-6.655748,200,10442.98297
-30.247682,200,10452.113059
68.293981,200,10484.499668
145.065785,200,10492.247057
-24.845693,200,10499.78197
135.564531,200,10532.520762
-29.154033,200,10548.551911
125.264224,200,10564.559577
-16.688784,200,10572.289546
-25.212581,200,10604.988164
113.646011,200,10620.898418
-34.244723,200,10630.181756
-19.514073,200,10637.875034
-24.032679,200,10645.525794
17.056316,200,10653.136729
67.877257,200,10669.086887
-33.883869,200,10701.605344
-21.647567,200,10734.046581
-19.332012,200,10741.810323
32.051766,200,10749.542819
-32.005833,200,10781.269494
89.101428,200,10815.245622
54.774,200,10822.97812
22.458248,200,10830.757482
37.003513,200,10862.452914
47.792982,200,10894.35142
92.955225,200,10902.09954
-25.709391,200,10910.061379
-21.392895,200,10917.637666
87.714497,200,10949.504931
-30.170333,200,10981.247226
-28.006279,200,10990.198178
96.189047,200,10997.774465
9.110329,200,11005.553825
-28.912447,200,11013.317566
-6.533971,200,11045.919029
69.76051,200,11053.292239
-15.620135,200,11060.806039
-38.012779,200,11068.507295
-23.856838,200,11075.989854
-43.177695,200,11107.591559
-25.135789,200,11115.199087
-32.514639,200,11131.648219
72.312534,200,11163.984121
62.448213,200,11171.544786
-33.548881,200,11187.244101
-25.043308,200,11195.00784
-25.229741,200,11227.046938
-26.040874,200,11234.748195
-12.501164,200,11242.839981
150.281729,200,11250.322538
-3.830636,200,11257.836339
-25.367584,200,11275.050912
51.258104,200,11283.002107
-23.205934,200,11298.65456
80.303527,200,11330.615554
-30.869394,200,11338.05125
-22.164638,200,11346.471082
103.910197,200,11378.104031
1.954709,200,11385.852152
134.689066,200,11393.693999
107.933112,200,11401.160938
-18.248592,200,11410.252482
-39.653556,200,11441.86981
163.839682,200,11457.491021
-20.985228,200,11465.145413
60.991948,200,11480.938457
43.39201,200,11488.717818
63.498561,200,11504.495241
145.429548,200,11536.909252
67.477695,200,11568.620307
-42.842459,200,11584.41335
-35.303241,200,11617.655285
27.326633,200,11625.137844
-56.178008,200,11657.083219
139.424434,200,11664.362702
63.570934,200,11672.001474
97.963919,200,11703.603182
-24.08297,200,11711.33568
-23.199565,200,11742.999872
18.33518,200,11750.888584
-19.897181,200,11758.355522
125.969079,200,11765.994295
-20.539974,200,11782.833958
46.917038,200,11814.373182
-22.586742,200,11830.072497
5.549285,200,11861.767931
-25.61536,200,11877.623459
-22.788469,200,11885.371579
38.090724,200,11893.104079
20.152042,200,11900.633501
35.661819,200,11908.162925
154.905387,200,11939.702149
-24.453666,200,11948.840556
47.340532,200,11956.666781
-21.031774,200,11964.477387
-23.646935,200,11971.975568
73.516126,200,11979.77055
61.533749,200,11995.266793
-30.077976,200,12010.856758
45.17844,200,12018.526773
95.74777,200,12026.477968
65.955438,200,12034.241709
49.463889,200,12043.27077
-37.201286,200,12050.987647
4.340853,200,12058.970084
12.476478,200,12066.780689
74.701808,200,12074.466325
-27.773033,200,12082.15196
77.326561,200,12089.821975
-29.568728,200,12105.333836
41.014621,200,12121.111259
83.306119,200,12152.681724
58.008882,200,12185.658096
-23.032511,200,12217.212942
33.134573,200,12224.914197
33.403217,200,12232.646697
42.718401,200,12240.426058
-20.790228,200,12248.236665
-19.839293,200,12256.047269
-27.628636,200,12263.451723
-25.566996,200,12271.121737
114.675421,200,12286.852294
-20.323843,200,12303.754444
48.364274,200,12311.486943
-21.496691,200,12319.141335
9.746951,200,12326.920697
-29.870987,200,12334.512605
-12.636544,200,12342.354454
20.771022,200,12349.930739
50.862982,200,12357.741344
0.149361,200,12373.659358
-57.157235,200,12405.432898
-32.226885,200,12412.82173
-30.747763,200,12421.882032
44.791592,200,12429.458319
-11.431428,200,12437.143955
-29.838364,200,12468.933117
12.219826,200,12476.71248
-1.520384,200,12484.163797
51.742424,200,12491.755705
46.164296,200,12499.45696
74.322428,200,12515.250004
45.800348,200,12522.841912
26.667624,200,12531.824109
-35.27535,200,12539.634713
35.721286,200,12555.552725
-30.784463,200,12571.220799
-34.508518,200,12602.853748
-16.232461,200,12618.599928
-28.185348,200,12646.062015
-0.500343,200,12653.856998
61.643595,200,12661.511392
-22.64703,200,12693.284933
115.615874,200,12726.089473
-11.660291,200,12757.644317
49.239506,200,12765.158119
-33.829209,200,12780.732465
83.027858,200,12812.615354
-21.915454,200,12820.129157
68.952448,200,12835.781609
54.954188,200,12843.451624
120.469047,200,12851.137258
80.266778,200,12858.635438
-34.546148,200,12891.439979
-81.433129,200,12906.998704
58.353949,200,12914.41878
-27.51574,200,12922.260628
27.726837,200,12937.694382
-38.959932,200,12945.42688
97.712073,200,12953.128138
63.86367,200,12960.969984
-40.250642,200,12976.856756
56.797028,200,12984.511147
-24.150027,200,13016.534629
-25.617686,200,13025.423096
44.267525,200,13033.07749
65.63483,200,13064.913516
-24.169516,200,13072.677257
92.448201,200,13104.544525
62.516733,200,13136.318066
-26.39277,200,13144.378609
114.13479,200,13152.111109
61.220581,200,13161.452593
158.654224,200,13169.060122
-25.04914,200,13202.411404
19.056384,200,13209.847101
60.442521,200,13217.688947
151.373539,200,13225.46831
54.069338,200,13232.841522
90.893644,200,13240.433429
-20.205117,200,13256.101502
-23.248019,200,13287.796937
89.668366,200,13295.435709
90.399233,200,13302.918268
73.203585,200,13312.009812
-23.248021,200,13319.617342
101.332213,200,13327.287355
11.457487,200,13335.004233
-24.048565,200,13342.533658
95.538151,200,13350.188049
83.787205,200,13382.695788
-22.111961,200,13398.113922
16.06317,200,13405.877663
-5.791893,200,13437.47937
84.16568,200,13454.303414
-22.90478,200,13461.86408
150.336542,200,13469.362259
19.550748,200,13477.329077
9.94597,200,13509.149481
8.033416,200,13516.74139
-16.299482,200,13524.270812
-40.87806,200,13555.903764
-21.148122,200,13563.776851
-25.658807,200,13571.571836
-27.609406,200,13579.460548
-33.399011,200,13612.327572
-22.622233,200,13628.104996
99.062181,200,13635.650038
26.050595,200,13651.130659
-29.180007,200,13662.018641
53.740974,200,13694.088985
-2.454915,200,13701.790242
16.277327,200,13709.632089
-30.601536,200,13725.347027
-15.928263,200,13733.15763
34.494617,200,13750.075401
-20.926074,200,13757.776657
48.781341,200,13773.554079
132.011433,200,13789.550199
-29.187397,200,13805.296378
-11.041895,200,13812.903907
57.167272,200,13844.83366
-32.302714,200,13876.685307
68.56823,200,13884.277214
26.101761,200,13892.025336
13.252956,200,13925.329754
-15.815789,200,13932.859178
-24.743245,200,13940.263631
164.186219,200,13955.947326
-21.790422,200,13963.617339
49.276341,200,13995.35964
-31.181572,200,14003.23279
28.513871,200,14011.090258
-22.767016,200,14018.697788
72.943107,200,14026.071
52.37475,200,14034.8345
57.577443,200,14066.779878
-20.356716,200,14082.651029
-86.551566,200,14114.924452
84.122703,200,14146.838586
-32.700069,200,14154.617949
46.965838,200,14162.209858
98.262835,200,14193.905297
-38.306933,200,14209.807689
-1.440048,200,14217.399598
2.161999,200,14225.007128
149.089571,200,14233.801869
-31.806077,200,14241.331294
86.477829,200,14273.292292
-25.009533,200,14280.790473
-57.164934,200,14296.286716
-23.473554,200,14311.861063
81.878261,200,14319.421729
-24.906919,200,14351.195274
-26.216772,200,14358.865289
-20.216282,200,14366.582167
-6.491273,200,14399.683659
-30.329505,200,14407.55675
-22.876539,200,14419.007097
-24.599717,200,14426.661491
-16.141464,200,14434.190915
-25.508774,200,14441.876551
-19.653536,200,14449.749641
-34.271583,200,14481.335731
-22.926818,200,14488.896398
-25.835255,200,14496.53517
39.111309,200,14529.54279
-29.493115,200,14537.447123
98.283119,200,14544.835956
52.091676,200,14576.312697
95.341714,200,14607.945649
86.320026,200,14615.725013
119.743107,200,14623.207572
-36.109734,200,14630.877589
50.843893,200,14662.49492
36.055761,200,14670.102449
29.007171,200,14679.225237
-20.17746,200,14686.988979
-27.228291,200,14694.690238
52.350221,200,14710.467661
18.307265,200,14742.241205
83.502334,200,14749.833113
31.830823,200,14781.622278
-4.067791,200,14789.464128
-31.426186,200,14821.206428
7.929185,200,14836.812019
13.530941,200,14844.497655
-15.613236,200,14853.526715
-31.064554,200,14861.493533
-26.888187,200,14869.257274
-20.294889,200,14876.630485
-21.471365,200,14884.113047
70.298689,200,14891.689335
7.077612,200,14899.484318
109.687588,200,14931.664013
-23.806647,200,14939.427756
122.078862,200,14947.285224
-22.841634,200,14956.236178
19.028933,200,14988.165936
61.103283,200,14995.69536
80.317256,200,15003.209162
42.094477,200,15010.972905
-27.731516,200,15042.621479
146.068866,200,15050.463327
-14.425447,200,15058.289555
42.946841,200,15074.035735
35.783508,200,15081.627643
-23.106214,200,15090.687946
-27.278262,200,15098.451688
-29.288889,200,15130.412686
184.803522,200,15137.81714
80.062848,200,15169.606307
68.650292,200,15177.13573
49.366372,200,15184.743261
-27.618704,200,15192.507002
61.18592,200,15224.358652
70.060459,200,15232.169259
71.953196,200,15265.083151
13.798848,200,15296.591135
30.627533,200,15304.183042
59.419345,200,15312.13424
-24.504683,200,15319.991709
-2.764499,200,15327.61486
93.400028,200,15359.404024
-22.69921,200,15367.21463
100.986738,200,15398.738236
-21.857512,200,15406.220796
153.556326,200,15413.843947
48.52646,200,15423.091704
-22.673894,200,15430.543021
44.428796,200,15462.269703
33.782009,200,15494.121353
23.032939,200,15501.82261
-3.724879,200,15509.289549
-9.519132,200,15516.943943
-23.063209,200,15524.551473
87.116649,200,15556.3875
13.127354,200,15563.83882
-24.669142,200,15596.84644
39.70068,200,15604.547696
-27.683322,200,15612.123983
68.377933,200,15619.887726
57.585086,200,15627.401527
141.175594,200,15659.237557
-29.554669,200,15666.704497
193.597406,200,15698.212479
93.082408,200,15705.929359
91.94991,200,15713.411919
46.873041,200,15722.487843
125.445479,200,15730.110993
116.059533,200,15761.728326
78.303024,200,15769.335855
25.375148,200,15777.021492
32.828495,200,15792.720808
42.059937,200,15800.547036
34.347071,200,15808.060839
-22.72384,200,15815.902687
85.653788,200,15847.629366
-22.641807,200,15856.564699
-34.739888,200,15864.234715
146.599825,200,15871.873486
-22.87224,200,15879.762199
-34.862343,200,15887.166653
-27.000657,200,15894.914773
69.637201,200,15902.95606
111.308906,200,15934.936197
-23.253627,200,15942.617121
-32.437033,200,15950.609641
30.328328,200,15959.637114
63.13169,200,15967.257732
126.029213,200,15974.75966
86.879917,200,15982.804261
-34.638934,200,16015.142255
106.978907,200,16031.106871
46.645391,200,16038.72541
-18.682961,200,16054.553354
51.453457,200,16062.363508
-30.100613,200,16070.069071
90.8128,200,16102.976458
-16.204749,200,16112.3096
-20.307907,200,16120.093436
-29.726838,200,16128.003501
-22.504489,200,16135.812424
52.437917,200,16143.665558
-26.632455,200,16176.317078
-10.977255,200,16184.024619
21.251196,200,16216.150038
-32.614221,200,16231.740007
60.429535,200,16239.456885
49.892146,200,16248.454705
2.062869,200,16256.327795
-21.96713,200,16263.96156
156.488081,200,16279.692119
118.197769,200,16287.315271
176.168375,200,16294.78221
-15.905254,200,16302.327255
53.323877,200,16309.825437
-36.71632,200,16325.60286
134.841125,200,16333.179148
-23.908913,200,16366.155524
48.548988,200,16373.778676
97.227844,200,16405.520978
-31.883296,200,16437.278899
124.980818,200,16468.896233
-30.943846,200,16484.579929
52.899884,200,16492.46864
-30.775917,200,16524.242185
15.650178,200,16539.910259
129.429303,200,16547.720865
-30.58978,200,16556.609335
-27.826487,200,16564.185621
-25.976805,200,16571.824395
88.721844,200,16579.697485
59.363949,200,16587.695544
-9.059368,200,16603.50421
-30.07809,200,16619.406604
-23.537932,200,16627.076618
-23.834672,200,16634.69977
18.458319,200,16642.385406
-22.040018,200,16650.242875
-15.411796,200,16659.146966
18.143899,200,16666.863846
-11.218762,200,16698.746737
-24.774817,200,16706.666691
88.692367,200,16738.284023
22.112773,200,16746.047766
-32.651333,200,16761.70022
-42.332303,200,16793.489385
-23.230126,200,16801.050051
-23.047345,200,16808.938762
66.555402,200,16817.952202
110.440302,200,16825.52849
-52.849841,200,16857.567593
101.43354,200,16865.050155
-28.370096,200,16872.892003
-24.822861,200,16904.571819
148.718637,200,16912.023136
16.144645,200,16919.849363
-18.875143,200,16927.425652
63.553746,200,16935.064423
-29.487582,200,16944.140347
-16.452785,200,16975.913892
9.983167,200,17007.703056
35.725639,200,17015.294966
27.896152,200,17030.853693
-6.017074,200,17062.517887
21.381727,200,17078.170342
-30.993042,200,17109.756431
-48.662228,200,17125.283914
-14.288146,200,17132.875824
103.288731,200,17141.764294
10.927119,200,17149.371823
84.420038,200,17156.916869
61.762657,200,17164.94617
-25.726777,200,17196.954034
10.794185,200,17228.38391
170.376156,200,17260.110591
-26.928712,200,17275.888014
113.486318,200,17283.558029
-10.61959,200,17299.28859
-24.18315,200,17331.171482
114.965793,200,17347.948664
-10.858679,200,17355.368738
-34.092524,200,17363.179344
78.410257,200,17395.109101
171.570836,200,17426.69519
-23.826676,200,17434.162129
0.017174,200,17465.951294
68.850054,200,17473.63693
36.440077,200,17481.572505
-36.051,200,17497.349928
169.348957,200,17506.238427
-26.69556,200,17537.824488
49.528743,200,17545.635092
-0.71851,200,17577.408638
-23.76271,200,17584.891197
-33.919748,200,17592.842394
-27.986484,200,17608.494851
59.321785,200,17616.399184
94.921515,200,17624.912745
94.405035,200,17632.614003
-2.722225,200,17649.766094
-29.905099,200,17681.539642
115.090681,200,17689.225279
-29.534048,200,17696.989021
-32.200989,200,17704.549688
49.38238,200,17716.656128
70.228285,200,17724.326145
85.104524,200,17755.912238
-36.520537,200,17763.832193
43.175995,200,17771.502208
110.418852,200,17804.681664
125.877728,200,17812.336058
-28.917465,200,17819.974831
-22.101047,200,17827.629225
-19.928588,200,17835.346106
95.395675,200,17843.156713
77.637993,200,17874.961502
57.012077,200,17882.412819
-23.32835,200,17890.301533
111.54914,200,17897.924686
-4.707147,200,17929.651369
1.41907,200,17938.727294
58.177291,200,17946.459794
10.34109,200,17954.020461
45.637019,200,17961.956037
78.068026,200,17969.86037
74.385216,200,18001.790129
-25.44135,200,18017.426963
-96.317946,200,18049.29424
-14.351762,200,18057.011117
94.523058,200,18088.769043
84.259777,200,18105.905514
-32.764701,200,18113.778606
-18.612487,200,18121.308029
-38.747917,200,18129.04053
-23.581626,200,18136.616819
79.670342,200,18168.171669
-23.740893,200,18184.074064
71.019062,200,18191.759701
-12.368184,200,18199.242262
-19.516313,200,18206.818549
-22.944851,200,18215.925718
92.79732,200,18247.855476
-25.84926,200,18263.820356
-25.448205,200,18295.578282
-24.557001,200,18303.435752
147.986292,200,18310.840208
171.197075,200,18326.711361
-24.852054,200,18342.426299
53.95901,200,18349.861998
-24.436539,200,18381.666787
2.586598,200,18390.805196
-39.94437,200,18422.578745
111.422959,200,18430.233137
54.452344,200,18437.887532
-27.669929,200,18445.635653
-21.947935,200,18453.43064
-6.423329,200,18485.126081
-11.10963,200,18492.702368
-20.489292,200,18524.522779
-23.684626,200,18531.989719
48.044712,200,18547.720281
11.657009,200,18556.780585
-25.04188,200,18572.589251
-22.781425,200,18580.384238
39.019552,200,18587.89804
-31.036073,200,18595.505571
34.516491,200,18603.175587
90.180872,200,18618.843665
-55.630056,200,18650.476621
-9.977104,200,18658.021667
23.218105,200,18665.566711
-24.314483,200,18674.751984
-21.702655,200,18706.63488
38.885307,200,18722.240473
79.581803,200,18754.123369
117.82233,200,18761.809005
-3.550511,200,18769.744582
-26.441854,200,18777.08655
-25.345991,200,18785.084613
-33.214004,200,18792.895219
-22.60081,200,18800.549614
-25.016357,200,18809.703643
-34.716502,200,18825.840358
165.260473,200,18857.613903
-29.209728,200,18865.315161
37.738537,200,18872.828965
93.663703,200,18880.483359
11.16309,200,18888.07527
-33.342426,200,18895.635937
44.658824,200,18911.507089
118.91979,200,18943.389984
-25.295945,200,18952.35656
-21.056666,200,18959.94847
-29.834493,200,18991.550185
74.482663,200,18999.063987
88.774796,200,19030.868778
-24.432981,200,19062.689189
-21.351613,200,19070.265477
114.297104,200,19101.86719
125.036404,200,19117.550889
120.555499,200,19133.250207
-22.571358,200,19140.951466
-24.036687,200,19149.699345
23.769183,200,19157.619299
-34.544631,200,19173.381104
52.811679,200,19180.988634
39.53898,200,19188.533681
31.112128,200,19220.47906
4.325912,200,19228.102214
8.539135,200,19235.834712
121.067001,200,19243.332896
96.931731,200,19251.127882
-23.098338,200,19260.031971
-35.907369,200,19291.821141
34.903033,200,19323.438476
89.627627,200,19331.21784
94.65957,200,19347.385795
43.514502,200,19355.008949
70.314524,200,19362.569613
-30.289008,200,19373.176453
-23.983738,200,19388.969499
168.938066,200,19396.498924
-30.894641,200,19405.527985
-23.407506,200,19437.39526
50.475302,200,19444.846577
40.006622,200,19476.479535
96.321453,200,19484.13393
153.446821,200,19491.788323
120.947426,200,19523.468143
40.312343,200,19539.167462
65.549054,200,19547.009311
39.292476,200,19554.726191
94.654511,200,19563.661525
-23.814836,200,19595.435073
-17.261667,200,19602.964497
-22.121715,200,19618.960618
99.413732,200,19650.859136
9.443116,200,19658.497908
-24.554665,200,19674.197227
196.635326,200,19705.939532
74.845827,200,19737.666216
205.969241,200,19745.289368
-31.649709,200,19754.599611
-31.274305,200,19762.457082
-21.647614,200,19778.062673
200.953828,200,19785.545235
129.94776,200,19817.225054
170.576776,200,19832.986858
-15.681647,200,19864.604192
42.855755,200,19872.414799
-24.652472,200,19880.053572
-32.232509,200,19889.676239
55.551249,200,19905.469285
-79.58543,200,19938.523772
-30.924055,200,19946.303137
21.573718,200,19953.957531
-25.448856,200,19961.455713
-32.515282,200,19969.125729
65.712202,200,19976.998819
57.818474,200,19984.746941
-27.090261,200,20016.629837
-27.654623,200,20024.174883
37.315035,200,20031.891762
-33.274647,200,20040.920823
-36.96634,200,20049.793673
18.695696,200,20057.838598
56.251617,200,20065.711689
56.941463,200,20081.520356
74.048307,200,20089.159129
144.078925,200,20096.922871
106.411279,200,20104.311706
113.411016,200,20136.085253
190.633537,200,20143.630299
-21.371661,200,20160.704285
27.963687,200,20176.434846
-26.614416,200,20208.458334
56.296673,200,20215.878409
36.934812,200,20247.83941
20.097679,200,20263.601214
54.690769,200,20271.443063
-26.85042,200,20279.222428
-23.905126,200,20287.111139
11.767804,200,20296.593217
-24.608158,200,20305.684763
101.081323,200,20313.3704
104.545347,200,20345.190811
18.331691,200,20377.151812
68.551613,200,20384.853069
100.407888,200,20416.564132
-22.480095,200,20424.28101
93.863655,200,20455.882725
115.065924,200,20471.472696
66.321488,200,20478.970878
139.68031,200,20510.775668
-23.464712,200,20520.023426
-22.334014,200,20527.771547
90.516029,200,20535.504049
98.101729,200,20543.345896
-6.544986,200,20550.984669
124.588654,200,20582.836323
155.92159,200,20598.426294
12.517492,200,20629.949901
60.732428,200,20645.727327
8.05533,200,20677.485253
-13.815199,200,20686.592419
82.600477,200,20694.340543
-20.128639,200,20701.979315
6.101036,200,20733.784105
-12.89586,200,20741.219801
-28.976719,200,20748.889818
-24.48592,200,20780.772713
-27.028904,200,20812.577503
154.590856,200,20820.091306
84.538456,200,20851.521187
-31.331162,200,20860.394036
78.094802,200,20868.157779
68.05121,200,20899.790735
174.806575,200,20907.273296
-28.632426,200,20914.990175
-23.725291,200,20922.956993
49.826159,200,20930.720737
-24.945611,200,20962.525526
116.599517,200,20994.361557
-23.704422,200,21026.103862
-33.538437,200,21035.35162
-9.467981,200,21067.172033
-52.148733,200,21099.08617
75.124708,200,21106.646837
103.918897,200,21114.176262
-28.52773,200,21121.73693
91.532231,200,21129.21949
7.728221,200,21137.248792
120.762437,200,21169.27228
138.88948,200,21177.004781
-32.151832,200,21184.659174
-31.632197,200,21193.453918
34.653446,200,21207.700464
76.15552,200,21239.427147
-27.413885,200,21255.17333
-24.574576,200,21262.796482
17.380445,200,21270.528984
86.087125,200,21302.068211
-23.814356,200,21309.76947
62.874943,200,21317.50197
116.578313,200,21349.57241
-25.369661,200,21382.486304
151.10418,200,21390.281291
61.085105,200,21398.076276
-11.533695,200,21413.838079
-23.325077,200,21445.361686
123.240026,200,21477.244583
153.302537,200,21489.710311
116.820191,200,21497.270977
36.070344,200,21504.987857
-35.779726,200,21512.782842
97.702284,200,21545.774846
-19.886644,200,21553.694799
-34.074281,200,21561.442921
67.722068,200,21569.269149
-21.500214,200,21576.798573
-26.897867,200,21592.763453
119.928495,200,21624.537
30.447009,200,21632.019561
68.461005,200,21639.377152
-31.962488,200,21654.92026
98.41937,200,21671.713063
-13.604321,200,21679.289351
7.233544,200,21694.941808
-29.06071,200,21710.281838
-33.209995,200,21719.45149
-43.062032,200,21751.068827
-26.992369,200,21758.45766
24.796017,200,21790.262448
169.842759,200,21797.791874
81.572009,200,21805.415025
58.62078,200,21821.020618
73.060534,200,21829.94033
-8.808172,200,21837.469754
57.74337,200,21869.055847
-24.449394,200,21876.850833
78.419964,200,21908.530653
-25.86063,200,21916.138182
-23.336025,200,21947.599306
-20.221221,200,21979.091672
115.534001,200,21986.527368
-38.480743,200,21994.119279
108.952055,200,22003.257688
-22.274292,200,22010.74025
47.366681,200,22042.451313
100.200059,200,22049.933872
-36.890678,200,22081.660555
27.932883,200,22089.377437
7.095874,200,22096.92248
91.562191,200,22104.483149
-22.874015,200,22113.590315
18.021526,200,22121.432195
21.822251,200,22130.414361
-27.31461,200,22138.115619
82.080219,200,22154.018016
43.408269,200,22185.666593
71.720374,200,22193.555304
-8.25077,200,22201.115973
91.471574,200,22208.489183
151.04547,200,22216.17482
33.582533,200,22223.985428
42.459231,200,22231.608579
-29.129611,200,22240.340837
-36.402571,200,22256.024536
119.977448,200,22263.600823
-26.144397,200,22271.395808
-8.835439,200,22286.970158
124.10023,200,22294.796387
151.211723,200,22302.653857
-31.540353,200,22334.896039
18.032775,200,22342.487949
26.890396,200,22356.765738
84.895043,200,22388.71112
-31.636659,200,22397.818287
0.371944,200,22405.582028
-49.171023,200,22421.18762
-28.752608,200,22428.763908
124.495795,200,22460.256273
-34.392763,200,22468.051259
102.115995,200,22499.528003
12.670883,200,22531.582733
16.600754,200,22539.346475
-23.616922,200,22547.01649
121.09324,200,22556.248627
29.614991,200,22564.24669
70.378657,200,22571.807355
-25.229041,200,22579.649204
109.209452,200,22587.241115
42.914638,200,22594.801782
-19.242206,200,22626.387874
16.635212,200,22658.083314
-27.887058,200,22689.778756
-27.709086,200,22697.151968
125.596632,200,22714.100984
-25.147121,200,22721.630409
-17.345952,200,22729.222318
-14.94126,200,22736.782985
119.280297,200,22752.41982
-7.295037,200,22784.193147
165.189409,200,22791.816244
-11.710548,200,22799.220646
145.518077,200,22806.890605
88.344317,200,22838.648298
-31.824817,200,22855.487843
123.219632,200,22863.157802
9.310902,200,22870.874627
-22.516122,200,22878.62269
63.980598,200,22886.323892
86.478997,200,22894.587455
-24.457134,200,22902.366761
-29.338747,200,22910.005478
21.905092,200,22917.56609
-34.190412,200,22925.361018
-27.01186,200,22941.263298
-28.472852,200,22958.399643
-28.902102,200,22965.960255
-24.661842,200,22997.514876
39.049507,200,23004.981762
125.027373,200,23036.583243
-33.483231,200,23068.528394
-32.926783,200,23076.260841
-1.802526,200,23107.643638
-73.337619,200,23123.2335
-24.915914,200,23130.88784
84.55809,200,23139.823112
-24.299646,200,23171.393362
27.963681,200,23178.922736
6.585338,200,23186.608318
116.771114,200,23194.43449
101.597233,200,23202.057589
-32.740477,200,23217.725555
92.673693,200,23225.208064
-23.714049,200,23257.121979
138.974008,200,23288.536018
-23.678814,200,23305.750474
85.669912,200,23313.264227
86.771067,200,23321.043535
-27.866128,200,23352.39509
-26.780761,200,23384.215286
97.249817,200,23391.978974
-24.754801,200,23399.492728
159.152055,200,23406.897165
85.260487,200,23414.473369
-1.047727,200,23430.141338
103.469907,200,23463.289327
4.802411,200,23470.959291
-4.134607,200,23486.580397
139.25232,200,23494.109771
-31.701173,200,23526.039314
-29.914296,200,23533.615551
83.60341,200,23541.441725
127.644494,200,23549.127309
88.989962,200,23580.541354
-31.561189,200,23591.788551
-29.910892,200,23624.65536
50.063246,200,23656.178753
45.349878,200,23663.786235
-20.430982,200,23671.346854
160.676827,200,23678.938714
170.665315,200,23686.608679
135.535611,200,23694.091191
130.907524,200,23701.620567
-15.568552,200,23733.98751
-5.856039,200,23741.626233
150.226511,200,23773.680754
-31.13843,200,23782.678514
-21.49955,200,23798.658911
155.666958,200,23830.526074
185.893106,200,23837.946101
24.692791,200,23845.678552
-23.130678,200,23853.411002
-34.238205,200,23861.143454
94.702891,200,23868.938386
93.00476,200,23901.071014
179.237975,200,23908.584768
-32.343262,200,23922.440694
-24.083658,200,23930.063797
-22.379553,200,23938.061806
11.866437,200,23945.872361
9.616758,200,23977.739433
2.500129,200,23993.251199
-29.141685,200,24024.821473
-21.013707,200,24032.647651
43.889024,200,24064.092954
-9.799698,200,24071.794163
41.697593,200,24080.838789
-32.831428,200,24088.508757
106.743777,200,24104.129872
-20.962225,200,24135.715765
-24.626179,200,24167.692186
128.814077,200,24175.190321
-26.374352,200,24190.983267
55.117853,200,24198.606373
-10.889258,200,24206.495034
207.928318,200,24214.165002
-21.444842,200,24222.990931
163.554095,200,24238.846363
-11.48287,200,24246.781889
30.183206,200,24254.233161
-25.747921,200,24270.072974
-26.87059,200,24277.69608
76.089566,200,24285.303564
73.348423,200,24297.847321
115.692032,200,24329.589434
118.636977,200,24360.956636
156.86893,200,24368.579742
-30.688265,200,24377.515022
118.104132,200,24385.153749
87.993711,200,24392.901823
5.80759,200,24408.601045
-30.873772,200,24421.550954
-25.899929,200,24453.230579
142.415233,200,24460.884928
94.041284,200,24473.772349
92.753705,200,24489.330982
-29.250041,200,24520.901261
139.540462,200,24554.143001
180.400057,200,24561.609898
-36.071197,200,24593.601955
112.509418,200,24601.381274
-28.168833,200,24609.098109
139.640431,200,24616.64311
-2.13809,200,24624.125628
161.381072,200,24631.733114
-35.217658,200,24639.528055
-23.629609,200,24671.363902
47.390035,200,24680.299184
-29.977898,200,24688.17223
146.643517,200,24695.998412
-21.626886,200,24727.99047
89.04552,200,24735.472989
9.063994,200,24751.265943
56.883161,200,24783.429833
42.526189,200,24790.912352
27.47106,200,24798.863503
1.918871,200,24806.470989
218.247336,200,24815.421894
139.220102,200,24847.351466
-24.964464,200,24879.406014
62.165167,200,24895.370805
149.604907,200,24911.195005
98.675098,200,24943.187071
69.227356,200,24951.044497
118.165005,200,24958.776954
134.810864,200,24974.273111
56.601021,200,24981.943084
-31.823752,200,25013.872664
26.588978,200,25023.089127
129.43648,200,25055.096813
49.704977,200,25086.651487
40.558798,200,25102.522551
-10.747071,200,25134.436511
-30.500004,200,25142.137726
108.751692,200,25149.713972
72.875222,200,25181.346755
86.290961,200,25189.016731
-31.446015,200,25220.649516
4.440189,200,25229.756662
116.813642,200,25237.457849
-26.870498,200,25245.221552
100.362709,200,25276.932441
26.097378,200,25284.711763
-26.451895,200,25293.2409
95.837524,200,25325.045517
114.314391,200,25356.897
-11.730057,200,25369.76881
-32.167181,200,25401.76088
-23.883098,200,25410.852378
179.805448,200,25426.286052
-26.588592,200,25434.393418
-25.477231,200,25446.296718
33.585695,200,25478.007613
87.502883,200,25485.505758
154.188429,200,25517.513456
-26.296305,200,25525.386507
-23.929569,200,25533.181453
30.105354,200,25540.820186
93.091517,200,25550.114786
0.940417,200,25581.997516
-34.189956,200,25589.605007
-21.85516,200,25597.337468
-24.169379,200,25605.22614
33.372644,200,25612.911736
30.908201,200,25644.888192
-21.229904,200,25652.808106
47.795864,200,25660.665535
-18.327417,200,25676.31791
-4.321459,200,25683.800431
69.277501,200,25693.17311
38.382285,200,25700.874329
37.956086,200,25732.741438
-29.099656,200,25740.317687
132.848754,200,25747.831451
-21.827984,200,25755.548291
167.008578,200,25763.202646
195.873291,200,25771.044457
-23.504896,200,25803.130267
199.777539,200,25834.96614
70.349931,200,25844.135747
-13.509175,200,25875.862271
-33.620367,200,25907.932461
141.100342,200,25915.618059
106.812763,200,25923.475491
-36.453152,200,25931.332922
101.1666,200,25939.159109
-21.730452,200,25955.264499
118.95358,200,25987.287826
55.364347,200,25995.129636
118.140558,200,26004.252379
142.95376,200,26011.766145
-21.438841,200,26019.358016
-14.033448,200,26051.334479
-21.835984,200,26065.752789
53.263257,200,26073.610222
175.478408,200,26105.586691
-25.215621,200,26117.818043
102.513272,200,26125.441157
123.676831,200,26133.03303
52.509374,200,26166.134221
69.73401,200,26197.876374
1.675815,200,26213.856798
34.802999,200,26221.667368
108.620781,200,26234.273626
-29.641471,200,26242.052953
-30.335913,200,26249.519858
94.662491,200,26265.203479
96.628423,200,26272.639141
-33.873985,200,26304.49064
-19.321041,200,26312.316832
-22.93636,200,26321.252122
-25.501977,200,26336.935744
-29.691851,200,26352.51002
16.213178,200,26360.273726
-25.277906,200,26368.302992
115.922016,200,26375.941729
-29.902142,200,26407.730749
-28.213502,200,26415.307001
149.470064,200,26447.127262
-20.426031,200,26463.045203
133.773169,200,26473.308292
-29.064974,200,26481.728086
137.998974,200,26490.678999
36.576162,200,26499.692397
-20.734111,200,26535.308595
-25.099518,200,26568.128611
19.871077,200,26575.861073
31.742552,200,26592.075817
-13.319583,200,26624.380332
48.828532,200,26632.393977
79.115641,200,26666.073156
-28.348915,200,26673.758759
174.374529,200,26689.551734
85.901866,200,26697.346683
-5.632726,200,26705.110392
103.480548,200,26712.952206
53.34958,200,26720.825261
164.374345,200,26728.58897
-14.954211,200,26736.649479
50.385144,200,26744.694367
17.208017,200,26753.817115
86.092666,200,26778.279824
111.578487,200,26786.027911
-22.901517,200,26801.789644
-22.535308,200,26809.647079
-10.809889,200,26825.611887
99.568723,200,26833.281867
29.724599,200,26841.233029
78.914231,200,26849.137327
-3.36955,200,26857.010384
89.444424,200,26864.883439
-30.126111,200,26873.709384
225.93695,200,26881.629304
165.810976,200,26889.517981
69.96826,200,26897.828429
130.736401,200,26905.701485
-53.17268,200,26937.865418
-21.520004,200,26945.347945
-15.39494,200,26953.377214
1.397164,200,26986.290966
-22.995756,200,26994.226509
54.159598,200,27003.489849
71.174579,200,27011.300423
111.156426,200,27019.595249
84.800026,200,27027.374579
51.105105,200,27035.247638
95.332944,200,27043.495602
-29.337183,200,27059.632246
-20.410667,200,27067.302229
76.587227,200,27099.669245
70.355768,200,27107.573544
168.094494,200,27141.471429
-36.021147,200,27149.547562
57.68517,200,27165.262434
-23.53139,200,27172.666857
67.179277,200,27180.555535
59.004305,200,27196.520347
7.512457,200,27212.282083
75.317309,200,27220.092659
173.20055,200,27235.979361
83.586293,200,27268.330757
3.877017,200,27285.529642
-24.097182,200,27293.262112
95.544643,200,27325.597889
133.214449,200,27357.761835
37.504738,200,27365.447441
-29.035857,200,27374.788887
-29.45604,200,27382.661946
124.815663,200,27398.267474
55.630136,200,27405.937458
148.10039,200,27414.076076
-21.292218,200,27423.63622
-25.605351,200,27431.306205
80.344175,200,27439.522928
-22.777762,200,27447.333503
-30.81399,200,27455.237806
135.352353,200,27462.814062
146.162779,200,27495.102977
-21.813627,200,27502.86669
28.673736,200,27510.880337
-23.27363,200,27518.65967
-24.501606,200,27551.151664
152.719722,200,27560.461864
-31.203828,200,27576.81721
-19.7088,200,27584.471572
-22.480419,200,27592.266526
117.350501,200,27624.243022
154.234365,200,27656.625666
-29.043891,200,27688.274118
-21.906606,200,27695.709786
72.800663,200,27727.42072
-23.02006,200,27735.262539
-28.676443,200,27768.066955
133.83075,200,27799.809132
116.891887,200,27832.08243
-27.85456,200,27839.533717
-26.677602,200,27847.188082
67.948526,200,27854.920552
-22.34217,200,27862.762371
-17.584632,200,27894.473312
128.341088,200,27910.031982
-23.16815,200,27941.836651
68.204212,200,27950.756328
48.637259,200,27958.129513
-26.258343,200,27965.924469
94.19935,200,27973.578835
-25.514986,200,27981.389411
-1.866543,200,27988.96567
-18.233975,200,27996.666899
-24.051568,200,28004.336886
35.191248,200,28036.250903
72.800973,200,28067.977467
-21.261343,200,28076.865902
-21.864369,200,28084.551509
160.329744,200,28100.141421
-19.110216,200,28108.014482
157.984473,200,28115.590742
80.107149,200,28123.604393
65.542572,200,28131.180653
-29.861454,200,28138.866261
172.480471,200,28146.458142
-30.979671,200,28154.143787
114.379119,200,28186.026527
-19.673786,200,28203.11607
58.863204,200,28210.848542
-24.547568,200,28226.78212
-14.406422,200,28234.577077
-11.904088,200,28242.278307
35.867368,200,28249.948293
125.238519,200,28265.850631
-24.278482,200,28273.692449
209.824546,200,28289.344848
-26.60994,200,28296.967971
29.295694,200,28306.215695
-25.002998,200,28313.99503
-27.985702,200,28321.415078
41.640721,200,28329.006961
64.682172,200,28336.614463
-33.401133,200,28344.42504
-16.428394,200,28352.251239
-34.444992,200,28359.765016
-25.07211,200,28367.388139
-27.587174,200,28399.442749
161.265868,200,28408.440534
-25.436665,200,28440.104616
16.953491,200,28447.712119
69.933924,200,28455.382106
60.141178,200,28463.00523
-22.478029,200,28470.925157
29.84791,200,28478.65763
113.749123,200,28486.124542
63.425932,200,28493.700803
-30.502181,200,28501.542624
-23.992935,200,28510.493546
-31.796726,200,28518.304125
33.679661,200,28550.046316
-30.391826,200,28581.866613
120.057287,200,28589.427253
115.234145,200,28596.862923
52.515706,200,28604.595395
-28.363957,200,28612.468458
123.692026,200,28620.122825
68.256274,200,28627.949024
140.550486,200,28660.003639
12.559063,200,28676.952594
36.888975,200,28688.26231
90.485888,200,28696.166616
114.517105,200,28727.736974
5.270328,200,28759.854074
-18.693826,200,28767.414715
-23.363046,200,28775.178431
96.192033,200,28790.924561
78.970124,200,28806.561341
-22.814586,200,28838.428507
-21.670293,200,28847.301326
17.896173,200,28854.955694
111.254797,200,28862.422609
-23.787758,200,28894.274154
-21.301344,200,28901.881658
-23.559225,200,28909.692239
80.110344,200,28925.578959
-61.171534,200,28957.633578
123.167992,200,28965.147356
-1.077608,200,28981.252772
-21.122281,200,28990.078727
-29.59124,200,28997.53002
32.975313,200,29005.231253
-22.419366,200,29012.823136
-43.735153,200,29044.721546
-28.406975,200,29052.516503
61.596617,200,29060.608264
-72.356886,200,29076.557471
-32.356358,200,29084.133734
98.009507,200,29091.647512
-26.106059,200,29124.623784
164.619024,200,29132.543713
-30.972969,200,29140.29181
11.216236,200,29155.866107
-14.143907,200,29171.75283
-15.579216,200,29179.407197
-31.233957,200,29211.649274
-105.351791,200,29243.938216
89.409595,200,29255.326042
-22.941424,200,29262.68361
22.983216,200,29270.306736
-35.373719,200,29279.944993
110.571168,200,29287.786815
29.615296,200,29303.829749
88.489887,200,29311.437255
-17.477218,200,29319.388427
-30.771047,200,29327.152142
-25.048212,200,29334.868997
-29.008048,200,29342.788924
49.595787,200,29350.490158
-22.223349,200,29358.472572
78.459256,200,29367.423498
-33.908107,200,29383.216494
82.665958,200,29390.855242
-23.329837,200,29422.64431
-24.038027,200,29438.609138
-76.767728,200,29470.86684
-23.488245,200,29502.609042
-30.053295,200,29518.277069
-6.774721,200,29528.571417
5.91998,200,29536.053952
129.371295,200,29545.004878
85.582787,200,29552.721733
-30.370225,200,29560.141786
69.577679,200,29575.903539
-30.357716,200,29583.729805
-26.118459,200,29615.534493
45.380301,200,29647.354802
86.161104,200,29678.815826
-25.716644,200,29686.626409
1.946403,200,29700.701078
-21.710065,200,29709.261477
-22.505905,200,29724.898263
78.259347,200,29732.583875
-9.666923,200,29748.158176
-21.564909,200,29763.919931
-24.705606,200,29771.636786
56.77539,200,29779.369264
27.883018,200,29811.236439
-30.972294,200,29826.638906
63.293887,200,29842.634979
32.415101,200,29850.242486
