#{"t_start": 1632118643.6255383, "env_id": "ScratchItchJacoHuman-v1"}
r,l,t
-93.213589,200,12.04457
-62.498722,200,14.993376
-90.757455,200,17.127601
-58.545219,200,19.175249
-69.398532,200,21.202354
-127.184665,200,23.26751
-82.873928,200,48.411594
-109.811338,200,50.56
-73.330301,200,76.014332
-111.153694,200,77.853818
-98.002062,200,80.770273
-66.135995,200,106.084888
-99.889223,200,107.994955
-47.882152,200,110.223176
-57.554463,200,112.172885
-123.695157,200,122.003272
-92.806757,200,123.944151
-73.395713,200,125.919835
-98.203408,200,127.975527
-61.017401,200,134.712037
-68.068363,200,145.978797
-90.477414,200,147.87688
-81.808493,200,157.995686
-78.012172,200,160.299024
-65.872821,200,162.197852
-84.462674,200,164.124648
-104.01546,200,190.30855
-124.04168,200,216.43975
-83.806814,200,218.426283
-55.463163,200,220.599011
-95.254134,200,223.620897
-64.941456,200,249.641876
-83.983316,200,251.525411
-60.337909,200,261.843318
-70.333955,200,264.558869
-106.422477,200,266.793683
-88.126653,200,268.826225
-65.568925,200,293.995103
-99.282853,200,295.953119
-92.433876,200,297.943512
-63.656169,200,300.970477
-70.59718,200,302.933635
-54.995596,200,305.05296
-100.72219,200,329.803551
-47.950762,200,331.676101
-88.841174,200,333.708149
-79.441514,200,335.771775
-80.51563,200,337.761276
-91.074173,200,340.809913
-64.736192,200,342.954452
-61.414224,200,368.112628
-61.909629,200,371.098037
-81.419839,200,373.247535
-64.533763,200,375.324615
-100.435736,200,400.330335
-71.167524,200,402.307388
-60.194102,200,427.776277
-89.330137,200,453.120996
-57.592054,200,455.179597
-93.752051,200,457.076071
-98.993541,200,483.373084
-55.414099,200,486.483993
-28.998763,200,496.617389
-48.834946,200,498.637655
-47.108185,200,500.824971
-54.270717,200,502.970822
-66.625087,200,504.994797
-50.93706,200,507.103785
-62.456427,200,509.271951
-108.897282,200,534.765231
-84.285214,200,536.716516
-62.824129,200,539.597165
-153.317135,200,564.546844
-74.423024,200,566.544815
-69.039958,200,568.397764
-79.918251,200,570.581511
-85.355315,200,572.599573
-97.989944,200,574.685175
-57.141272,200,576.7576
-54.433658,200,578.814039
-82.255461,200,581.057064
-48.342417,200,584.148274
-45.115107,200,610.383583
-54.798686,200,620.657943
-46.287191,200,622.71489
-29.563812,200,624.784809
-75.818456,200,650.961064
-76.444844,200,652.945269
-46.362722,200,662.890049
-47.895353,200,664.863088
-55.568235,200,666.917242
-65.379343,200,668.96188
-52.644998,200,672.016949
-83.357686,200,674.032226
-54.850766,200,676.053312
-66.341182,200,677.931827
-67.10477,200,679.936097
-72.673453,200,681.88513
-57.974036,200,684.0327
-73.665307,200,686.226983
-74.252614,200,688.127329
-52.901478,200,713.450856
-74.426631,200,716.675663
-69.528639,200,718.692626
-40.297704,200,720.725536
-54.725304,200,745.56244
-55.33142,200,747.577729
-75.546497,200,772.614923
-119.395848,200,797.433442
-55.306813,200,799.306904
-55.084455,200,801.378964
-67.072287,200,803.597588
-47.922283,200,806.788354
-74.488629,200,833.170789
-56.18749,200,835.419146
-52.948242,200,845.592048
-51.677718,200,847.662689
-55.293368,200,849.799571
-60.076463,200,876.405147
-75.956933,200,878.620307
-63.435098,200,880.562739
-172.519022,200,906.700118
-80.493501,200,909.673791
-60.972059,200,936.107522
-55.792706,200,938.344436
-58.280324,200,940.55952
-71.428573,200,942.537095
-78.190849,200,952.329369
-78.13536,200,954.513149
-61.895806,200,956.652325
-79.911181,200,966.382642
-76.223322,200,968.493531
-71.825193,200,978.251591
-69.37581,200,1004.880924
-70.769261,200,1030.274643
-71.801473,200,1032.375335
-74.852771,200,1057.71161
-53.758887,200,1083.050491
-53.350299,200,1085.171845
-40.292661,200,1094.882638
-84.814953,200,1096.910764
-49.969322,200,1098.763845
-49.545271,200,1100.633451
-67.240943,200,1104.633115
-58.378194,200,1106.623381
-64.806164,200,1108.481716
-68.706744,200,1110.495836
-115.626696,200,1135.851337
-82.876729,200,1161.27289
-83.361644,200,1171.020067
-95.992395,200,1196.08391
-64.511834,200,1220.99828
-57.079294,200,1223.127896
-57.632747,200,1249.433577
-66.23197,200,1274.685184
-72.380145,200,1276.76094
-58.572966,200,1303.324448
-113.838175,200,1305.450586
-71.020301,200,1315.563976
-87.636438,200,1317.471085
-89.665758,200,1319.655002
-68.062791,200,1321.558238
-48.557422,200,1323.741419
-62.652702,200,1326.755243
-61.666763,200,1328.629666
-78.518302,200,1330.518841
-87.006627,200,1332.482459
-109.823548,200,1334.628077
-57.841105,200,1336.753871
-80.793746,200,1338.606815
-85.444117,200,1340.601128
-75.967696,200,1365.643182
-69.969558,200,1367.502563
-61.515382,200,1369.442528
-64.314555,200,1372.50477
-105.086828,200,1397.751358
-105.448268,200,1407.831187
-60.819316,200,1434.332539
-72.317359,200,1436.512522
-79.435657,200,1461.754025
-65.564393,200,1463.630764
-57.523069,200,1465.519052
-123.641009,200,1467.553746
-84.736402,200,1492.635229
-66.541235,200,1518.867195
-77.447218,200,1528.658847
-82.68086,200,1530.576237
-74.587107,200,1532.881266
-79.657467,200,1543.029222
-61.925093,200,1569.534204
-56.20915,200,1595.902012
-91.927097,200,1605.737544
-61.870384,200,1607.697711
-66.789798,200,1609.648868
-143.374095,200,1612.766862
-65.933682,200,1614.648394
-59.05663,200,1616.518625
-60.925968,200,1618.498518
-49.432739,200,1620.655777
-31.04368,200,1622.918775
-63.763263,200,1624.904496
-84.311597,200,1626.769107
-48.247867,200,1652.05906
-59.095411,200,1654.049469
-67.219185,200,1657.118365
-83.540933,200,1682.13922
-53.02042,200,1684.238799
-67.219275,200,1686.368391
-49.780524,200,1688.455786
-49.118093,200,1690.313165
-76.907372,200,1692.419946
-77.717357,200,1717.743434
-52.715784,200,1719.836981
-71.976119,200,1721.711996
-82.882794,200,1731.449199
-57.933176,200,1734.50082
-83.309222,200,1760.175828
-70.311489,200,1785.478063
-63.040045,200,1787.680743
-51.00182,200,1789.670357
-72.472692,200,1791.56726
-56.701145,200,1816.949735
-61.110594,200,1819.111208
-62.03047,200,1821.107001
-63.907112,200,1830.999511
-52.384746,200,1857.499776
-73.915084,200,1883.167974
-98.886789,200,1908.250173
-60.501255,200,1910.254415
-56.600619,200,1912.449811
-62.574947,200,1914.533094
-66.070805,200,1916.716925
-101.149961,200,1918.730979
-73.233371,200,1920.705584
-51.562726,200,1922.787743
-59.930053,200,1925.954286
-76.741506,200,1951.196787
-56.002165,200,1976.581723
-85.07927,200,2002.106465
-62.172628,200,2027.612347
-46.307238,200,2029.575934
-76.445249,200,2031.744402
-70.847705,200,2033.688187
-62.718365,200,2059.112951
-82.004544,200,2061.044105
-45.213705,200,2064.152218
-69.511632,200,2089.857573
-59.531621,200,2091.984434
-78.856357,200,2101.664377
-54.378076,200,2119.31771
-70.967716,200,2121.356662
-67.682815,200,2123.304997
-46.273868,200,2125.398374
-55.876566,200,2135.952739
-82.338351,200,2138.173443
-53.377376,200,2164.106093
-98.407033,200,2167.120877
-132.83447,200,2192.915284
-87.674169,200,2202.880405
-61.688135,200,2228.544598
-30.080175,200,2230.796597
-108.667338,200,2255.777119
-71.441862,200,2257.755503
-72.222059,200,2260.962481
-71.54984,200,2262.849967
-74.205919,200,2287.974195
-33.24082,200,2291.17502
-55.707966,200,2293.391124
-67.614202,200,2295.4481
-73.444094,200,2297.352791
-57.130494,200,2299.390261
-53.177822,200,2301.594007
-54.073503,200,2303.599617
-55.774474,200,2305.665094
-105.177257,200,2331.123322
-46.08104,200,2333.206981
-60.572186,200,2359.488719
-62.188786,200,2369.26685
-55.591291,200,2371.363784
-60.662703,200,2373.352476
-54.228073,200,2375.502997
-94.698745,200,2402.270679
-71.700295,200,2404.583466
-66.349609,200,2430.621766
-50.054652,200,2432.885938
-57.748881,200,2435.276186
-97.435663,200,2454.476507
-79.828003,200,2456.638852
-61.661612,200,2458.674967
-132.14537,200,2485.563249
-92.695323,200,2511.548881
-57.624714,200,2537.975882
-63.82462,200,2540.079775
-63.47045,200,2542.362817
-65.74303,200,2544.413033
-86.317515,200,2570.532269
-64.377807,200,2598.204954
-94.380139,200,2600.186372
-67.253711,200,2602.235558
-65.108877,200,2604.146419
-78.310438,200,2606.29067
-59.645,200,2608.372224
-86.359434,200,2610.388691
-119.841286,200,2636.959454
-96.36239,200,2638.848756
-81.10112,200,2640.716315
-61.567411,200,2650.621842
-98.915304,200,2677.06197
-124.137534,200,2681.85115
-73.429738,200,2684.195275
-51.051678,200,2686.493706
-50.666414,200,2697.067204
-58.535983,200,2723.144785
-50.371664,200,2725.387394
-104.245039,200,2727.321732
-75.930248,200,2729.186679
-72.243163,200,2731.265741
-68.610856,200,2734.281267
-79.680109,200,2744.214909
-58.71761,200,2746.478262
-97.131389,200,2748.447785
-81.970657,200,2750.362404
-59.17578,200,2752.547743
-52.229339,200,2757.060439
-60.085961,200,2759.259876
-74.411981,200,2761.259783
-54.495422,200,2763.309615
-87.6722,200,2789.571055
-82.856081,200,2791.99819
-76.396173,200,2794.096918
-76.115359,200,2796.103889
-69.08488,200,2798.097132
-62.866369,200,2800.055634
-64.764822,200,2809.9826
-55.604256,200,2811.962585
-60.151732,200,2814.146854
-57.232256,200,2823.93262
-126.84942,200,2826.782496
-87.4461,200,2828.714399
-52.797909,200,2855.502725
-57.533834,200,2857.537364
-86.18489,200,2867.696444
-75.743754,200,2869.914252
-120.948027,200,2880.139543
-42.226186,200,2882.177021
-54.913896,200,2884.407367
-63.891722,200,2886.667606
-53.277282,200,2896.82198
-78.224633,200,2899.88051
-73.24972,200,2902.033868
-52.842546,200,2903.899869
-81.97208,200,2913.808967
-71.032094,200,2915.972196
-95.617215,200,2917.962445
-110.717337,200,2927.827636
-63.625521,200,2953.099645
-74.238688,200,2954.965815
-86.513133,200,2956.921204
-53.893114,200,2959.919275
-78.612313,200,2961.780235
-43.614096,200,2971.617316
-44.362108,200,2973.711301
-48.367851,200,2975.85076
-40.570837,200,2977.868613
-59.47824,200,2979.863295
-70.917244,200,3005.022942
-84.94381,200,3029.961062
-55.555434,200,3039.706195
-50.302576,200,3042.75414
-50.249603,200,3045.047405
-58.592722,200,3071.449537
-120.289118,200,3073.569439
-121.655192,200,3099.489636
-75.799622,200,3101.654702
-63.438644,200,3103.772579
-67.107754,200,3105.959253
-76.975171,200,3107.969558
-78.92121,200,3117.583547
-99.767559,200,3128.41679
-57.528199,200,3130.489548
-64.992665,200,3155.960275
-47.762695,200,3157.838263
-59.877161,200,3159.917367
-64.94198,200,3161.79432
-78.505835,200,3186.986259
-123.803847,200,3212.10636
-67.19588,200,3221.738462
-50.916733,200,3247.160768
-67.440938,200,3249.150731
-91.511626,200,3275.45175
-58.188588,200,3300.765973
-43.574881,200,3303.530414
-57.912539,200,3312.621638
-118.658489,200,3337.80278
-65.538609,200,3339.89381
-55.803762,200,3342.095244
-104.301837,200,3343.955865
-61.281343,200,3345.905478
-61.213489,200,3370.870138
-64.542775,200,3381.501338
-48.830578,200,3383.652559
-50.600604,200,3385.697157
-43.874464,200,3387.747523
-114.353703,200,3412.993649
-49.540368,200,3414.949989
-56.941294,200,3416.972761
-61.148711,200,3419.165512
-52.605892,200,3421.122098
-62.242682,200,3431.012479
-72.727529,200,3441.709491
-64.222615,200,3467.748148
-45.575771,200,3493.755832
-51.977167,200,3496.003474
-50.015063,200,3498.093438
-48.427221,200,3500.140238
-71.142564,200,3502.211206
-50.723034,200,3504.105013
-51.332067,200,3506.1179
-68.156939,200,3508.040857
-103.358889,200,3534.216187
-90.790296,200,3536.068471
-51.288303,200,3538.105855
-45.783091,200,3541.01415
-78.03868,200,3543.075855
-77.96849,200,3568.199387
-70.662196,200,3570.325808
-79.53408,200,3595.409728
-61.267046,200,3597.394191
-65.012032,200,3599.378674
-72.784196,200,3601.384891
-52.045306,200,3604.43702
-52.173152,200,3606.405289
-57.782027,200,3608.38335
-56.031933,200,3610.352671
-126.655444,200,3635.758248
-63.447181,200,3637.815336
-67.42786,200,3639.776137
-35.896654,200,3642.014752
-55.720593,200,3668.329723
-57.045331,200,3670.35526
-62.984494,200,3681.509367
-21.570559,200,3691.413881
-65.95087,200,3717.601634
-68.662641,200,3719.855776
-98.363957,200,3745.797072
-58.914275,200,3748.001744
-68.487255,200,3750.060381
-60.468574,200,3760.003939
-123.183615,200,3762.149368
-61.294774,200,3771.693634
-58.578921,200,3798.005124
-53.569726,200,3800.036698
-59.840237,200,3809.501521
-63.238574,200,3811.630651
-49.858419,200,3813.773411
-52.824556,200,3815.886027
-60.6857,200,3817.892213
-74.677465,200,3827.790252
-68.892019,200,3829.843231
-55.200325,200,3832.014514
-123.717229,200,3859.609202
-66.553825,200,3861.864676
-93.481971,200,3888.974731
-60.614658,200,3890.971989
-76.965097,200,3917.72958
-40.450949,200,3919.770261
-53.066861,200,3923.519494
-72.897184,200,3933.809845
-67.344906,200,3935.890947
-78.477708,200,3962.065596
-47.515972,200,3964.315782
-56.783178,200,3967.432634
-54.603882,200,3969.612693
-56.299625,200,3971.709567
-67.731516,200,3973.867985
-135.525043,200,3975.799025
-116.625894,200,4001.090184
-79.896329,200,4002.934475
-58.03149,200,4028.003484
-49.933243,200,4029.986661
-61.764488,200,4055.349877
-93.51807,200,4058.3655
-62.916617,200,4060.471344
-52.680602,200,4062.757328
-80.523128,200,4065.067286
-47.330594,200,4067.117891
-57.350172,200,4069.211926
-47.912045,200,4071.407634
-51.32619,200,4073.307511
-65.101308,200,4099.341545
-47.184655,200,4101.363207
-70.860529,200,4104.619152
-35.184912,200,4106.76918
-48.384094,200,4116.509926
-58.447648,200,4118.449818
-75.903745,200,4120.522012
-46.765515,200,4122.686698
-60.127191,200,4132.405255
-53.829642,200,4134.472763
-99.084737,200,4144.582033
-88.138387,200,4170.131571
-57.488892,200,4173.133657
-89.079379,200,4178.311753
-43.334157,200,4180.476993
-42.19847,200,4182.312268
-58.908304,200,4184.334837
-66.691795,200,4210.659511
-102.053516,200,4235.901041
-62.617382,200,4238.050887
-61.257736,200,4240.021506
-76.506061,200,4265.350201
-47.909132,200,4275.311839
-87.033803,200,4301.57477
-62.182647,200,4303.501843
-40.109748,200,4305.446127
-75.685573,200,4307.393157
-53.526185,200,4309.2491
-45.329218,200,4311.203936
-77.406453,200,4313.173185
-51.933932,200,4338.471483
-125.406298,200,4347.006369
-57.008148,200,4349.154458
-66.686054,200,4352.306028
-69.589941,200,4354.197412
-49.249558,200,4356.251215
-58.663852,200,4366.555163
-90.408694,200,4368.493173
-63.463755,200,4370.705218
-95.388597,200,4372.996732
-97.354425,200,4399.236417
-27.371111,200,4408.91934
-49.076377,200,4410.890049
-70.117816,200,4413.829993
-50.75935,200,4415.696709
-115.255408,200,4440.779708
-32.288115,200,4466.076467
-53.435943,200,4468.103997
-91.742265,200,4493.589104
-46.948097,200,4495.571047
-63.280338,200,4520.637437
-47.467389,200,4522.685333
-57.428316,200,4532.434347
-60.841059,200,4535.371303
-47.961387,200,4537.414598
-60.195201,200,4539.265395
-27.041948,200,4548.579919
-94.44038,200,4550.581645
-63.396543,200,4555.104845
-48.646143,200,4556.993524
-71.881828,200,4581.96998
-64.448754,200,4583.850381
-43.40924,200,4593.505023
-57.682966,200,4596.461551
-65.702694,200,4598.362668
-82.242117,200,4600.48964
-48.500532,200,4627.291474
-47.536368,200,4629.314317
-36.385983,200,4631.542655
-60.520721,200,4633.531034
-65.817038,200,4659.743393
-71.006334,200,4661.964201
-46.735482,200,4664.322143
-52.255936,200,4666.61019
-60.716522,200,4693.751222
-37.189512,200,4695.816333
-45.767075,200,4698.07782
-52.002719,200,4724.196569
-38.295496,200,4734.224668
-58.46079,200,4736.445769
-60.041932,200,4738.331083
-36.11573,200,4740.617181
-48.659066,200,4742.774879
-55.594605,200,4744.82099
-51.806342,200,4747.972699
-53.764474,200,4750.040903
-71.529891,200,4752.000841
-48.71508,200,4753.976763
-52.32174,200,4755.98096
-56.406037,200,4757.941175
-122.486986,200,4760.375096
-77.661745,200,4785.677256
-63.247121,200,4787.676336
-66.16901,200,4789.529435
-53.143641,200,4815.754997
-108.261351,200,4821.000128
-91.767967,200,4846.057952
-54.590532,200,4848.071276
-42.245341,200,4850.255491
-60.310487,200,4875.438386
-59.43666,200,4900.580693
-96.86615,200,4925.482825
-63.719821,200,4950.684783
-65.217989,200,4960.313384
-146.950854,200,4971.293867
-41.512444,200,4973.417352
-69.454222,200,4998.649556
-50.695559,200,5000.618488
-49.308246,200,5002.656798
-28.141627,200,5004.908923
-48.658802,200,5006.998122
-71.771107,200,5032.345574
-68.499182,200,5034.332162
-37.596921,200,5036.555015
-67.866076,200,5061.987791
-53.711672,200,5065.316461
-61.116976,200,5067.56334
-46.808584,200,5069.563977
-54.535254,200,5071.753866
-136.899423,200,5097.179616
-53.56256,200,5099.18829
-76.552654,200,5101.270406
-59.202769,200,5103.330807
-65.246617,200,5128.339605
-68.58672,200,5130.285965
-32.801037,200,5133.503516
-51.547618,200,5135.715096
-56.301233,200,5137.748652
-53.084834,200,5139.816218
-74.812487,200,5165.053019
-49.429726,200,5166.970038
-44.611928,200,5169.221688
-60.606224,200,5194.262748
-56.186393,200,5196.515984
-57.654124,200,5206.563375
-43.344835,200,5209.723148
-59.535014,200,5211.754371
-63.729159,200,5213.630155
-89.23116,200,5223.588307
-52.816847,200,5249.043406
-58.86733,200,5274.297042
-32.333882,200,5276.357859
-65.126618,200,5278.38012
-93.728708,200,5303.811232
-62.079683,200,5329.086242
-54.39679,200,5332.167969
-50.95472,200,5334.195471
-54.236569,200,5359.594935
-67.12423,200,5361.516016
-73.358121,200,5363.367043
-58.839012,200,5365.386911
-34.519799,200,5367.598447
-45.798856,200,5369.621679
-51.56156,200,5394.770984
-47.042291,200,5396.663543
-60.91979,200,5398.677791
-56.604561,200,5401.673382
-43.564929,200,5403.764706
-52.778864,200,5405.747085
-54.514012,200,5407.872304
-73.586487,200,5409.841675
-64.259885,200,5411.891086
-46.059718,200,5413.943594
-52.344449,200,5439.129474
-57.126318,200,5441.141269
-72.917299,200,5443.176206
-54.892917,200,5446.405976
-76.823516,200,5456.03275
-81.609303,200,5465.61082
-69.93267,200,5467.766887
-50.343705,200,5469.879008
-50.81522,200,5471.88655
-45.161488,200,5474.035117
-71.643527,200,5476.013374
-56.807184,200,5478.041461
-55.223748,200,5488.095993
-62.687552,200,5515.204981
-43.799594,200,5517.123813
-52.184796,200,5527.02854
-64.35118,200,5529.18344
-74.931528,200,5539.1695
-34.840656,200,5549.048591
-52.859872,200,5551.044852
-54.473578,200,5576.622565
-36.160676,200,5586.46724
-56.827382,200,5588.400491
-56.84139,200,5614.983913
-72.389736,200,5640.586534
-53.551749,200,5642.452361
-103.421887,200,5667.588002
-75.121634,200,5677.369848
-71.229148,200,5679.508164
-81.530877,200,5681.646115
-64.907899,200,5683.776032
-43.690376,200,5685.67953
-44.956358,200,5687.642471
-51.531607,200,5712.960574
-67.239465,200,5716.043181
-47.31436,200,5717.968999
-52.16317,200,5742.940559
-61.491099,200,5767.979966
-53.585381,200,5770.232982
-74.167387,200,5780.382042
-63.025147,200,5782.396558
-65.658588,200,5784.356325
-33.383324,200,5786.568544
-58.032953,200,5788.750523
-86.169146,200,5792.024576
-106.084542,200,5794.08046
-78.931212,200,5804.225787
-50.877727,200,5806.369662
-79.687302,200,5808.300971
-91.570968,200,5810.378937
-71.230486,200,5812.524452
-51.769473,200,5814.738911
-10.34023,200,5816.901653
-51.464023,200,5819.059685
-38.250356,200,5822.360808
-50.011564,200,5830.174531
-55.130369,200,5832.190738
-47.0089,200,5857.264431
-69.373977,200,5866.737314
-73.834099,200,5891.840906
-75.211169,200,5893.975526
-76.417178,200,5919.206188
-65.122206,200,5928.754119
-61.927234,200,5937.489786
-45.375601,200,5940.794655
-54.398201,200,5942.896376
-41.746062,200,5945.154658
-75.350734,200,5971.777596
-107.378555,200,5981.841584
-54.932852,200,5983.905597
-42.734253,200,5986.11864
-58.294208,200,5988.008108
-90.465845,200,5989.879828
-51.812935,200,5992.071798
-53.827474,200,5994.063843
-68.764409,200,5997.241286
-66.494034,200,5999.157596
-46.48986,200,6001.329782
-59.756245,200,6003.505471
-52.061056,200,6005.59325
-77.986495,200,6015.870721
-71.405146,200,6026.084667
-65.883265,200,6052.393594
-68.893575,200,6078.398244
-57.68467,200,6080.30057
-58.489449,200,6083.282447
-37.9358,200,6085.435197
-62.665739,200,6087.331622
-53.446166,200,6112.507611
-55.720094,200,6122.422939
-62.262447,200,6147.769122
-56.911356,200,6157.587522
-54.059786,200,6159.839428
-50.612052,200,6184.997481
-56.22254,200,6194.70838
-37.942592,200,6220.92223
-81.70133,200,6230.61476
-82.586358,200,6255.777343
-70.52372,200,6280.944679
-60.180372,200,6282.793714
-50.829441,200,6284.695172
-96.987635,200,6294.42214
-49.277156,200,6296.316206
-30.801582,200,6298.451709
-80.320334,200,6323.395458
-69.360764,200,6326.594704
-47.513643,200,6328.656358
-61.567373,200,6330.693481
-66.713362,200,6340.178045
-47.136587,200,6365.093387
-45.464945,200,6367.079985
-59.846236,200,6392.041693
-75.289663,200,6417.221189
-72.499602,200,6441.991307
-77.821877,200,6466.908653
-17.669306,200,6468.929779
-42.469579,200,6472.01384
-54.837813,200,6474.157719
-39.537025,200,6483.872778
-88.005342,200,6508.952091
-87.790352,200,6510.822407
-50.307017,200,6512.88782
-96.943305,200,6539.275178
-61.130738,200,6541.500804
-46.975633,200,6543.604234
-90.188346,200,6545.599377
-50.506077,200,6548.733778
-69.524501,200,6558.993786
-107.550915,200,6585.286127
-69.797047,200,6587.484728
-60.451792,200,6589.377791
-27.780391,200,6591.707079
-25.440369,200,6593.740441
-77.486075,200,6603.826494
-53.300243,200,6605.964769
-76.906856,200,6608.00636
-55.510679,200,6635.03949
-53.226071,200,6660.304972
-49.132945,200,6662.476381
-51.183796,200,6687.46762
-53.025948,200,6689.446301
-19.293437,200,6691.428152
-56.312614,200,6693.390206
-55.45659,200,6695.419894
-74.230766,200,6705.199958
-55.972732,200,6730.391523
-65.730096,200,6756.906589
-73.825329,200,6758.954502
-73.410186,200,6784.462419
-81.969972,200,6809.714593
-56.193877,200,6811.717487
-48.253249,200,6813.681742
-66.406498,200,6815.670918
-43.274359,200,6817.862882
-60.266106,200,6820.006025
-48.812056,200,6822.057799
-39.112549,200,6825.275756
-67.135915,200,6827.295981
-63.06603,200,6829.163002
-75.33164,200,6853.967132
-46.759004,200,6880.285759
-54.215792,200,6890.404213
-52.477056,200,6892.473373
-50.01397,200,6894.800905
-67.972788,200,6921.052414
-84.512943,200,6923.058813
-78.71012,200,6925.016813
-54.280882,200,6952.204288
-60.382158,200,6954.332098
-78.773093,200,6956.925862
-80.901705,200,6958.925368
-72.040988,200,6984.417042
-37.466835,200,6986.599457
-34.608746,200,6988.591597
-41.604481,200,6990.562204
-65.682605,200,7015.555424
-61.786667,200,7032.850226
-46.457039,200,7036.016836
-45.176859,200,7061.129802
-20.911169,200,7063.301278
-68.498301,200,7065.316067
-77.97961,200,7067.28175
-57.910956,200,7092.692365
-45.14613,200,7095.43075
-45.327057,200,7097.48046
-80.764683,200,7099.487742
-38.00108,200,7101.706669
-51.150446,200,7129.101069
-53.454135,200,7155.151816
-29.980999,200,7165.15553
-53.270579,200,7191.228583
-61.648268,200,7193.300372
-92.427346,200,7218.584294
-56.417479,200,7220.728595
-63.370291,200,7222.761962
-45.477883,200,7232.515926
-46.412317,200,7234.658271
-38.027303,200,7245.555605
-48.439847,200,7247.695825
-65.620435,200,7272.839338
-83.454057,200,7298.232589
-68.548999,200,7300.386466
-41.645985,200,7302.439804
-50.300465,200,7312.209924
-85.059468,200,7337.488443
-51.774801,200,7362.646688
-51.315434,200,7364.801256
-84.42382,200,7374.924262
-47.982779,200,7378.128869
-27.576827,200,7380.214742
-42.663985,200,7390.139696
-50.586109,200,7392.447077
-53.112209,200,7419.060404
-38.82113,200,7421.367859
-51.502391,200,7432.029661
-58.736129,200,7434.088352
-68.888522,200,7460.295635
-45.408071,200,7462.434155
-53.985865,200,7465.686373
-49.134621,200,7467.715414
-58.305248,200,7493.086362
-70.793952,200,7495.114954
-14.962723,200,7497.024016
-135.612758,200,7522.321052
-58.484,200,7547.759329
-68.483967,200,7572.725599
-77.556601,200,7574.900342
-92.431157,200,7600.080054
-40.24971,200,7603.304437
-63.78218,200,7605.135508
-80.232352,200,7630.492431
-65.453328,200,7640.248729
-24.442651,200,7642.122535
-88.290795,200,7667.213765
-42.317805,200,7669.033443
-116.202113,200,7694.256551
-41.264701,200,7696.265421
-44.261638,200,7698.304379
-58.24686,200,7724.547247
-49.073479,200,7727.573901
-63.606558,200,7737.323447
-70.091977,200,7739.332301
-54.773359,200,7741.524177
-55.177694,200,7743.41098
-70.421961,200,7768.801882
-38.175812,200,7795.08984
-69.721763,200,7821.198981
-46.304739,200,7823.342
-52.565949,200,7825.353669
-45.145818,200,7828.602162
-58.749651,200,7854.518927
-64.421165,200,7856.445153
-54.581113,200,7858.515952
-46.277938,200,7868.171103
-43.690802,200,7877.899825
-82.622488,200,7880.030765
-53.350036,200,7882.014103
-91.010173,200,7907.288289
-54.864092,200,7909.42911
-67.293962,200,7935.859375
-76.880372,200,7960.868713
-58.595826,200,7963.030207
-51.977893,200,7988.322578
-57.970615,200,8013.501175
-46.221694,200,8038.70246
-66.265238,200,8040.635919
-65.650144,200,8050.350681
-39.167506,200,8060.088959
-49.126889,200,8062.097274
-67.580994,200,8065.184191
-54.350662,200,8090.155451
-73.602042,200,8116.176784
-35.065082,200,8126.33931
-53.448032,200,8128.240295
-47.764059,200,8137.895754
-55.171335,200,8162.987665
-55.470613,200,8188.25965
-100.675003,200,8213.577991
-63.896026,200,8215.721171
-56.93188,200,8242.15277
-54.470844,200,8244.156009
-88.28274,200,8269.457897
-44.75391,200,8271.660488
-57.684307,200,8296.74876
-127.884845,200,8306.532746
-42.957478,200,8308.580585
-47.417745,200,8310.868241
-52.642232,200,8337.109122
-58.482798,200,8362.14883
-51.663899,200,8371.969795
-51.182212,200,8374.989176
-55.353588,200,8400.216868
-34.392626,200,8402.404235
-53.759765,200,8404.536365
-42.086219,200,8414.289061
-64.819163,200,8416.413013
-52.319089,200,8418.480667
-51.63622,200,8420.641082
-51.332146,200,8430.28617
-77.672089,200,8455.518415
-56.033845,200,8458.689755
-79.027039,200,8460.880383
-60.673234,200,8486.118567
-45.152475,200,8488.132934
-45.147753,200,8513.177835
-45.816157,200,8515.297458
-39.600553,200,8517.186504
-34.162468,200,8519.205147
-54.861742,200,8544.643212
-91.464002,200,8554.292377
-66.733333,200,8557.265063
-63.666192,200,8574.122472
-57.19989,200,8576.117428
-54.533231,200,8578.189115
-38.863557,200,8580.27526
-66.576846,200,8605.494502
-52.920804,200,8615.303634
-39.915258,200,8617.366681
-49.00153,200,8619.534578
-61.617625,200,8621.761256
-58.460284,200,8624.827025
-60.507237,200,8650.303419
-72.044929,200,8675.663809
-32.509114,200,8700.992673
-53.196002,200,8726.281659
-56.263002,200,8728.481287
-46.157181,200,8730.671823
-28.610509,200,8732.807492
-46.742466,200,8743.073209
-50.727224,200,8745.148152
-41.407596,200,8747.395972
-78.581867,200,8758.556064
-64.470946,200,8784.856553
-46.319646,200,8786.812599
-41.080466,200,8788.830241
-44.806065,200,8791.004667
-62.308002,200,8793.076877
-48.080668,200,8795.25577
-43.958751,200,8797.607308
-60.224263,200,8799.883015
-49.80467,200,8802.00828
-37.473574,200,8805.241684
-68.752777,200,8830.628186
-78.753171,200,8856.016321
-75.288572,200,8858.114627
-74.899675,200,8860.09816
-47.07641,200,8862.504782
-77.60889,200,8889.150374
-39.261486,200,8891.251033
-46.153796,200,8893.464734
-65.753577,200,8895.441923
-75.779731,200,8923.282558
-50.848136,200,8948.303131
-38.841249,200,8950.161879
-50.997755,200,8952.1648
-84.972524,200,8978.497428
-68.042335,200,8980.654248
-48.062337,200,8982.822536
-45.272904,200,8985.162512
-57.962549,200,8987.175337
-62.251191,200,9013.350425
-48.930265,200,9040.426558
-59.65867,200,9042.485531
-42.99364,200,9044.709224
-94.039965,200,9071.083689
-51.128466,200,9073.151683
-88.411731,200,9098.274812
-68.511058,200,9100.490625
-34.967719,200,9102.633013
-59.39952,200,9104.608617
-121.247975,200,9114.264295
-53.205934,200,9124.00159
-40.993462,200,9150.354151
-25.480863,200,9152.35001
-65.942144,200,9154.523131
-47.337722,200,9164.310446
-67.183768,200,9166.336173
-84.654277,200,9192.905247
-6.885684,200,9195.100508
-69.990851,200,9205.223219
-43.570887,200,9207.389874
-101.693215,200,9233.692523
-42.886895,200,9237.263577
-48.418861,200,9247.704993
-46.666737,200,9249.772803
-69.425459,200,9276.446877
-55.389652,200,9286.57112
-49.822338,200,9288.668784
-129.765508,200,9314.734825
-44.039407,200,9316.676477
-44.260887,200,9318.805637
-127.232041,200,9320.722381
-70.807115,200,9323.903049
-58.609797,200,9325.999583
-61.018431,200,9336.141691
-116.087748,200,9338.24732
-55.735516,200,9340.361617
-78.170939,200,9366.606274
-65.447323,200,9392.965792
-81.587773,200,9394.850813
-119.822814,200,9402.919759
-76.656361,200,9413.169723
-88.250098,200,9416.30788
-50.836497,200,9418.256706
-36.873123,200,9420.387322
-51.954835,200,9430.467747
-57.377689,200,9432.524441
-40.702959,200,9458.82608
-74.696236,200,9460.937038
-39.181918,200,9462.888349
-47.298891,200,9472.712381
-52.112019,200,9497.720754
-43.858388,200,9500.788893
-61.604419,200,9502.656294
-47.991308,200,9504.51782
-50.577165,200,9506.564014
-61.522006,200,9508.678653
-46.997406,200,9510.931757
-25.555678,200,9513.158764
-66.845595,200,9539.114752
-57.877369,200,9541.408254
-74.879311,200,9543.462113
-59.277074,200,9570.01915
-60.197347,200,9573.14329
-105.212643,200,9598.37171
-62.397837,200,9600.423861
-54.093893,200,9602.412287
-46.134475,200,9604.419078
-62.57793,200,9606.627657
-61.215727,200,9631.732558
-25.124285,200,9641.464139
-62.71444,200,9651.106408
-69.204383,200,9652.982444
-51.056035,200,9656.037561
-59.130101,200,9681.574914
-48.74185,200,9683.498341
-91.856992,200,9708.758852
-50.321751,200,9710.654664
-61.331955,200,9712.71604
-62.418668,200,9721.342822
-51.977759,200,9746.539744
-42.017361,200,9748.680716
-113.156064,200,9758.898144
-41.37856,200,9762.204621
-46.743018,200,9764.241583
-51.764571,200,9774.135211
-49.342995,200,9782.171852
-43.560431,200,9784.382415
-94.070626,200,9809.782032
-51.732448,200,9835.129908
-45.288472,200,9837.143982
-59.319417,200,9862.190803
-53.506466,200,9864.163953
-48.037962,200,9867.39057
-50.121941,200,9869.587129
-49.093377,200,9871.777979
-75.92758,200,9896.995225
-48.990778,200,9898.844171
-49.092782,200,9900.889539
-87.386219,200,9926.457582
-43.343134,200,9928.477634
-82.372289,200,9930.36136
-49.151217,200,9955.758352
-37.984608,200,9980.973551
-67.111731,200,9984.032125
-59.336688,200,9990.750418
-36.847121,200,9992.887466
-59.629377,200,9995.088254
-90.578635,200,9997.250255
-43.429931,200,9999.425944
-42.020357,200,10009.558441
-89.226186,200,10011.561093
-40.812016,200,10013.839766
-41.15653,200,10016.026091
-53.411101,200,10019.150137
-51.761648,200,10021.319139
-85.795083,200,10046.640614
-41.139742,200,10048.836836
-85.244978,200,10074.314542
-78.077681,200,10099.382431
-17.503913,200,10101.523444
-61.244179,200,10126.184633
-69.965276,200,10151.495266
-53.753731,200,10153.68373
-67.091972,200,10179.519076
-37.571401,200,10181.71758
-77.428643,200,10191.128564
-75.949154,200,10216.13581
-40.269229,200,10222.07194
-52.170036,200,10224.235456
-41.034089,200,10226.527202
-45.336016,200,10228.60451
-52.760144,200,10230.581589
-55.759994,200,10232.798474
-33.019922,200,10235.806624
-44.081943,200,10237.829745
-31.677052,200,10239.990928
-38.514014,200,10249.646356
-93.160723,200,10274.854501
-50.945041,200,10276.901764
-44.964024,200,10301.8753
-101.863202,200,10304.013358
-36.72133,200,10306.068952
-41.555991,200,10307.921523
-62.293994,200,10309.84554
-51.935906,200,10313.045893
-49.919658,200,10338.16647
-60.327372,200,10363.603403
-50.573039,200,10373.101272
-43.510563,200,10375.102229
-52.440444,200,10377.047437
-52.788789,200,10403.235504
-51.912061,200,10405.326432
-61.391697,200,10407.278646
-44.738657,200,10409.492282
-64.480826,200,10437.036685
-58.136666,200,10463.756233
-69.037812,200,10465.962179
-67.764463,200,10492.473914
-59.028324,200,10494.67155
-62.78359,200,10521.07552
-70.074843,200,10531.387448
-43.867877,200,10533.399677
-36.071108,200,10535.568836
-55.537091,200,10537.736945
-83.988141,200,10565.470096
-46.270468,200,10567.627877
-51.411797,200,10569.941736
-42.40857,200,10572.196888
-56.626723,200,10574.187446
-85.266917,200,10576.342246
-67.10012,200,10602.799754
-53.127167,200,10604.866622
-59.639092,200,10607.200706
-67.664006,200,10609.174434
-47.460434,200,10612.595477
-82.308348,200,10614.618909
-64.23636,200,10616.765311
-48.181612,200,10643.565281
-120.677714,200,10653.719591
-88.261136,200,10655.752339
-67.568443,200,10682.354531
-114.83752,200,10692.612784
-94.885213,200,10694.553031
-75.712917,200,10719.615221
-35.332989,200,10721.66832
-42.319295,200,10724.660293
-57.011903,200,10749.744468
-43.981909,200,10751.759596
-43.580969,200,10755.38217
-120.904877,200,10780.475405
-62.70281,200,10782.414366
-38.794985,200,10784.621469
-54.297788,200,10794.477478
-50.02813,200,10796.694953
-34.08778,200,10798.643446
-52.521454,200,10825.330006
-83.029977,200,10827.502649
-83.833744,200,10829.745287
-57.717129,200,10831.930146
-44.272154,200,10834.046986
-78.824812,200,10843.879982
-54.004228,200,10853.648218
-132.273201,200,10879.139699
-40.811872,200,10889.073423
-27.753352,200,10891.278237
-40.473037,200,10917.598494
-43.158806,200,10919.742674
-60.836247,200,10944.904266
-39.209027,200,10946.812341
-45.701252,200,10948.947091
-36.699894,200,10950.997875
-121.532646,200,10952.941904
-58.618995,200,10955.123096
-43.319591,200,10959.991724
-72.256823,200,10985.571684
-99.600092,200,10988.72793
-47.448487,200,10990.765083
-52.267209,200,11016.131634
-59.694384,200,11025.748913
-41.858637,200,11027.847008
-62.119407,200,11052.966882
-45.873433,200,11078.238233
-65.301551,200,11103.324211
-51.808893,200,11105.537354
-61.374494,200,11107.626776
-65.995652,200,11109.705878
-39.269912,200,11135.874986
-41.692966,200,11139.281174
-46.952993,200,11164.416575
-60.445899,200,11166.618006
-42.020081,200,11168.885078
-47.112949,200,11171.022226
-52.833086,200,11172.87009
-47.314535,200,11174.949427
-50.046713,200,11176.877728
-51.909856,200,11178.880297
-44.149771,200,11205.296074
-45.788588,200,11207.310051
-77.37907,200,11209.158921
-49.853499,200,11234.27876
-12.667185,200,11236.449975
-107.318001,200,11261.754822
-44.521593,200,11263.8851
-35.008381,200,11289.267744
-57.944592,200,11291.419818
23.837529,200,11295.902973
-56.918435,200,11303.280671
-44.309601,200,11313.184183
-31.620251,200,11315.376764
-47.358476,200,11317.566349
6.359302,200,11319.76503
-49.430088,200,11321.968679
-60.766532,200,11323.937395
-76.145788,200,11326.096134
-47.297619,200,11328.088672
-72.662257,200,11353.121914
-36.424538,200,11379.36883
-47.43926,200,11381.415769
-38.018136,200,11383.589501
-59.472316,200,11385.45494
-57.243259,200,11410.536748
-32.87862,200,11420.185228
-39.192437,200,11422.501861
-86.2046,200,11424.529504
-53.833041,200,11450.029326
-54.955158,200,11452.222919
-68.027873,200,11454.249591
-37.886764,200,11457.472993
-54.542471,200,11482.934995
-76.932499,200,11484.812498
-35.931616,200,11486.978247
-76.57895,200,11512.199596
-49.30511,200,11514.164573
-47.079707,200,11516.174451
-38.187367,200,11518.421899
-43.771645,200,11520.655852
-121.61188,200,11530.519697
-53.920526,200,11533.594031
-88.600296,200,11558.962437
-70.112969,200,11560.847059
-32.728627,200,11562.830051
-45.362646,200,11572.695712
-69.223651,200,11597.998216
-42.182741,200,11600.175503
-57.283318,200,11609.900157
-57.842686,200,11619.646202
-67.264809,200,11621.895514
-32.753285,200,11632.689682
-55.531901,200,11634.702212
-57.425212,200,11644.869691
-39.674583,200,11646.866351
-68.057833,200,11673.065888
-53.989528,200,11699.632139
-52.095034,200,11701.722071
-45.029809,200,11711.953245
-39.20908,200,11714.221845
-46.682894,200,11741.145155
-52.9164,200,11744.286729
-37.991064,200,11770.463514
-34.209818,200,11772.759435
-43.211576,200,11774.859391
-58.452093,200,11801.723783
-41.417436,200,11803.86606
-97.598295,200,11830.443269
-59.813518,200,11833.121256
-73.775824,200,11835.303789
-49.260902,200,11837.420191
-46.106848,200,11848.984292
-35.374603,200,11851.06446
-43.023463,200,11853.141545
-63.921718,200,11855.27166
-40.438409,200,11881.580617
-53.460473,200,11883.676565
-73.329751,200,11909.79748
-43.773311,200,11911.995193
-59.079951,200,11914.0482
-36.990076,200,11916.736645
-36.3693,200,11918.894302
-49.521589,200,11922.100645
-14.997888,200,11924.265663
-44.32816,200,11926.270253
-52.71886,200,11928.162984
-62.558183,200,11930.218912
-48.60953,200,11932.324133
-44.171956,200,11958.640725
-46.337386,200,11968.806945
-57.864876,200,11972.46036
-46.909066,200,11997.676172
-94.598524,200,12000.740313
-119.439969,200,12026.10397
-89.906849,200,12028.168684
-54.39956,200,12030.016871
-69.063573,200,12039.734926
-90.695672,200,12041.788658
-5.919732,200,12043.845091
-42.483364,200,12045.91188
-47.845564,200,12055.588863
-54.13453,200,12057.787489
-50.554847,200,12060.942552
-51.91183,200,12062.81797
-44.08018,200,12064.701136
-31.226825,200,12090.018984
-68.202795,200,12115.231159
-62.945725,200,12117.100638
-47.368018,200,12142.491949
-53.420882,200,12144.551503
-70.946392,200,12146.467589
-35.04098,200,12148.683057
-32.335988,200,12151.831661
-63.299226,200,12161.81671
-45.922879,200,12187.084606
-43.553742,200,12212.36306
-29.42653,200,12237.499211
-20.940675,200,12239.541489
-82.492698,200,12241.644752
-65.991455,200,12243.605016
-41.265101,200,12245.769219
-43.364268,200,12247.867421
-60.194939,200,12250.194931
-97.780895,200,12260.912552
-63.417228,200,12263.064745
-28.030851,200,12265.137637
-53.882209,200,12290.527961
-51.017932,200,12292.547077
-86.667376,200,12317.7424
-57.349912,200,12319.950189
-44.094999,200,12321.96779
-46.930403,200,12324.283041
-49.066749,200,12326.361729
-124.300313,200,12352.789544
-47.695318,200,12362.552686
-30.61164,200,12364.567086
-37.965262,200,12366.687849
-40.568359,200,12376.692402
-46.14082,200,12401.899202
-62.908536,200,12427.151577
-74.236576,200,12452.291569
-64.656728,200,12477.434263
-0.980135,200,12502.342923
-38.452454,200,12512.969531
-39.766338,200,12530.437361
-45.537903,200,12555.734226
-54.335736,200,12557.799277
-125.282262,200,12559.658672
-72.400504,200,12561.758938
-42.407811,200,12563.91895
-40.70495,200,12573.843868
-46.058464,200,12599.062423
-47.723123,200,12601.114247
-74.255911,200,12627.595018
-40.922093,200,12629.688293
-46.471653,200,12631.883523
-40.282028,200,12633.93446
-43.971333,200,12636.092708
-44.169867,200,12638.270724
-48.309931,200,12640.268823
-35.434422,200,12665.554034
-45.334156,200,12690.520888
-57.46162,200,12700.540287
-34.042916,200,12710.20743
-88.752903,200,12713.130471
-36.744826,200,12715.141929
-81.229303,200,12724.914644
-35.721409,200,12734.772097
-55.191559,200,12759.849911
-103.188581,200,12784.866318
-36.769834,200,12810.195004
-60.979403,200,12812.190614
-33.897395,200,12814.047936
-45.329162,200,12816.070556
-40.447522,200,12819.322854
-63.640421,200,12844.845407
-38.098172,200,12870.075319
-55.928136,200,12872.265152
-2.42835,200,12874.307472
-38.094189,200,12899.677822
-67.371232,200,12906.894417
-115.505973,200,12932.05583
-50.756354,200,12934.09441
-9.408081,200,12943.887652
-43.668251,200,12947.199641
-26.582419,200,12949.305499
-67.49232,200,12951.4623
-49.394788,200,12976.677634
-40.190633,200,12978.907281
-87.041741,200,13004.384377
-38.912157,200,13029.639977
-24.861536,200,13055.066553
-44.319254,200,13065.163949
-44.767771,200,13091.73251
-46.657647,200,13119.379567
-45.213407,200,13145.747429
-42.893913,200,13148.125041
-84.19027,200,13158.510619
-41.648547,200,13160.627223
-69.872687,200,13186.734128
-46.252346,200,13188.780388
-51.163531,200,13192.731322
-47.551536,200,13218.908312
-56.396368,200,13221.038312
-38.41262,200,13247.347867
-69.63783,200,13250.526262
-53.540232,200,13252.560706
-37.189461,200,13277.638852
-45.56559,200,13302.780973
-42.135267,200,13304.635101
-43.837404,200,13314.361814
-46.009639,200,13324.042982
-29.046662,200,13333.935143
-53.839227,200,13335.999181
3.953561,200,13337.986342
-49.819315,200,13341.246392
-51.927575,200,13366.497819
-85.941541,200,13391.945384
-41.766965,200,13401.754076
-46.187168,200,13427.351704
-52.142841,200,13429.229141
-41.938783,200,13431.369261
-39.018331,200,13441.238017
-35.597113,200,13443.303592
-42.373872,200,13445.327465
-53.192898,200,13471.776062
-47.497624,200,13473.787198
-35.826526,200,13498.898777
-38.097611,200,13501.004693
-44.214712,200,13511.089622
-45.760696,200,13513.295892
-43.701008,200,13515.537184
-60.389359,200,13517.668246
-33.384992,200,13527.80643
-12.722236,200,13538.289463
-27.497682,200,13549.771052
-34.622063,200,13552.105293
-64.435236,200,13554.462113
-35.459934,200,13556.746071
-44.453956,200,13583.169379
-29.740429,200,13585.079655
-53.57222,200,13587.134172
-49.620481,200,13589.253523
-44.7822,200,13615.518788
-32.97521,200,13641.9645
-47.445055,200,13644.095129
-36.402754,200,13671.79608
-48.873499,200,13673.866928
-64.447292,200,13675.806958
-46.834372,200,13678.069676
-48.460776,200,13680.076411
-37.764789,200,13682.171599
-67.021803,200,13684.105699
-44.037212,200,13686.102951
-50.769608,200,13712.389683
-31.215023,200,13722.469075
-38.407459,200,13733.861024
-19.051197,200,13736.04773
-39.259428,200,13738.19474
-40.14375,200,13740.481708
-40.128054,200,13742.539789
-29.790708,200,13769.19861
-52.377099,200,13771.200485
-46.56203,200,13773.233263
-45.864514,200,13775.249448
-36.983961,200,13777.381588
-53.345588,200,13780.520553
-57.430038,200,13782.672315
-38.631781,200,13808.80055
-82.838705,200,13834.128405
-92.765193,200,13859.159161
-36.09086,200,13861.314804
-50.005105,200,13863.20005
-38.330653,200,13865.477373
-18.306533,200,13890.580694
-41.18364,200,13915.630174
-78.046627,200,13918.826868
-71.963938,200,13920.984912
-57.811142,200,13922.822467
-63.692052,200,13924.955109
-44.041353,200,13927.010599
-59.562917,200,13936.673333
-43.564296,200,13938.908396
-14.797062,200,13940.91774
-35.103875,200,13943.005456
-41.762986,200,13944.994977
-54.709414,200,13947.032861
-52.423967,200,13973.602796
-51.863169,200,13983.2837
-52.902457,200,13985.385364
-36.51804,200,13987.417569
-45.058893,200,13989.657366
-33.155859,200,14014.868356
-43.479501,200,14016.962767
-44.338678,200,14026.66156
-60.687158,200,14028.717341
-55.66508,200,14038.415729
-45.757411,200,14041.681659
-45.184888,200,14043.67767
-87.435513,200,14045.71039
-23.232254,200,14055.546158
-50.874003,200,14057.682526
27.271321,200,14082.680104
-24.095317,200,14084.809469
-56.664871,200,14094.526826
-42.914738,200,14119.80299
-33.958159,200,14121.906242
-40.726298,200,14148.00935
-63.698288,200,14150.035186
-42.454565,200,14152.160348
-54.05365,200,14154.173585
-36.325004,200,14156.207947
-93.112589,200,14181.162188
-33.55667,200,14183.267419
-5.099285,200,14208.249889
-69.880922,200,14233.157174
-32.499781,200,14235.176492
-64.246628,200,14261.162393
-46.785988,200,14286.253218
-25.104719,200,14310.979268
-35.83283,200,14313.093779
-46.808252,200,14315.224428
-44.730358,200,14340.132149
-56.465192,200,14342.025058
2.387162,200,14367.254367
-34.061517,200,14374.934033
-49.032325,200,14384.603502
-42.17511,200,14387.541163
-48.172619,200,14389.584301
-46.396287,200,14391.807126
-37.97981,200,14394.024927
-22.569613,200,14419.516685
-41.625781,200,14444.675884
-51.673034,200,14450.602487
-40.489287,200,14452.535968
-31.90941,200,14477.705368
-41.408239,200,14487.347805
-24.622912,200,14489.52521
-47.624585,200,14515.698256
-40.040926,200,14517.859749
22.604754,200,14527.642629
-37.62988,200,14529.888545
-45.36446,200,14532.096485
-47.553393,200,14539.61223
-47.584428,200,14549.32043
-98.184265,200,14574.465973
-38.386823,200,14576.607499
-40.442513,200,14578.797994
-10.733768,200,14604.933284
-41.880088,200,14607.11371
-35.190989,200,14609.053532
-46.420656,200,14611.029506
16.672084,200,14620.882391
-43.74465,200,14623.725345
-6.002662,200,14625.9647
-34.932891,200,14628.126467
-13.844685,200,14630.060556
-43.936997,200,14655.152131
-53.296031,200,14658.113109
-50.279885,200,14660.031961
9.883121,200,14662.011578
-48.933756,200,14664.026771
-113.582042,200,14689.463875
-97.845577,200,14714.784092
-45.413555,200,14740.248926
-73.795976,200,14765.571542
-35.824841,200,14767.664265
-41.722361,200,14769.482453
-44.54591,200,14772.66548
-47.962515,200,14774.75036
-37.097938,200,14776.741968
-25.156209,200,14801.756492
-28.122807,200,14803.889876
-40.13308,200,14829.244666
-28.833037,200,14831.337698
-90.118686,200,14856.526204
-11.231712,200,14858.716525
-40.603195,200,14860.880392
-55.487782,200,14862.823179
-41.878523,200,14865.866403
-42.519056,200,14867.990564
3.436095,200,14877.78564
-53.328151,200,14903.278173
-47.825671,200,14928.799831
-41.876655,200,14953.918989
-44.194487,200,14955.885034
-44.935201,200,14957.889848
-58.953839,200,14959.771579
-44.365205,200,14961.724812
-63.024599,200,14987.706784
-52.61943,200,14989.643494
-16.649262,200,14991.681873
-37.631702,200,15016.841985
-40.007328,200,15018.893579
-75.915423,200,15020.747185
-34.154591,200,15023.027452
-42.432368,200,15025.086959
-55.70589,200,15027.07223
-86.251487,200,15052.208664
-41.574772,200,15055.365853
-42.247025,200,15080.71229
-35.376402,200,15105.672631
-82.41775,200,15115.312592
-27.247381,200,15117.462928
-32.575154,200,15119.480149
-29.553569,200,15144.391603
-43.835021,200,15146.450412
-25.872275,200,15148.656542
-18.664401,200,15150.563846
-40.548754,200,15153.722908
-32.878854,200,15155.900393
-55.726777,200,15157.966094
-39.547224,200,15183.305033
-64.130577,200,15190.510195
-39.618477,200,15192.743727
-50.44073,200,15194.841477
-48.406228,200,15219.863842
-22.963745,200,15245.123876
-80.716146,200,15254.847485
29.403561,200,15256.81778
-27.171469,200,15259.864269
-41.490913,200,15285.361775
-25.763721,200,15287.227474
-34.240934,200,15289.233149
-64.584624,200,15314.912355
-20.585473,200,15317.103308
-37.068592,200,15319.213128
-42.714838,200,15329.290752
-65.546473,200,15331.304866
-35.957669,200,15337.386913
-25.416008,200,15340.663087
-8.504425,200,15342.94547
-96.622861,200,15353.163637
-79.380332,200,15363.04068
-74.903135,200,15371.096189
-35.544064,200,15373.1617
-126.848554,200,15399.771593
-57.334033,200,15426.241968
-42.162325,200,15428.319965
-25.806125,200,15430.449726
-47.173538,200,15457.753507
-23.661433,200,15467.703856
-43.532941,200,15469.901291
-38.211255,200,15495.064505
-42.858033,200,15504.91818
-36.571564,200,15514.821595
-27.087048,200,15516.812342
-70.282914,200,15518.986584
-40.373335,200,15528.722838
-29.409831,200,15538.538496
-57.087569,200,15541.533499
-35.395014,200,15543.538066
-54.329681,200,15545.505485
-65.798427,200,15547.527868
-34.053358,200,15572.740767
-32.3889,200,15597.962822
-11.954523,200,15599.931669
-42.748602,200,15602.083837
-42.14601,200,15628.351758
-25.250109,200,15630.305948
-48.711496,200,15656.490575
-49.088678,200,15659.551936
-35.010294,200,15661.657693
-89.657149,200,15688.606811
-65.59515,200,15715.513772
-36.48344,200,15717.598758
-37.22985,200,15719.92138
-21.568088,200,15722.250019
-47.244619,200,15724.262398
-36.482488,200,15750.708317
-28.2784,200,15752.853487
-10.269328,200,15755.831193
-42.952367,200,15757.712075
-46.535594,200,15759.908024
-92.670505,200,15785.209334
-24.495971,200,15787.239004
-41.811209,200,15812.288142
9.552955,200,15815.917921
-60.870574,200,15841.233659
-45.827857,200,15866.51959
-34.837047,200,15868.583187
-27.086256,200,15871.669894
-10.296458,200,15873.876445
-21.165757,200,15875.946945
-29.765068,200,15879.800269
-27.899335,200,15889.674797
-65.27628,200,15899.397716
-72.795013,200,15924.826283
-23.053753,200,15926.940793
15.465234,200,15936.826887
-30.009218,200,15938.732402
-59.110171,200,15941.845325
-41.186116,200,15943.909682
-48.095215,200,15945.983588
-104.694681,200,15955.975324
-33.666069,200,15981.112854
-35.136508,200,15983.383883
8.401807,200,16008.265607
-4.662264,200,16033.406464
-54.086845,200,16035.50549
-36.46037,200,16045.132374
-34.252934,200,16054.796101
-86.973034,200,16081.120703
-35.846902,200,16083.318588
-43.314776,200,16085.156531
-19.376126,200,16087.225801
-6.869643,200,16096.941912
-41.479147,200,16098.828596
-32.089704,200,16108.656417
-33.494347,200,16110.682423
-38.381251,200,16112.716382
-15.199525,200,16114.787602
-40.544659,200,16117.728147
-33.61757,200,16143.040354
-13.937014,200,16168.34237
-48.81893,200,16170.447149
-34.511989,200,16172.737061
-38.661991,200,16182.403713
-35.58156,200,16207.917807
-29.013046,200,16209.883199
-45.759614,200,16235.097704
-41.166931,200,16237.233683
-109.716289,200,16240.288743
-41.740205,200,16265.439296
-21.939037,200,16290.314138
-52.272425,200,16292.320521
-37.47481,200,16317.63881
7.926224,200,16342.765055
-49.390592,200,16344.826558
-19.643005,200,16354.673875
11.019781,200,16356.694642
-47.617234,200,16382.283687
-18.612286,200,16385.362647
-5.719101,200,16395.06136
-45.517985,200,16404.800799
13.520018,200,16414.670431
-41.302106,200,16439.631941
-42.564197,200,16441.711372
-75.151671,200,16451.445066
-41.568841,200,16453.517437
-42.387863,200,16478.769861
3.751152,200,16480.927322
22.401376,200,16482.934892
-39.503079,200,16509.352186
-31.186539,200,16519.082181
-31.889002,200,16521.233673
-37.1985,200,16546.45669
-42.26222,200,16571.681707
-43.907104,200,16596.630412
-35.83166,200,16606.345723
-36.834342,200,16608.378802
-46.357487,200,16633.61305
-45.415986,200,16643.416152
-34.642069,200,16646.355759
-48.115503,200,16648.435602
-35.485377,200,16650.358801
40.291941,200,16675.692818
-40.021423,200,16677.720596
-24.905209,200,16703.20762
-55.836709,200,16705.284191
-40.522894,200,16707.469099
-28.551659,200,16732.785958
-23.26636,200,16758.227899
-40.829688,200,16761.326231
-39.123566,200,16786.734546
-31.499237,200,16796.40771
-31.870305,200,16798.606771
-31.363341,200,16800.797557
-37.602077,200,16803.013668
-37.086953,200,16805.304259
-32.323489,200,16807.39845
-48.400968,200,16809.723961
-34.441426,200,16813.882221
-54.09065,200,16841.317392
-33.085337,200,16851.397248
-24.222918,200,16853.655349
-40.817635,200,16880.207947
-88.911363,200,16906.325454
-14.756468,200,16931.521257
-58.211353,200,16933.543292
-47.664945,200,16935.55547
-35.180205,200,16937.592781
-126.497179,200,16963.038436
-24.018135,200,16973.976712
-41.015667,200,16976.065393
-58.911215,200,16978.014429
-33.60249,200,16980.019627
-8.304071,200,16982.194386
-30.708618,200,16984.44358
-36.374275,200,17011.037508
-17.248872,200,17013.377531
-80.307317,200,17039.947376
-28.109499,200,17042.004456
-46.398661,200,17044.594344
-46.30946,200,17047.795905
-34.126595,200,17049.873287
-65.175832,200,17051.938812
-41.388627,200,17061.82397
-107.058995,200,17071.715648
-39.523852,200,17073.831941
-41.759166,200,17076.051706
-32.167442,200,17086.029244
-14.194057,200,17089.811966
-20.770985,200,17114.979585
-13.006437,200,17117.914429
-42.346259,200,17143.166015
-46.304798,200,17145.221876
-16.069828,200,17147.238962
-35.468847,200,17149.458872
-10.020779,200,17174.847841
-81.237291,200,17199.812047
-39.990718,200,17201.833752
-39.552266,200,17203.73194
-28.168396,200,17205.645779
-48.441672,200,17208.64085
-10.442997,200,17218.672106
-42.740363,200,17243.908339
-44.407352,200,17269.161417
42.522149,200,17271.116304
-20.3374,200,17280.924983
-38.597385,200,17283.113256
-38.510561,200,17285.181845
-34.383773,200,17287.109553
-33.231028,200,17289.267233
-55.158428,200,17292.3778
-8.324354,200,17294.567105
-39.209104,200,17296.659537
-41.417065,200,17298.707215
-37.742267,200,17308.550239
-43.874788,200,17333.869731
-40.69836,200,17359.283854
-40.147627,200,17361.520896
-8.720259,200,17363.51551
-64.745526,200,17365.403503
-37.888295,200,17367.708922
-42.988844,200,17370.801605
-41.520256,200,17372.719424
-31.818408,200,17374.860265
-38.836229,200,17376.858371
-28.949352,200,17386.423058
-41.248026,200,17403.97043
-2.623054,200,17413.794656
-32.242782,200,17416.015664
-35.341639,200,17441.167742
-15.443456,200,17443.262653
-29.457373,200,17446.488752
-128.4748,200,17471.758106
-43.771544,200,17497.16256
-35.55744,200,17499.233961
-107.229967,200,17509.023712
-41.863592,200,17534.260663
-38.675268,200,17536.354609
-39.020624,200,17538.306249
-18.314894,200,17540.416835
-18.223061,200,17565.616942
-16.376337,200,17568.677137
27.778387,200,17570.815995
-29.968787,200,17572.81173
-37.633454,200,17598.029251
-39.239057,200,17599.985951
-60.963168,200,17601.988207
-33.028274,200,17604.08872
-47.264831,200,17606.258932
-41.791283,200,17608.329803
-27.843408,200,17610.239983
-41.909227,200,17613.44487
-38.363978,200,17615.425437
-23.18614,200,17617.536262
-35.697665,200,17627.280376
-48.720826,200,17629.248044
-43.090199,200,17638.808147
-93.50837,200,17640.842387
-36.589576,200,17642.580535
-38.631817,200,17644.515498
-21.080879,200,17646.386804
-36.744667,200,17648.260723
-17.792857,200,17651.54727
-25.511535,200,17653.588436
-140.984991,200,17663.202098
-100.436794,200,17665.242943
-33.484018,200,17667.319325
-44.836202,200,17692.43667
-48.776515,200,17717.527769
-36.649985,200,17719.440658
-40.566769,200,17721.321375
-62.453716,200,17746.094038
73.80905,200,17756.790768
-110.578223,200,17781.624575
6.833036,200,17783.795328
-42.417821,200,17785.70645
-38.741921,200,17810.485282
-43.682635,200,17820.656246
-38.206026,200,17822.788782
-15.027074,200,17825.118043
-39.118999,200,17851.821102
-46.487996,200,17854.119057
-35.751568,200,17857.406782
64.96372,200,17867.637067
-32.738877,200,17869.861307
-37.747242,200,17871.863634
-36.321015,200,17874.134559
-52.170199,200,17900.593434
-12.01558,200,17910.781394
-33.882806,200,17912.906626
-23.168301,200,17922.953315
-34.110536,200,17933.012902
-12.777021,200,17936.329908
-45.580842,200,17946.554576
-14.92002,200,17948.724546
-42.383236,200,17950.952834
-43.247166,200,17952.926589
-33.651952,200,17979.395629
-36.873519,200,17989.403717
-37.369415,200,17991.362989
-31.004688,200,17993.460948
-37.800758,200,17995.530715
-34.378046,200,17997.773671
-39.620608,200,18000.944921
-32.925514,200,18025.829972
-36.592156,200,18027.769789
-33.48414,200,18029.744003
-31.32016,200,18054.623116
-4.831681,200,18056.695979
-10.084089,200,18066.257878
-36.603707,200,18068.145416
-43.777572,200,18092.959611
-30.892792,200,18095.009024
-1.521597,200,18098.121516
17.422165,200,18100.188402
-36.695717,200,18125.21982
-33.082742,200,18127.391999
9.813352,200,18152.421659
-76.484765,200,18177.379433
-10.819377,200,18179.450867
-32.766355,200,18204.368909
-41.606627,200,18206.367608
-34.757475,200,18208.429923
-35.403712,200,18211.341349
-35.356891,200,18236.514148
-14.972673,200,18238.509893
-37.80045,200,18240.44246
-17.630864,200,18265.177178
-41.649403,200,18267.370965
-35.482723,200,18269.482477
-37.292484,200,18271.446799
6.921471,200,18273.472673
-33.11499,200,18275.588563
-93.025243,200,18286.935667
-36.884256,200,18289.08431
2.709693,200,18299.293295
-21.343066,200,18301.369437
-0.949149,200,18311.615237
-26.235773,200,18313.557052
-41.100483,200,18315.823619
-74.236908,200,18342.344982
-36.899804,200,18344.633612
52.653298,200,18354.865755
-45.195068,200,18381.414053
