#{"t_start": 1632118621.3408768, "env_id": "ScratchItchJacoHuman-v1"}
r,l,t
-87.468657,200,3.771027
-108.843282,200,5.969727
-71.762978,200,8.221658
-120.985498,200,10.319033
-88.294524,200,12.462285
-60.236664,200,14.63258
-77.174385,200,42.310442
-100.992334,200,44.664162
-92.637895,200,72.343443
-97.855858,200,74.427856
-93.286701,200,77.905694
-156.063568,200,105.200373
-142.622998,200,107.356656
-80.986819,200,109.838002
-59.508382,200,112.024135
-112.378038,200,122.759387
-142.051646,200,124.92155
-64.205596,200,127.07981
-98.084247,200,129.269991
-90.140192,200,139.773846
-85.838066,200,168.330345
-74.253062,200,178.924064
-62.699156,200,189.518709
-62.656425,200,192.006176
-68.046882,200,202.498057
-72.057651,200,204.719178
-70.137881,200,206.878453
-58.350648,200,208.924034
-85.059676,200,211.221872
-77.025304,200,213.547767
-66.280746,200,217.279555
-62.97792,200,244.587346
-59.18265,200,246.849279
-53.588631,200,274.170088
-86.70289,200,276.345292
-93.009522,200,286.945972
-79.752833,200,289.046339
-75.383868,200,291.179618
-71.61155,200,318.425917
-103.568809,200,345.935878
-81.058913,200,349.753864
-55.650515,200,352.222245
-74.581632,200,354.251801
-74.549807,200,364.958117
-74.753504,200,375.441011
-59.120169,200,402.661144
-76.176021,200,404.728628
-105.636249,200,415.437967
-96.916288,200,443.152272
-70.753683,200,445.358431
-51.362289,200,447.748
-81.891404,200,451.651556
-44.919958,200,462.452713
-92.581007,200,464.693682
-59.272948,200,491.842531
-76.307882,200,493.988954
-91.63164,200,504.624458
-79.827046,200,506.829561
-47.371555,200,509.242103
-81.968334,200,536.454396
-60.772112,200,538.818058
-80.204899,200,568.149636
-66.330127,200,570.420691
-112.382673,200,572.681623
-47.386485,200,600.100166
-74.587336,200,602.453829
-73.835791,200,604.635975
-100.688981,200,631.79883
-74.982735,200,634.173567
-55.322632,200,636.482393
-62.183125,200,647.029097
-56.997975,200,659.081774
-99.218268,200,686.513365
-64.546643,200,688.869228
-63.013749,200,691.042478
-85.717398,200,718.813804
-67.7861,200,721.053829
-59.915695,200,731.378243
-68.571463,200,758.923218
-65.150338,200,761.254996
-56.49693,200,788.792789
-61.272219,200,792.37836
-103.372405,200,794.710107
-68.962757,200,822.444576
-61.774466,200,849.940664
-119.271539,200,860.586232
-56.846138,200,871.219811
-67.481871,200,873.448833
-74.391595,200,883.926835
-104.745492,200,911.429273
-73.946998,200,913.573554
-73.194431,200,915.926245
-65.498459,200,919.772934
-65.439542,200,921.964052
-77.293317,200,932.628486
-74.682965,200,960.11185
-87.371362,200,962.376851
-81.465041,200,973.07023
-62.169121,200,983.631962
-118.533633,200,1010.801331
-91.349791,200,1038.412517
-47.438728,200,1040.628603
-108.574192,200,1069.614954
-100.906185,200,1097.095347
-64.258758,200,1099.310427
-53.860873,200,1101.743012
-66.205394,200,1104.075831
-80.230891,200,1114.619575
-98.540123,200,1124.376408
-90.085443,200,1126.760015
-65.327714,200,1154.021711
-99.667396,200,1156.238765
-73.573278,200,1160.016665
-71.521342,200,1187.289504
-77.591857,200,1197.713555
-76.764968,200,1199.940583
-148.286854,200,1227.661088
-54.331811,200,1238.380321
-65.56555,200,1240.779879
-56.100434,200,1268.297178
-88.169275,200,1270.467327
-87.487796,200,1272.6884
-73.95128,200,1276.457276
-76.737433,200,1303.850015
-59.407835,200,1306.213691
-116.327612,200,1333.849186
-106.786697,200,1336.035409
-92.51032,200,1338.369188
-75.078504,200,1348.989752
-27.482684,200,1351.10807
-46.443238,200,1378.471276
-77.60035,200,1405.733387
-142.445633,200,1409.151245
-53.923239,200,1412.760867
-80.189162,200,1415.129541
-60.602139,200,1417.237928
-48.182902,200,1444.877871
-55.773946,200,1447.239557
-66.220121,200,1449.621141
-59.102137,200,1451.985801
-59.193938,200,1479.255814
-53.444936,200,1481.536698
-108.527486,200,1483.770702
-64.152996,200,1487.509711
-104.571654,200,1515.146715
-68.810645,200,1517.416705
-99.195206,200,1545.032344
-59.991714,200,1547.272419
-144.231477,200,1557.816191
-61.692842,200,1560.081195
-103.00956,200,1562.34712
-60.456186,200,1589.563748
-95.124767,200,1591.984402
-58.567056,200,1604.140023
-40.802406,200,1614.72233
-85.18067,200,1616.896499
-76.311868,200,1644.18849
-54.753988,200,1646.589078
-66.338924,200,1674.391815
-54.089793,200,1676.601026
-61.069684,200,1678.898918
-106.78224,200,1689.730492
-69.642049,200,1717.309362
-49.350815,200,1721.35456
-67.682392,200,1731.872383
-67.629494,200,1734.088411
-79.054743,200,1744.576407
-59.373578,200,1746.975009
-64.18919,200,1757.537746
-55.595197,200,1759.94538
-60.26524,200,1762.096752
-82.29253,200,1764.248951
-67.998218,200,1774.968237
-59.363616,200,1802.124854
-142.822541,200,1830.622566
-77.253321,200,1841.342939
-72.287305,200,1868.622518
-106.194546,200,1871.009081
-60.327286,200,1873.165362
-60.724415,200,1900.949087
-83.159266,200,1911.757114
-71.912396,200,1938.919097
-75.006074,200,1941.076303
-44.329354,200,1943.233547
-70.970805,200,1971.891485
-61.819596,200,1982.455242
-63.115798,200,1984.920726
-56.332,200,2012.985706
-70.625472,200,2015.198819
-65.696902,200,2017.442833
-48.732146,200,2019.69284
-67.13509,200,2021.869116
-68.485674,200,2024.250789
-100.015864,200,2051.537729
-44.00156,200,2055.346521
-61.837011,200,2057.536643
-86.799395,200,2059.964132
-57.565438,200,2062.037572
-79.697637,200,2072.695091
-107.941586,200,2075.062909
-159.373907,200,2085.58268
-51.019638,200,2087.791759
-68.155796,200,2089.980916
-101.165113,200,2092.337564
-45.713488,200,2121.125152
-76.880088,200,2123.203548
-53.603742,200,2125.299927
-55.525417,200,2127.741411
-66.401555,200,2138.304096
-92.074392,200,2165.492517
-121.714021,200,2167.728513
-97.310034,200,2195.059498
-66.442823,200,2222.585436
-80.240683,200,2224.786526
-63.293575,200,2230.748536
-58.846887,200,2259.346925
-80.557628,200,2261.544034
-55.493378,200,2263.791008
-64.871037,200,2265.860458
-74.247615,200,2268.116474
-101.005017,200,2295.383454
-70.634473,200,2306.103849
-61.910043,200,2308.460505
-82.302085,200,2335.726724
-83.939234,200,2363.676199
-53.454635,200,2367.396358
-60.040862,200,2369.585504
-49.723601,200,2371.968219
-80.236965,200,2374.347851
-73.975752,200,2384.782881
-98.158866,200,2412.386152
-65.388489,200,2414.664124
-55.713241,200,2416.850359
-78.070881,200,2427.375228
-69.389026,200,2437.962928
-60.900264,200,2441.814627
-75.833449,200,2444.17134
-46.085753,200,2446.232812
-86.060573,200,2448.428931
-59.517511,200,2475.737507
-56.22346,200,2503.38376
-73.741009,200,2505.601935
-59.737423,200,2507.944652
-64.929971,200,2535.867297
-76.270169,200,2538.347646
-63.146828,200,2542.260183
-73.450021,200,2552.869908
-38.577388,200,2555.001225
-62.501513,200,2557.272172
-77.5382,200,2559.559065
-102.977359,200,2586.710035
-72.924667,200,2597.202897
-66.708845,200,2599.674269
-45.250466,200,2627.116452
-55.906134,200,2629.353574
-79.083912,200,2640.150818
-91.068271,200,2643.665495
-33.98607,200,2645.860604
-57.193393,200,2648.14655
-62.243452,200,2659.062356
-40.812182,200,2661.354181
-48.379267,200,2663.55827
-83.472989,200,2665.775354
-49.272397,200,2668.006342
-79.923121,200,2670.361027
-71.545143,200,2672.63094
-94.661302,200,2676.331024
-50.501453,200,2678.671835
-86.723919,200,2680.916784
-93.284798,200,2708.725993
-94.892227,200,2736.033847
-66.942946,200,2738.277861
-78.995543,200,2749.004093
-53.334512,200,2776.11955
-69.929233,200,2778.352545
-61.579615,200,2780.745129
-55.110104,200,2784.532092
-55.796578,200,2786.763137
-70.340575,200,2788.997145
-85.87882,200,2816.243322
-60.036007,200,2818.689761
-54.041573,200,2821.04563
-77.746967,200,2848.450409
-56.489794,200,2859.347254
-64.083389,200,2869.955828
-54.126495,200,2872.173025
-79.144038,200,2875.850154
-68.984046,200,2878.907954
-140.096007,200,2906.281643
-62.604519,200,2909.775297
-83.31964,200,2937.079762
-50.297679,200,2947.800059
-46.042044,200,2975.279441
-61.414503,200,2977.634115
-100.932373,200,2979.738443
-66.108822,200,2982.093128
-65.697799,200,2994.267508
-59.13148,200,2996.404807
-87.25332,200,2998.745528
-64.910795,200,3009.527583
-73.892278,200,3011.703808
-78.292155,200,3022.485894
-117.215404,200,3024.700953
-113.1935,200,3027.016824
-47.746638,200,3054.699736
-62.801637,200,3057.116258
-62.714123,200,3059.346291
-50.027369,200,3063.218904
-78.587908,200,3065.344238
-51.705024,200,3067.586281
-68.784541,200,3094.820766
-51.049593,200,3096.920133
-66.318863,200,3124.151244
-58.921837,200,3134.757828
-65.324658,200,3162.256171
-54.362249,200,3164.767433
-27.620899,200,3167.076399
-50.640722,200,3196.319823
-90.927411,200,3198.465126
-53.498084,200,3200.881691
-48.313102,200,3203.121208
-66.151257,200,3205.398197
-63.2251,200,3232.812875
-59.317662,200,3234.98508
-56.141507,200,3245.675062
-63.032118,200,3248.076592
-78.374281,200,3250.423307
-46.564018,200,3254.142727
-44.940446,200,3281.549966
-53.583666,200,3285.218307
-73.868407,200,3287.393465
-62.864048,200,3314.968726
-71.759526,200,3342.123116
-63.945302,200,3344.505728
-55.683803,200,3372.056676
-48.758437,200,3375.125438
-66.863797,200,3377.229794
-50.95139,200,3389.330074
-54.971141,200,3391.558117
-71.600218,200,3393.9776
-60.175425,200,3396.405101
-40.45229,200,3398.816634
-76.599784,200,3401.290987
-55.534221,200,3428.823447
-59.424244,200,3431.014599
-59.845756,200,3433.421162
-53.574917,200,3435.484687
-63.700074,200,3437.646859
-54.411325,200,3441.27114
-63.529695,200,3451.989571
-73.225185,200,3461.758349
-81.480118,200,3489.241477
-53.88774,200,3516.656632
-69.130559,200,3518.862752
-64.462853,200,3546.124105
-73.039485,200,3556.006603
-69.16822,200,3558.22266
-51.285569,200,3560.409797
-67.849269,200,3589.332705
-81.449934,200,3591.678385
-50.798568,200,3594.017145
-67.122781,200,3596.339973
-57.736764,200,3603.555657
-54.748009,200,3605.917369
-61.837156,200,3616.459154
-54.793336,200,3618.735124
-127.417656,200,3645.973191
-56.409646,200,3648.360829
-57.019849,200,3660.723257
-69.649436,200,3688.159828
-58.128312,200,3715.538538
-43.613799,200,3717.705727
-41.680894,200,3720.071388
-77.041756,200,3748.032611
-73.528973,200,3750.221743
-50.043933,200,3752.57942
-45.084268,200,3754.694747
-70.39352,200,3757.10232
-50.502686,200,3786.388449
-26.648321,200,3788.59056
-65.803722,200,3790.984112
-51.513621,200,3793.257136
-68.364732,200,3795.697644
-63.497251,200,3797.871906
-66.679087,200,3800.018207
-45.52108,200,3802.4537
-45.165888,200,3813.080217
-79.26602,200,3815.345223
-52.634122,200,3817.587325
-56.221436,200,3829.69404
-70.745866,200,3840.457128
-79.915755,200,3851.077671
-25.753049,200,3853.393464
-52.514271,200,3855.624495
-50.619074,200,3858.08488
-69.360556,200,3860.360757
-35.480862,200,3862.766295
-69.758854,200,3890.097104
-49.065874,200,3892.327178
-52.28201,200,3921.153947
-57.43066,200,3923.447796
-16.152358,200,3934.063356
-53.983583,200,3961.419176
-74.975265,200,3963.826748
-57.543618,200,3965.965983
-45.962368,200,3968.265815
-50.399317,200,3995.710121
-48.118431,200,4023.231774
-51.732631,200,4025.456821
-66.248431,200,4029.157897
-66.875321,200,4031.475678
-55.773213,200,4033.844311
-58.045256,200,4061.133024
-60.552812,200,4063.492683
-60.571236,200,4065.960066
-52.195955,200,4076.610505
-54.190429,200,4087.141339
-61.449725,200,4089.367395
-41.406402,200,4091.649275
-59.178731,200,4095.93687
-111.572865,200,4123.388974
-77.173885,200,4125.646919
-52.579364,200,4127.903937
-61.838285,200,4130.165926
-49.986452,200,4132.403993
-55.683227,200,4134.870416
-55.631397,200,4145.634579
-50.577606,200,4147.892615
-74.101624,200,4150.21043
-86.631199,200,4177.768472
-50.511236,200,4181.653058
-44.404211,200,4183.99684
-49.686346,200,4186.236833
-52.464098,200,4188.518821
-153.052034,200,4215.939968
-48.032954,200,4218.347511
-82.123502,200,4220.615444
-52.031908,200,4231.370592
-59.431239,200,4233.539774
-48.039592,200,4235.692003
-61.983801,200,4239.328252
-59.647538,200,4249.788342
-50.033294,200,4252.186928
-63.000016,200,4279.567662
-52.758139,200,4281.833708
-62.78634,200,4308.88228
-95.379308,200,4319.402672
-42.00109,200,4346.629129
-44.160544,200,4348.871183
-58.489008,200,4359.468781
-50.852608,200,4371.712025
-97.414452,200,4399.038345
-37.580536,200,4401.257425
-63.734827,200,4403.529333
-86.045604,200,4414.053084
-40.615676,200,4416.31802
-54.431849,200,4418.567983
-74.693374,200,4420.790047
-84.410348,200,4423.716172
-36.844654,200,4426.035951
-126.448418,200,4454.825474
-50.256871,200,4457.200134
-49.660896,200,4459.427255
-55.233006,200,4470.103639
-44.953571,200,4472.379531
-51.638953,200,4475.093254
-74.969868,200,4477.363183
-118.056367,200,4479.544318
-53.491715,200,4481.667654
-34.509041,200,4492.34104
-31.72542,200,4502.869048
-64.027351,200,4506.68492
-31.875847,200,4517.314494
-67.553031,200,4527.945975
-93.522339,200,4555.582548
-51.269334,200,4557.848503
-58.334865,200,4585.263301
-47.734031,200,4587.470397
-57.19751,200,4614.720128
-51.085092,200,4625.461311
-67.158614,200,4627.804053
-76.339329,200,4631.712675
-51.216208,200,4634.115299
-60.562237,200,4644.820656
-52.362482,200,4647.03469
-55.566567,200,4649.314582
-28.45158,200,4660.115624
-77.946645,200,4662.325685
-42.979851,200,4664.600614
-62.22422,200,4666.685992
-87.797001,200,4668.919008
-52.621223,200,4697.578358
-60.421742,200,4699.962939
-69.833347,200,4727.002447
-59.491617,200,4729.419984
-118.383473,200,4756.648142
-98.895616,200,4783.929637
-60.548574,200,4786.238446
-53.610081,200,4788.573184
-124.713817,200,4816.329995
-64.129094,200,4818.700668
-55.355441,200,4822.516406
-78.298578,200,4849.616403
-67.050366,200,4852.081764
-56.843451,200,4879.301831
-45.510193,200,4906.718559
-61.860059,200,4934.087199
-60.388177,200,4961.257395
-78.759441,200,4971.609634
-68.304174,200,4973.742929
-77.785475,200,5000.827697
-46.717889,200,5028.211967
-107.189421,200,5057.157554
-75.892426,200,5084.517694
-62.785186,200,5095.129237
-52.493328,200,5099.049752
-43.229566,200,5101.228026
-51.800195,200,5103.552862
-105.815974,200,5130.810754
-75.310527,200,5133.046758
-47.108523,200,5135.404435
-12.459093,200,5137.670359
-28.45691,200,5141.475156
-129.043819,200,5168.958666
-45.79277,200,5171.027088
-41.044013,200,5173.253119
-48.428452,200,5200.558059
-56.565718,200,5202.966602
-42.691151,200,5230.434747
-54.572058,200,5257.811967
-89.577965,200,5285.335352
-52.064117,200,5287.62222
-81.783893,200,5316.849706
-66.761373,200,5320.5288
-65.419694,200,5322.968271
-46.049962,200,5350.393319
-53.980714,200,5377.903703
-22.983028,200,5380.166635
-46.82642,200,5382.416601
-42.322174,200,5384.756327
-68.013126,200,5412.046327
-71.750532,200,5414.134753
-35.904833,200,5417.861802
-49.158922,200,5428.671922
-45.078773,200,5456.549213
-50.546388,200,5458.764273
-57.158294,200,5461.049444
-53.280565,200,5471.637052
-51.709934,200,5482.373303
-41.558588,200,5484.613255
-70.851212,200,5511.96656
-45.190926,200,5522.490366
-41.577184,200,5526.226348
-61.680401,200,5537.044366
-65.166838,200,5539.267404
-46.597095,200,5541.62209
-79.15012,200,5568.970269
-43.008378,200,5596.665224
-54.448966,200,5623.940206
-57.146763,200,5626.294892
-71.360916,200,5629.835426
-36.665675,200,5632.076387
-60.225796,200,5642.598214
-69.28524,200,5646.339167
-64.538554,200,5648.774688
-123.364307,200,5676.180756
-61.432671,200,5686.795292
-76.126517,200,5688.910624
-57.574506,200,5716.574088
-59.341962,200,5718.84101
-76.814486,200,5729.277024
-63.528571,200,5731.617748
-77.983685,200,5759.278656
-68.193647,200,5762.978765
-41.786241,200,5765.346416
-52.962616,200,5767.775901
-37.309123,200,5769.931121
-75.298751,200,5797.289125
-60.684849,200,5799.742546
-65.159786,200,5827.195044
-63.948217,200,5829.437003
-66.485291,200,5831.585242
-58.011851,200,5833.841193
-67.203262,200,5837.611124
-63.638551,200,5864.775896
-71.305945,200,5867.028854
-66.208017,200,5869.300772
-51.877086,200,5896.693737
-67.540417,200,5899.025484
-34.478619,200,5901.379173
-66.274847,200,5903.656067
-65.450693,200,5930.917101
-114.326932,200,5933.130166
-64.239731,200,5936.724528
-83.027306,200,5945.84809
-45.179553,200,5948.123987
-51.09863,200,5950.275218
-45.775128,200,5952.559094
-56.383865,200,5954.95469
-69.343325,200,5982.120338
-104.210181,200,6009.553123
-46.726315,200,6012.017521
-51.041669,200,6014.34627
-85.099754,200,6016.570306
-53.797781,200,6020.295317
-56.500805,200,6022.627064
-61.154896,200,6024.948851
-46.082581,200,6027.388296
-46.554536,200,6029.727024
-40.846672,200,6032.213357
-45.089815,200,6034.720634
-103.649476,200,6036.888819
-60.923635,200,6039.141778
-56.113556,200,6049.737365
-66.699038,200,6053.470354
-61.802729,200,6055.860944
-72.572967,200,6058.197677
-47.753706,200,6060.592289
-52.386548,200,6062.858213
-73.579503,200,6090.250178
-37.67624,200,6092.65773
-78.331693,200,6119.95237
-112.469618,200,6130.455746
-55.223421,200,6132.926154
-82.74738,200,6144.907509
-59.144362,200,6172.68884
-49.732811,200,6175.026603
-68.542389,200,6185.793762
-48.175014,200,6196.662588
-61.895576,200,6198.701121
-53.86902,200,6202.058173
-76.4597,200,6229.469827
-50.6739,200,6231.808558
-61.108308,200,6259.013166
-60.195008,200,6262.622487
-137.173549,200,6290.079545
-67.316396,200,6292.515015
-46.199412,200,6319.80098
-56.820905,200,6322.159666
-49.180923,200,6324.384671
-57.205796,200,6335.171824
-74.848238,200,6362.519632
-61.773601,200,6364.854371
-39.272198,200,6392.286866
-63.817862,200,6394.702415
-8.843206,200,6398.59096
-42.675833,200,6400.841922
-48.320482,200,6403.11185
-62.852723,200,6405.416654
-89.845185,200,6433.087522
-52.081732,200,6435.151975
-27.014964,200,6437.313175
-49.265382,200,6439.666874
-86.091266,200,6450.117838
-47.007325,200,6452.402732
-54.330386,200,6456.377082
-59.728202,200,6458.638988
-63.90496,200,6485.952501
-56.982356,200,6513.749028
-44.518855,200,6515.95211
-57.31466,200,6518.258924
-67.220622,200,6520.565738
-47.400918,200,6522.891513
-75.025058,200,6525.412783
-57.929496,200,6536.177912
-17.099443,200,6539.870023
-48.864566,200,6542.104021
-52.44038,200,6569.586439
-52.518128,200,6571.875301
-101.170829,200,6599.140006
-50.975817,200,6609.909096
-19.006073,200,6612.082269
-61.86235,200,6622.749663
-74.107614,200,6633.496871
-107.570708,200,6660.752102
-54.283826,200,6664.471095
-50.817379,200,6666.727045
-48.347685,200,6668.987982
-52.067723,200,6679.507804
-56.994427,200,6706.71249
-81.365777,200,6708.812858
-45.543062,200,6711.050856
-48.988206,200,6713.468409
-58.758557,200,6715.802115
-57.440364,200,6743.811771
-33.68909,200,6745.926104
-84.707309,200,6749.655118
-123.533116,200,6777.075676
-85.727034,200,6779.31384
-24.422118,200,6781.49798
-63.500065,200,6808.688149
-62.928555,200,6819.303682
-83.570642,200,6829.740721
-61.269003,200,6831.985701
-65.646439,200,6859.606289
-68.329382,200,6870.228837
-78.272158,200,6874.077522
-64.43938,200,6876.321516
-45.339854,200,6878.360037
-44.281998,200,6880.552157
-55.465631,200,6891.16271
-106.340247,200,6918.452835
-116.688224,200,6945.5433
-57.558337,200,6948.009715
-37.695948,200,6950.392297
-48.43187,200,6977.734282
-77.540691,200,7006.404868
-93.626683,200,7008.739597
-46.534438,200,7010.940709
-45.883436,200,7038.014993
-57.702104,200,7065.03662
-75.9844,200,7067.293594
-48.301048,200,7069.695124
-56.90994,200,7071.957075
-60.834599,200,7099.373707
-47.798129,200,7127.315443
-46.980288,200,7131.009537
-63.606793,200,7133.198763
-44.945457,200,7135.589389
-39.888447,200,7137.844373
-32.927691,200,7165.225202
-65.711104,200,7167.443253
-97.417343,200,7169.683246
-54.506099,200,7172.042922
-50.02574,200,7174.281914
-115.946297,200,7201.751489
-49.621575,200,7204.08925
-57.393571,200,7215.674154
-47.102942,200,7243.195506
-63.152274,200,7245.37469
-27.369825,200,7256.093047
-43.315362,200,7258.369998
-45.210139,200,7285.796554
-50.77173,200,7288.164204
-52.76812,200,7290.606711
-86.059803,200,7292.831736
-47.183497,200,7295.185416
-54.262037,200,7307.196208
-40.336243,200,7309.808217
-55.412551,200,7320.381913
-63.501887,200,7347.939852
-57.047916,200,7350.284589
-55.362976,200,7353.391234
-153.401269,200,7380.435945
-47.136738,200,7382.748742
-48.532466,200,7385.157313
-62.761345,200,7387.42221
-55.216467,200,7391.220025
-59.518803,200,7418.550062
-49.336707,200,7429.179527
-48.670757,200,7431.29286
-57.533116,200,7442.032151
-45.939456,200,7444.430718
-65.260745,200,7455.168923
-77.854895,200,7482.623966
-50.645723,200,7509.997673
-109.404647,200,7520.774803
-57.702898,200,7549.672461
-48.142656,200,7551.945369
-124.61339,200,7579.312156
-53.769885,200,7581.428449
-55.947044,200,7583.642512
-59.38563,200,7611.004926
-44.128444,200,7613.456441
-110.592534,200,7640.54489
-61.947769,200,7642.934495
-38.409813,200,7645.197415
-59.31011,200,7647.481293
-55.007804,200,7659.489119
-49.872869,200,7686.992372
-47.905217,200,7697.54522
-88.411247,200,7724.983359
-119.021816,200,7735.800379
-54.771532,200,7738.248848
-42.1288,200,7740.598546
-49.382957,200,7742.880426
-40.790236,200,7745.046637
-55.719733,200,7772.967467
-45.50373,200,7776.825675
-41.08427,200,7779.287075
-51.136306,200,7781.68265
-77.345199,200,7783.793989
-41.61128,200,7786.161639
-47.901732,200,7796.555767
-71.570744,200,7807.017714
-42.276996,200,7809.327556
-25.535561,200,7811.743073
-47.78798,200,7814.182504
-42.06908,200,7818.059106
-50.58755,200,7820.500559
-38.101862,200,7822.954977
-50.995717,200,7825.318663
-45.5466,200,7827.688284
-57.979206,200,7830.032996
-39.970888,200,7832.463716
-41.759109,200,7842.979545
-63.113363,200,7853.741684
-55.046117,200,7881.104866
-54.097631,200,7909.880142
-56.22023,200,7937.256774
-37.555872,200,7939.537657
-55.43204,200,7941.9831
-57.452707,200,7944.402615
-44.662393,200,7946.743335
-62.398068,200,7949.135947
-35.948715,200,7951.342003
-62.582588,200,7953.698789
-87.001437,200,7964.388291
-70.221345,200,7976.480862
-39.195895,200,7978.855494
-55.049517,200,7981.075541
-45.636762,200,7983.339497
-42.771817,200,7985.694155
-39.428174,200,7988.152591
-48.003891,200,7990.444417
-42.622182,200,7992.725301
-59.597402,200,8003.402783
-105.460365,200,8030.65294
-54.910506,200,8032.76028
-50.154311,200,8036.43343
-52.36681,200,8038.841003
-50.669869,200,8041.04609
-45.4636,200,8068.198349
-42.886371,200,8070.640782
-72.059484,200,8072.939618
-41.838248,200,8075.20056
2.139797,200,8077.689916
-19.546279,200,8088.266516
-50.841755,200,8090.481576
-56.931303,200,8094.23551
-54.348593,200,8096.723867
-45.777853,200,8107.501935
-109.887373,200,8118.159355
-83.657833,200,8145.78337
-38.181664,200,8156.454754
-61.752123,200,8179.587781
-41.140427,200,8181.873651
-83.070341,200,8184.040487
-88.154002,200,8211.579793
-58.172129,200,8240.461153
-44.198287,200,8267.840802
-86.653526,200,8269.974081
-69.868265,200,8280.675411
-55.957377,200,8308.296126
-49.769497,200,8310.575001
-35.924122,200,8321.135245
-45.021902,200,8323.455025
-55.382648,200,8325.692026
-85.636972,200,8327.877179
-68.154646,200,8356.659147
-100.25268,200,8367.307191
-65.519578,200,8369.442465
-68.857485,200,8371.685453
-72.061291,200,8382.224315
-54.254638,200,8384.652798
-59.892038,200,8386.947642
-39.961504,200,8389.198606
-84.064061,200,8399.975838
-39.223221,200,8402.335526
-56.272996,200,8430.07081
-46.846951,200,8433.80776
-63.503844,200,8435.96697
-65.670504,200,8463.687784
-38.36029,200,8466.034491
-53.525956,200,8493.577904
-44.29404,200,8520.936754
-48.457119,200,8523.378201
-50.577727,200,8525.760843
-73.560495,200,8529.897717
-82.476932,200,8532.190569
-44.817822,200,8561.192144
-43.866673,200,8563.325455
-49.281318,200,8565.668204
-47.638016,200,8568.01888
-90.098283,200,8570.149157
-55.383038,200,8572.349274
-89.22803,200,8582.806252
-47.98433,200,8610.000468
-47.415269,200,8612.204559
-45.30229,200,8614.385709
-80.221539,200,8618.228405
-48.570664,200,8620.549182
-41.145225,200,8622.823088
-53.336403,200,8625.016203
-87.994238,200,8627.278162
-47.174998,200,8629.588969
-51.710476,200,8656.855479
-51.139193,200,8667.281122
-55.416799,200,8669.564998
-52.757708,200,8697.1306
-52.090041,200,8709.433604
-51.18301,200,8711.713482
-69.737476,200,8713.883686
-33.498782,200,8716.357069
-64.285253,200,8744.043378
-61.200025,200,8746.293369
-42.375187,200,8748.534335
-108.569906,200,8775.943092
-47.270904,200,8778.391535
-56.686886,200,8780.802063
-52.665087,200,8783.368182
-56.958854,200,8812.049355
-49.790105,200,8822.67586
-51.642337,200,8824.845043
-108.629601,200,8835.332923
-45.015716,200,8840.751393
-91.324832,200,8868.072883
-52.303238,200,8870.445527
-40.394679,200,8872.8451
-50.292847,200,8883.646176
-40.076046,200,8886.0178
-62.901449,200,8897.991709
-54.215627,200,8900.366341
-64.335834,200,8911.069668
-59.528954,200,8921.962568
-77.975247,200,8932.69243
-49.136354,200,8935.015202
-72.173199,200,8962.276678
-63.794602,200,8989.820861
-53.08935,200,8992.120647
-43.348829,200,8994.443428
-123.436298,200,9023.037389
-55.408132,200,9025.15067
-50.718325,200,9027.361721
-57.284577,200,9038.025136
-58.298236,200,9040.329935
-94.650916,200,9067.759723
-49.205022,200,9070.198161
-54.806006,200,9072.661532
-49.643743,200,9074.901534
-57.965869,200,9077.004857
-59.295644,200,9080.729851
-55.584178,200,9108.276833
-62.459547,200,9119.010936
-82.008524,200,9146.31854
-94.596991,200,9173.643129
-75.895676,200,9175.873129
-58.792032,200,9178.216825
-87.453671,200,9205.504118
-60.76604,200,9216.31803
-50.519495,200,9218.512116
-58.402551,200,9220.949596
-61.448029,200,9224.453131
-99.47212,200,9226.675152
-84.474718,200,9254.029203
-73.537598,200,9256.407804
-116.548149,200,9266.9415
-65.085533,200,9277.557967
-71.78179,200,9279.751067
-97.39763,200,9307.475503
-45.805032,200,9309.892002
-47.94501,200,9312.258635
-57.766161,200,9341.137053
-52.153716,200,9343.44883
-54.626214,200,9349.499551
-50.763779,200,9351.841253
-63.634888,200,9354.22384
-53.846584,200,9356.512686
-54.411098,200,9358.987025
-102.766481,200,9386.277322
-41.486157,200,9388.561207
-57.404036,200,9390.862984
-50.379197,200,9419.677485
-48.078,200,9422.075064
-63.679384,200,9424.1694
-51.258615,200,9451.614674
-114.981501,200,9478.812651
-72.025765,200,9481.197228
-51.563617,200,9483.361376
-53.701269,200,9485.789842
-128.144937,200,9513.223849
-38.605071,200,9515.52064
-91.967613,200,9519.351334
-54.624712,200,9521.821688
-50.586488,200,9524.231235
-113.407162,200,9534.778827
-48.813003,200,9561.98361
-51.363296,200,9564.264474
-53.803649,200,9591.678792
-49.654434,200,9594.050412
-45.462225,200,9621.35511
-115.249476,200,9632.019422
-108.775391,200,9634.45091
-64.946071,200,9638.460159
-52.052993,200,9640.906576
-34.922889,200,9643.254231
-79.70792,200,9645.404447
-79.01702,200,9647.539702
-45.509057,200,9649.793655
-71.324467,200,9652.07251
-60.40899,200,9679.751914
-47.595338,200,9682.077657
-48.497637,200,9684.559979
-50.113412,200,9688.225119
-116.393626,200,9715.796735
-45.436085,200,9718.040698
-39.32294,200,9720.327563
-58.505784,200,9722.573504
-64.133522,200,9749.932569
-42.953013,200,9752.161661
-61.341398,200,9754.629042
-49.366906,200,9765.127794
-68.582895,200,9767.367771
-45.600626,200,9771.115672
-59.313788,200,9773.613952
-52.87049,200,9801.716591
-100.465924,200,9803.819928
-57.814041,200,9831.232359
-61.383153,200,9833.487321
-62.23885,200,9835.758215
-43.92966,200,9838.116847
-85.750504,200,9865.437108
-65.192632,200,9867.866605
-104.135733,200,9896.630058
-64.312524,200,9923.848368
-53.319654,200,9926.191061
-51.666245,200,9928.432033
-57.395091,200,9930.790695
-98.354817,200,9933.074546
-72.792121,200,9960.105854
-46.202907,200,9962.542731
-24.006247,200,9988.926807
-105.282555,200,9991.051263
-67.561532,200,9993.206973
-63.869235,200,9997.002867
-51.401491,200,9998.93991
-44.947367,200,10025.19474
-96.668236,200,10051.375679
-91.697258,200,10053.531358
-44.920603,200,10055.827689
-58.541661,200,10058.045881
-37.252432,200,10060.24844
-55.277356,200,10086.866785
-66.091379,200,10089.022493
-52.906054,200,10117.171659
-44.623265,200,10119.436747
-56.05924,200,10121.483096
-47.179945,200,10123.873122
-56.846916,200,10126.122589
-56.761265,200,10152.319118
-60.155233,200,10154.443586
-57.191252,200,10180.827634
-70.735956,200,10183.077044
-69.357942,200,10185.170269
-65.884872,200,10188.747498
-91.868811,200,10190.91883
-91.787437,200,10217.256019
-40.092078,200,10219.505454
-38.745274,200,10221.739269
-42.458059,200,10232.017917
-51.601311,200,10234.392356
-63.77389,200,10236.579308
-46.691027,200,10239.031819
-59.252089,200,10265.322108
-36.72244,200,10268.961839
-48.231671,200,10271.164395
-77.652865,200,10273.429453
-79.650366,200,10275.819479
-92.480295,200,10277.990789
-51.581056,200,10280.287112
-48.257944,200,10282.427172
-47.416479,200,10308.920568
-75.885478,200,10311.06063
-46.96083,200,10313.544397
-50.096183,200,10317.105992
-53.001288,200,10319.24608
-49.845444,200,10321.339307
-52.583704,200,10323.713752
-53.621381,200,10349.925929
-67.467877,200,10360.188987
-70.314211,200,10362.454069
-92.285519,200,10372.576509
-55.722565,200,10374.872809
-41.959411,200,10377.059764
-82.355439,200,10403.443785
-42.405521,200,10407.28657
-54.399418,200,10409.629742
-73.096754,200,10411.957276
-49.007144,200,10414.191092
-50.921516,200,10416.503014
-52.003852,200,10442.855792
-50.255131,200,10445.152091
-127.954893,200,10471.286179
-53.207786,200,10481.549238
-42.936188,200,10483.783055
-38.932751,200,10487.422772
-62.819317,200,10489.734693
-50.293265,200,10491.937267
-73.358977,200,10502.21596
-56.827219,200,10504.55911
-52.399035,200,10506.6992
-45.052494,200,10508.948637
-67.998934,200,10511.041864
-175.473937,200,10521.336137
-56.795575,200,10523.491876
27.250871,200,10551.375501
-38.286906,200,10553.546866
-67.409827,200,10579.821514
-58.210701,200,10606.377374
-57.726366,200,10632.808296
-67.800345,200,10643.149457
-69.646243,200,10645.461353
-86.711424,200,10671.611094
-52.665679,200,10681.874153
-56.116098,200,10684.10797
-72.241609,200,10687.74768
-52.11387,200,10690.012745
-62.483414,200,10692.387153
-28.86134,200,10694.63659
-32.243919,200,10697.214067
-43.692187,200,10707.570852
-96.25063,200,10718.068198
-48.56086,200,10720.364529
-58.79378,200,10722.660828
-35.417211,200,10725.082106
-54.465349,200,10727.503371
-47.52629,200,10731.143086
-47.27083,200,10733.376899
-69.855474,200,10759.651582
-50.409285,200,10762.150959
-79.66724,200,10788.488131
-54.443891,200,10790.690703
-55.746119,200,10801.094352
-62.836193,200,10827.525255
-62.554735,200,10829.634069
-50.815469,200,10832.039747
-68.285877,200,10835.773193
-55.302072,200,10837.850766
-50.996228,200,10864.109859
-38.795205,200,10866.343676
-45.695112,200,10868.702464
-38.161325,200,10895.148951
-67.620835,200,10897.25783
-37.942403,200,10899.632236
-54.134827,200,10901.881673
-43.337494,200,10904.021763
-51.315914,200,10907.864552
-88.701623,200,10934.279828
-80.05782,200,10960.679488
-37.186926,200,10962.913311
-44.891846,200,10973.145118
-70.195474,200,10999.49791
-92.605562,200,11009.714103
-52.761088,200,11036.3637
-87.388768,200,11046.486142
-44.094023,200,11048.704338
-52.573407,200,11052.328549
-66.822867,200,11054.468641
-43.929895,200,11056.577481
-55.493747,200,11058.998747
-74.775193,200,11085.585866
-44.163651,200,11112.141712
-47.905594,200,11138.369571
-40.284501,200,11148.710741
-55.934717,200,11151.053924
-53.900059,200,11161.379457
-61.89931,200,11188.075918
-33.297436,200,11199.729357
-54.886591,200,11201.822583
-52.666813,200,11204.165744
-77.435612,200,11230.815349
-28.392673,200,11257.277497
-56.584554,200,11259.401966
-123.883301,200,11286.02033
-62.454543,200,11288.222895
-60.266712,200,11290.597308
-101.672975,200,11301.00096
-42.327019,200,11304.656271
-130.858123,200,11331.274628
-52.962095,200,11333.617822
-73.280026,200,11360.06435
-57.700369,200,11362.18882
-54.541738,200,11364.594442
-74.733024,200,11374.857509
-61.923826,200,11377.185054
-33.275207,200,11380.199929
-59.302597,200,11382.465017
-38.570502,200,11394.321436
-77.807611,200,11420.799185
-50.227231,200,11422.908069
-65.234664,200,11425.251203
-28.464319,200,11427.531914
-44.898207,200,11434.264606
-38.676524,200,11436.467155
-68.931304,200,11462.78875
-64.329554,200,11465.131916
-69.492222,200,11467.272005
-73.778011,200,11495.093168
-47.182358,200,11497.295784
-54.01317,200,11499.607705
-67.288273,200,11501.888351
-59.174546,200,11504.044076
-47.588559,200,11506.309182
-66.127061,200,11532.474542
-60.128458,200,11534.552113
-46.960598,200,11536.957792
-27.526738,200,11539.175991
-72.591522,200,11565.497554
-48.858065,200,11569.277862
-41.383297,200,11571.574147
-81.159316,200,11573.88606
-38.700584,200,11576.213633
-72.893883,200,11578.478665
-84.668875,200,11604.675294
-33.668264,200,11615.047707
-86.779729,200,11641.775406
-60.035993,200,11644.071722
-43.458895,200,11670.315184
-44.72471,200,11682.234062
-65.241397,200,11684.452324
-55.852416,200,11686.639279
-42.569407,200,11688.935586
-53.233065,200,11691.200615
-72.933677,200,11717.490943
-66.800637,200,11727.879009
-61.305081,200,11730.034725
-81.794906,200,11732.065466
-66.109728,200,11734.236801
-39.539918,200,11738.017109
-60.835753,200,11764.338651
-42.096852,200,11774.789173
-77.987409,200,11801.09515
-74.662729,200,11803.34459
-46.524422,200,11805.484684
-49.018557,200,11815.747754
-63.079057,200,11826.01083
-57.454744,200,11828.197777
-38.172897,200,11854.456862
-59.21013,200,11858.22155
-71.969508,200,11884.589984
-40.54878,200,11886.980013
-51.007726,200,11889.198213
-51.331835,200,11891.525757
-65.384516,200,11893.806438
-58.410646,200,11920.237355
-54.91822,200,11922.439933
-46.722945,200,11948.777131
-43.991298,200,11950.917217
-51.352574,200,11961.289636
-51.333207,200,11964.960618
-66.680429,200,11975.348609
-61.672553,200,11977.754262
-47.685061,200,11979.909976
-76.150242,200,11982.159417
-46.586251,200,11984.393274
-59.184133,200,11994.562609
-64.665362,200,12020.821704
-56.992946,200,12023.133605
-42.099041,200,12025.429933
-44.576457,200,12029.272726
-64.980844,200,12055.594303
-41.269402,200,12065.810518
-79.569694,200,12092.569484
-40.109321,200,12094.912649
-45.466228,200,12097.537009
-75.634441,200,12099.661474
-50.398299,200,12102.0515
-47.371244,200,12104.410258
-57.93222,200,12106.659699
-54.291649,200,12110.471252
-42.696575,200,12120.890535
-43.436608,200,12147.33711
-56.368039,200,12149.570922
-42.48325,200,12151.711027
-45.944552,200,12154.085431
-59.403326,200,12156.334871
-76.018344,200,12158.553072
-36.212385,200,12168.987976
-75.67243,200,12195.372038
-53.745778,200,12199.042971
-46.609197,200,12201.245576
-92.663327,200,12227.785843
-44.925107,200,12229.988426
-63.493849,200,12256.434974
-63.309511,200,12282.600318
-46.441446,200,12284.865408
-44.431294,200,12311.155753
-33.939264,200,12321.512523
-88.799249,200,12331.494445
-44.450336,200,12333.712644
-82.952398,200,12337.196125
-105.159852,200,12339.539321
-55.968258,200,12349.739915
-53.885712,200,12352.020593
-65.933929,200,12354.301278
-49.527789,200,12380.622832
-45.049784,200,12382.794196
-44.206673,200,12385.012395
-67.247403,200,12387.261807
-48.075828,200,12389.542518
-47.829101,200,12393.104136
-75.830795,200,12419.941213
-23.428774,200,12446.090992
-22.684576,200,12448.371648
-45.465731,200,12458.69721
-66.502018,200,12460.931026
-53.639207,200,12463.149225
-56.830508,200,12468.304195
-35.559384,200,12478.520409
-56.631796,200,12480.707364
-54.931191,200,12484.331463
0.911995,200,12510.528075
-45.742108,200,12512.668165
-28.940075,200,12539.036599
-81.717708,200,12541.192337
-37.774311,200,12543.332419
6.765504,200,12570.513143
-88.619174,200,12580.776246
-60.701728,200,12583.150637
-16.323605,200,12585.462583
-23.676228,200,12589.133546
-47.650738,200,12615.705076
-57.568444,200,12617.938896
-52.622694,200,12628.42066
-47.360199,200,12654.742253
-45.824572,200,12656.851105
-68.824399,200,12667.114181
-36.138249,200,12694.154345
-66.962734,200,12720.491547
-42.01924,200,12722.709751
-44.12833,200,12726.505683
-52.877721,200,12728.848849
-65.16042,200,12739.033822
-57.288115,200,12741.033321
-68.050013,200,12767.276779
-81.663075,200,12777.446162
-77.893772,200,12803.767749
-67.269328,200,12806.01716
-55.457701,200,12808.297872
-67.178895,200,12812.531207
-72.069426,200,12822.856756
-116.089189,200,12850.537393
-91.229557,200,12852.786836
-64.698564,200,12855.020657
-52.791404,200,12857.238856
-59.158724,200,12859.425839
-69.60007,200,12861.628418
-64.205244,200,12863.752941
-44.650918,200,12890.121399
-31.991963,200,12892.261493
-33.109815,200,12894.526547
-79.242788,200,12898.322488
-51.340152,200,12901.696651
-52.355169,200,12904.03982
-51.27417,200,12906.41423
-22.634426,200,12916.677314
-64.470185,200,12918.84865
-122.173081,200,12920.941882
-47.11782,200,12923.050734
-65.907301,200,12949.59105
-69.945503,200,12951.887355
-34.391713,200,12963.571957
-60.19237,200,12973.897521
-48.538787,200,13000.625264
-83.079548,200,13002.702881
-16.100923,200,13029.414967
-47.564257,200,13039.678044
-37.607845,200,13041.990006
-52.975319,200,13044.176928
-36.627392,200,13046.520096
-34.496763,200,13050.503482
-47.401102,200,13054.236933
-73.761673,200,13056.455145
-54.248632,200,13082.761117
-45.405581,200,13109.09836
-41.004076,200,13111.316562
-52.152661,200,13137.481931
-59.033922,200,13139.731387
-132.465649,200,13166.521615
-74.823716,200,13176.675348
-37.907552,200,13178.752928
-71.062228,200,13205.558811
-59.031874,200,13209.370366
-39.644421,200,13211.822883
-37.498064,200,13214.150433
-44.470237,200,13216.399874
-34.215463,200,13218.664936
-47.80371,200,13244.720948
-32.997271,200,13254.937196
-61.492178,200,13281.321278
-53.838723,200,13291.615603
-166.719893,200,13317.952793
-70.549748,200,13321.592543
-42.66964,200,13323.920091
-42.252215,200,13326.060157
-42.151191,200,13352.569238
-58.582508,200,13354.81868
-25.408147,200,13357.052505
-76.043878,200,13383.514663
-43.211946,200,13410.304934
-43.255556,200,13412.507513
-41.04676,200,13439.063419
-43.090748,200,13442.703113
-47.04196,200,13444.999418
-60.529278,200,13471.367915
-48.492296,200,13473.523632
-56.159853,200,13475.804288
-57.534623,200,13478.31932
-57.634146,200,13480.693735
-83.461797,200,13507.124657
-66.311242,200,13533.493155
-57.288152,200,13559.814758
-50.739201,200,13563.62633
-71.782412,200,13589.885443
-97.5553,200,13616.066459
-50.25941,200,13618.284661
-48.115915,200,13620.50286
-66.194102,200,13622.705457
-63.17418,200,13624.89237
-50.279923,200,13627.235567
-47.359412,200,13653.49469
-54.983453,200,13655.697282
-41.274969,200,13657.946684
-51.663803,200,13661.664543
-50.8213,200,13670.303033
-62.643427,200,13696.687119
-48.91934,200,13706.872069
-51.027325,200,13709.105891
-35.095863,200,13711.324092
-109.971538,200,13737.67697
-39.530599,200,13740.004518
-53.05694,200,13742.394548
-54.158669,200,13769.106687
-165.456256,200,13796.56864
-47.715919,200,13799.005534
-63.644991,200,13801.317465
-60.335745,200,13811.689898
-52.728354,200,13837.917751
-91.028325,200,13864.208158
-67.21596,200,13871.237657
-55.195378,200,13873.408995
-51.399271,200,13875.658449
-51.614082,200,13878.01723
-79.370161,200,13905.83844
-36.225106,200,13908.165989
-52.188019,200,13910.556022
-34.191888,200,13912.930462
-54.761735,200,13915.117436
-44.994124,200,13925.458583
-40.399261,200,13951.748978
-54.81725,200,13953.951558
-67.742986,200,13956.122896
-31.057634,200,13966.417222
-34.336621,200,13978.054966
-44.456305,200,13980.335624
-58.144128,200,13990.614361
-51.661592,200,14000.721233
-95.263586,200,14004.564033
-111.024657,200,14030.729428
-56.984141,200,14032.853883
-92.858863,200,14059.503567
-67.572836,200,14061.690524
-64.096867,200,14063.955582
-54.010779,200,14074.218668
-49.430884,200,14077.795926
-87.777751,200,14079.982867
-69.833228,200,14106.320076
-62.175079,200,14108.632031
-59.479076,200,14135.656599
-53.381693,200,14137.827933
-122.47984,200,14164.227656
-57.595758,200,14191.330327
-37.998065,200,14193.439182
-68.561187,200,14195.860468
-58.776145,200,14199.656394
-43.745283,200,14201.765247
-35.751599,200,14227.915001
-52.25381,200,14229.99264
-28.220588,200,14256.579814
-44.533183,200,14258.985474
-54.824028,200,14261.172429
-60.269429,200,14263.406251
-41.740878,200,14267.155325
-39.371283,200,14269.639085
-42.212256,200,14273.388159
-65.431403,200,14275.746949
-32.434849,200,14286.025669
-44.376007,200,14312.394138
-28.861423,200,14314.721728
-48.801396,200,14316.893068
-57.031425,200,14318.939435
-31.431908,200,14321.204507
-52.8925,200,14323.40708
-43.625917,200,14325.687736
-42.159904,200,14329.296247
-74.813693,200,14339.559334
-40.336226,200,14341.84002
-58.944246,200,14344.245646
-38.407711,200,14354.508734
-41.323344,200,14356.836311
-66.462613,200,14359.08574
-39.725182,200,14385.469831
-53.892872,200,14387.703654
-51.209979,200,14396.795158
-35.275954,200,14423.272989
-42.554141,200,14427.022092
-67.481867,200,14429.31837
-95.119461,200,14439.503383
-52.545718,200,14441.690342
-45.722348,200,14467.715162
-56.167334,200,14470.011439
-51.518521,200,14496.317438
-42.23138,200,14522.764056
-40.154208,200,14525.138469
-40.786877,200,14527.3879
-40.047008,200,14531.136987
-20.735461,200,14533.589507
-25.290673,200,14535.745224
-39.056166,200,14538.119637
-81.452223,200,14540.337841
-50.793492,200,14542.477935
-27.278186,200,14568.846422
-57.011677,200,14595.449228
-40.885288,200,14621.833294
-63.901783,200,14623.8797
-64.308565,200,14635.626767
-64.367624,200,14637.766886
-46.395694,200,14639.953846
-69.89382,200,14642.09398
-54.691735,200,14652.185244
-55.2609,200,14678.41313
-21.783349,200,14680.615711
-79.033979,200,14682.833913
-37.996366,200,14685.145843
-72.184089,200,14711.389361
-159.466441,200,14723.042705
-60.334057,200,14725.292181
-51.921365,200,14727.572843
-59.432943,200,14729.853547
-18.478782,200,14731.993648
-35.746746,200,14734.727349
-36.16874,200,14737.054906
-25.583163,200,14739.413689
-69.022176,200,14741.663123
-63.081052,200,14744.006308
-48.724227,200,14754.347504
-42.040322,200,14766.016503
-42.646032,200,14768.297184
-111.286457,200,14794.946853
-62.097875,200,14797.133813
-57.894729,200,14823.408579
-88.745889,200,14849.933276
-44.426857,200,14852.135859
-52.279352,200,14878.769906
-138.884165,200,14889.032997
-49.337796,200,14891.376167
-53.17573,200,14894.84407
-63.006656,200,14921.275035
-59.78668,200,14923.368245
-40.945034,200,14925.664575
-100.931891,200,14928.007748
-32.372554,200,14930.350923
-98.993248,200,14940.738981
-81.962978,200,14942.800969
-59.696032,200,14969.122597
-71.143531,200,14995.725411
-42.323949,200,15007.613072
-53.410574,200,15009.690685
-56.286918,200,15012.049507
-43.201702,200,15038.277411
-64.787676,200,15064.427208
-25.205019,200,15066.72352
-57.669423,200,15068.972933
-82.33118,200,15071.097409
-86.77042,200,15073.284401
-54.103866,200,15083.719323
-58.305364,200,15111.415615
-64.234528,200,15113.790029
-47.165729,200,15124.068745
-52.009935,200,15126.286945
-74.853332,200,15152.733546
-69.762367,200,15154.904885
-34.185443,200,15157.326164
-18.5931,200,15159.559989
-48.886318,200,15185.709785
-57.458432,200,15191.677065
-41.488375,200,15219.310842
-55.810114,200,15245.741849
-60.129771,200,15248.006924
-63.102212,200,15250.209495
-82.339749,200,15252.474562
-55.841287,200,15254.614659
-74.838775,200,15256.879726
-43.886547,200,15259.066687
-89.091505,200,15285.2477
-48.539075,200,15287.497175
-60.391686,200,15313.97502
-58.843428,200,15317.661581
-59.818828,200,15327.893462
-61.392903,200,15354.34008
-61.621759,200,15356.542617
-32.472485,200,15358.807712
-50.295074,200,15361.103992
-48.378447,200,15363.369087
-54.261062,200,15365.587293
-58.230734,200,15391.971408
-49.234361,200,15394.080263
-58.199809,200,15402.671894
-75.659771,200,15404.890068
-70.171326,200,15407.201998
-29.01354,200,15409.623306
-73.970994,200,15435.960559
-50.142029,200,15446.176789
-68.575232,200,15472.685876
-62.458616,200,15474.872808
-50.611541,200,15500.944531
-48.820733,200,15503.178366
-40.41281,200,15506.958644
-65.611442,200,15509.067529
-60.44445,200,15519.096308
-19.882383,200,15545.433559
-57.656192,200,15572.176969
-66.578883,200,15574.442039
-74.394921,200,15584.767586
-44.322513,200,15587.048303
-54.847596,200,15589.344584
-38.863126,200,15591.765862
-54.13343,200,15595.343135
-67.387238,200,15605.559366
-42.482945,200,15608.027508
-41.990702,200,15610.151984
-47.903814,200,15620.586901
-64.980491,200,15622.742633
-36.955065,200,15625.007699
-43.863136,200,15632.099709
-66.685827,200,15658.468204
-25.38231,200,15684.821085
-62.817363,200,15687.023671
-48.408687,200,15690.522803
-62.155719,200,15692.569175
-67.420269,200,15694.787399
-51.755359,200,15704.972369
-39.694517,200,15712.423629
-65.108508,200,15738.917139
-68.850609,200,15740.99474
-62.652458,200,15748.383517
-67.596006,200,15758.646648
-42.655945,200,15785.390058
-47.317644,200,15813.164457
-63.811516,200,15815.179585
-74.208651,200,15841.969857
-48.885033,200,15844.344273
-52.361446,200,15846.578097
-48.774787,200,15848.655711
-46.125987,200,15850.920764
-64.247987,200,15853.014014
-67.364223,200,15855.279079
-37.40534,200,15881.647584
-55.295076,200,15885.396631
-47.584729,200,15887.739833
-39.300902,200,15890.114251
-46.569255,200,15916.84204
-52.394483,200,15918.966486
-56.960406,200,15929.19837
-63.100692,200,15955.504411
-55.747084,200,15957.675703
-37.121973,200,15959.940797
-47.159424,200,15962.205864
-42.877716,200,15965.814352
-57.584918,200,15992.089127
-59.368794,200,16018.582602
-43.805545,200,16028.892545
-43.827638,200,16039.061944
-23.599987,200,16065.258604
-47.611701,200,16067.461173
-58.344249,200,16069.773119
-73.139253,200,16080.004972
-68.351328,200,16082.207555
-43.884805,200,16108.622922
-49.298459,200,16112.434455
-48.494583,200,16138.849852
-42.231808,200,16165.530782
-39.237324,200,16175.653291
-37.383272,200,16202.068665
-48.883115,200,16204.318082
-72.826725,200,16206.489451
-41.568093,200,16232.608022
-47.220182,200,16234.85744
-58.419081,200,16261.147879
-41.280456,200,16264.881329
-66.24917,200,16267.130775
-37.22992,200,16269.395842
13.774475,200,16295.873672
-48.706394,200,16298.12317
-50.502292,200,16301.169274
-44.128584,200,16327.975174
-69.05336,200,16353.968748
-55.729742,200,16361.560659
-39.547291,200,16387.851063
-61.966785,200,16391.600139
-60.115709,200,16401.707028
-34.921027,200,16404.097035
-44.309684,200,16410.517366
-84.05242,200,16437.120189
-58.438568,200,16439.354011
-65.476394,200,16465.613174
-43.24341,200,16467.909481
-49.622981,200,16470.362011
-45.191848,200,16472.736393
-38.860197,200,16476.376123
-125.273091,200,16503.057087
-46.56308,200,16505.244049
-50.782402,200,16507.634085
-39.006142,200,16509.992881
-54.831731,200,16512.195463
-24.756181,200,16538.688946
-40.516317,200,16541.141467
-43.938613,200,16543.344022
-95.271978,200,16553.747741
-68.729503,200,16555.794112
-27.891062,200,16559.652509
-78.431212,200,16561.823879
-39.707397,200,16588.536038
-28.216694,200,16590.769881
-55.79662,200,16593.050563
-51.159038,200,16595.362473
-59.165831,200,16597.377615
-65.21077,200,16599.611456
-57.777242,200,16626.339256
-54.279714,200,16652.660877
-48.102347,200,16656.34747
-138.427758,200,16682.762861
-32.612524,200,16709.240735
-44.431405,200,16711.490182
-47.627323,200,16713.708386
-49.10502,200,16716.098423
-30.003483,200,16718.363491
-59.108477,200,16728.876528
-50.095332,200,16755.401294
-45.092354,200,16757.635156
-69.073306,200,16761.462303
-80.980759,200,16763.571189
-65.169521,200,16765.820635
-56.083434,200,16792.189152
-46.032523,200,16801.186909
-23.860916,200,16803.358279
-62.873444,200,16829.992354
27.642797,200,16836.959396
-33.661414,200,16839.24006
-65.801514,200,16841.536391
-73.940634,200,16869.435779
-52.630799,200,16895.913682
-58.745415,200,16906.42675
-34.393748,200,16908.644955
-49.891062,200,16915.736961
-20.341486,200,16918.158241
-53.289631,200,16920.392041
-30.705913,200,16930.56144
-62.419004,200,16932.810858
-125.06912,200,16959.241888
-60.186251,200,16961.616274
-39.522654,200,16965.302905
-3.800811,200,16975.472311
-28.960706,200,16985.766622
-51.320299,200,16987.8911
-50.422729,200,16990.203063
-65.093372,200,16992.421264
-45.666315,200,17018.711645
-20.406374,200,17020.945472
-69.311917,200,17047.517062
-55.748947,200,17057.998889
-45.670214,200,17061.341788
-70.387227,200,17063.481916
-50.881705,200,17065.684499
-22.695861,200,17068.043316
-45.88998,200,17094.583648
-55.790095,200,17120.905276
-52.553745,200,17123.185994
-34.374587,200,17133.589687
-65.342129,200,17160.067557
-24.534878,200,17162.457566
-60.409792,200,17190.231991
-54.826272,200,17192.434603
-58.240245,200,17202.822681
-44.153921,200,17205.197092
-62.996445,200,17207.337196
-74.680541,200,17209.570991
-55.362824,200,17211.867386
-54.913952,200,17214.085619
-49.253071,200,17216.397551
-74.675152,200,17218.693862
-36.402752,200,17222.380427
-33.291519,200,17240.782184
-51.608121,200,17242.906664
-49.79401,200,17253.076038
-47.464056,200,17255.466075
-47.046064,200,17265.666697
-60.427972,200,17267.744308
-46.793306,200,17270.071862
-35.835738,200,17272.368172
-39.088155,200,17274.570726
-40.040765,200,17276.742098
-45.650586,200,17280.209966
-61.792809,200,17282.490686
-50.971096,200,17284.646407
-27.975817,200,17286.817747
-27.473209,200,17289.129679
-119.689249,200,17315.451307
-51.770227,200,17317.560194
-57.024671,200,17319.872128
-53.800244,200,17346.006319
-19.571356,200,17348.130797
-40.48375,200,17351.81742
-45.291124,200,17354.082488
-16.194019,200,17356.519389
-53.283478,200,17358.768838
-71.563271,200,17361.127635
-37.888798,200,17363.470808
-56.251312,200,17374.108819
-53.999924,200,17376.342646
-59.772301,200,17402.867384
-7.905197,200,17405.194944
-70.346863,200,17433.484869
-46.364321,200,17435.859314
-74.033465,200,17446.169281
-48.746671,200,17448.356216
-71.984352,200,17450.652528
-20.805096,200,17460.821927
-64.806787,200,17470.928797
-45.109602,200,17473.240757
-78.529229,200,17483.581967
-53.683005,200,17509.934841
-96.012854,200,17521.603854
-77.600569,200,17523.853325
-8.913809,200,17550.284333
-39.873749,200,17576.465374
-60.278121,200,17578.730471
-40.629991,200,17582.292068
-58.370359,200,17584.479031
-67.959735,200,17594.632786
-48.524318,200,17596.788507
-73.519115,200,17598.991092
-54.757783,200,17602.474611
-40.539413,200,17604.802164
-34.160686,200,17607.114124
-33.845704,200,17609.347922
-46.989474,200,17611.472429
-56.369258,200,17613.612529
-42.463232,200,17639.949809
-45.375026,200,17642.277363
-40.451237,200,17644.63616
-36.132597,200,17646.885649
-60.576792,200,17673.347952
-80.582604,200,17677.097028
-62.428555,200,17687.313242
-53.238038,200,17689.57834
-50.799744,200,17691.874655
-42.833949,200,17718.461844
-34.701698,200,17745.033445
-84.64068,200,17771.542562
-51.747576,200,17773.729525
-42.059999,200,17799.973111
-67.986874,200,17802.409996
-109.34031,200,17830.262549
-75.673223,200,17856.490454
-33.887027,200,17883.015221
-52.592928,200,17885.139671
-29.090702,200,17887.420361
-20.714581,200,17889.716672
-42.374719,200,17891.903635
-51.065063,200,17918.240947
-54.006724,200,17928.363457
-47.469343,200,17954.560154
-57.673016,200,17958.309237
-66.93915,200,17960.589925
-46.153183,200,17963.04245
-50.926922,200,17965.151308
-43.077529,200,17967.494452
-42.794319,200,17969.697066
-63.650825,200,17971.868379
-66.722373,200,17974.070963
-59.72757,200,18000.95499
-71.402955,200,18027.292307
-44.673374,200,18030.916414
-41.595193,200,18033.212697
-76.21285,200,18043.678878
-33.69285,200,18046.037708
-64.995935,200,18048.271535
-40.647135,200,18050.755299
-49.824432,200,18052.895399
-59.044751,200,18055.097983
-81.903797,200,18057.331811
-42.574668,200,18059.518802
-2.436934,200,18085.902924
-98.110352,200,18097.650071
-48.590296,200,18099.946379
-46.599404,200,18110.38132
-47.038987,200,18112.615118
-51.306457,200,18114.755217
-43.554912,200,18116.973422
-38.043271,200,18127.330294
-49.219029,200,18129.501628
-22.91484,200,18139.686598
-65.45207,200,18141.951697
-47.257361,200,18145.763263
-61.356653,200,18148.028329
-58.084681,200,18150.199672
-10.300395,200,18152.464714
-37.504272,200,18154.698541
-55.658314,200,18157.072984
-52.390267,200,18159.369297
-60.409232,200,18161.556255
-63.647168,200,18163.821338
-128.420402,200,18190.189857
-47.591418,200,18193.892075
-68.059202,200,18220.479299
-63.775577,200,18222.713125
-58.046865,200,18224.962557
-61.567178,200,18227.21202
-60.200769,200,18229.508332
-56.638292,200,18231.773401
-68.815854,200,18233.897888
-42.495576,200,18235.975494
-42.323037,200,18238.178079
-53.565694,200,18241.92716
-45.022052,200,18244.22347
-48.770774,200,18270.920045
-61.480777,200,18297.429167
-58.747668,200,18299.631754
-56.758165,200,18301.678124
-65.76021,200,18303.911955
-47.971467,200,18306.17702
-49.253084,200,18308.379578
-55.502506,200,18310.691536
-21.972412,200,18337.497488
-74.371637,200,18349.119609
-65.097193,200,18354.946333
-56.039799,200,18357.508204
-53.106763,200,18384.095406
-60.700692,200,18410.463934
-44.485292,200,18412.588413
-40.937381,200,18414.93159
-14.768636,200,18425.179106
-55.379033,200,18435.426561
-134.457867,200,18461.93571
-59.363334,200,18465.528579
-46.307529,200,18467.918619
-31.252631,200,18470.105584
-86.830816,200,18497.864398
-57.678247,200,18500.051333
-39.610749,200,18502.238296
-47.9201,200,18512.673263
-86.287642,200,18539.026145
-31.669535,200,18541.119381
-59.644502,200,18551.491865
-44.548059,200,18555.131597
-66.340686,200,18557.302939
-50.237765,200,18559.724221
-47.168982,200,18561.973674
-68.097017,200,18588.389038
-46.275762,200,18590.576032
-35.433125,200,18592.919217
-77.882969,200,18603.604057
-2.675266,200,18605.744157
-61.54788,200,18607.774909
-94.001266,200,18635.97112
-60.073998,200,18638.204946
-19.035353,200,18640.485672
-90.851111,200,18650.639465
-45.959282,200,18660.933811
-40.421351,200,18663.183265
-46.642415,200,18689.676797
-50.779102,200,18716.123439
-59.524353,200,18721.981386
-47.704046,200,18724.168339
-13.338769,200,18726.43338
-43.650165,200,18730.369944
7.914567,200,18732.697469
-45.119334,200,18742.976223
-43.011754,200,18745.194417
-67.410953,200,18747.553233
-41.593347,200,18749.83392
-47.86179,200,18752.177095
-49.452102,200,18754.520274
-41.842164,200,18756.816582
-47.855698,200,18759.159758
-67.094419,200,18762.877571
-62.070406,200,18773.125054
-75.469272,200,18775.249562
-38.661312,200,18801.508748
-55.684319,200,18811.834338
-79.159584,200,18838.171603
-35.427913,200,18864.290228
-120.545747,200,18874.756412
-46.671087,200,18879.739567
-42.147338,200,18881.895287
-52.544636,200,18885.53502
-81.29159,200,18887.768848
-47.103397,200,18889.924569
-36.53659,200,18900.218893
-36.177313,200,18902.405916
-54.309425,200,18928.602605
-98.196134,200,18954.955507
-56.435614,200,18981.386551
-68.243897,200,18983.729732
-61.70218,200,18992.540072
-70.712424,200,18996.101699
-57.299718,200,19006.317946
-55.076659,200,19008.598636
-42.471691,200,19018.752369
-52.901961,200,19028.952993
-52.148497,200,19031.171228
-38.398041,200,19033.514402
-85.937041,200,19059.976689
-69.018783,200,19070.364746
-40.78349,200,19080.752825
-54.939104,200,19082.97103
